[INFO] 2025-08-21 09:10:31,899 django.utils.autoreload:667 - Watching for file changes with StatReloader(method=- path=-)
[INFO] 2025-08-21 09:10:55,421 django.utils.autoreload:667 - Watching for file changes with StatReloader(method=- path=-)
[ERROR] 2025-08-21 09:11:02,856 django.db.backends:35 - SQL queries executed for GET /user-profile/:(method=- path=-)
[ERROR] 2025-08-21 09:11:02,856 django.db.backends:39 -   (0.002) SELECT "django_session"."session_key", "django_session"."session_data", "django_session"."expire_date" FROM "django_session" WHERE ("django_session"."expire_date" > '2025-08-21T09:11:02.781924+00:00'::timestamptz AND "django_session"."session_key" = 'otaxa5pruc96wdl5cxxmby798gy4t0mx') LIMIT 21(method=- path=-)
[WARNING] 2025-08-21 09:11:02,856 django.server:213 - "GET /user-profile/ HTTP/1.1" 401 46(method=- path=-)
[ERROR] 2025-08-21 09:11:02,870 django.db.backends:35 - SQL queries executed for GET /user-profile/:(method=- path=-)
[ERROR] 2025-08-21 09:11:02,870 django.db.backends:39 -   (0.002) SELECT "django_session"."session_key", "django_session"."session_data", "django_session"."expire_date" FROM "django_session" WHERE ("django_session"."expire_date" > '2025-08-21T09:11:02.782551+00:00'::timestamptz AND "django_session"."session_key" = 'otaxa5pruc96wdl5cxxmby798gy4t0mx') LIMIT 21(method=- path=-)
[WARNING] 2025-08-21 09:11:02,870 django.server:213 - "GET /user-profile/ HTTP/1.1" 401 46(method=- path=-)
[INFO] 2025-08-21 09:11:03,730 django.server:213 - "GET /api/params/get/ HTTP/1.1" 200 14(method=- path=-)
[INFO] 2025-08-21 09:11:03,753 django.server:213 - "GET /api/params/get/ HTTP/1.1" 200 14(method=- path=-)
[INFO] 2025-08-21 09:11:10,960 django.server:213 - "GET /csrf/ HTTP/1.1" 200 47(method=- path=-)
[INFO] 2025-08-21 09:11:10,961 django.server:213 - "GET /csrf/ HTTP/1.1" 200 47(method=- path=-)
[INFO] 2025-08-21 09:11:24,098 django.server:213 - "POST /login/ HTTP/1.1" 200 180(method=- path=-)
[INFO] 2025-08-21 09:11:24,217 django.server:213 - "GET /api/aircraft-type-details HTTP/1.1" 200 4335(method=- path=-)
[INFO] 2025-08-21 09:11:24,224 django.server:213 - "GET /api/aircraft-type-details HTTP/1.1" 200 4335(method=- path=-)
[INFO] 2025-08-21 09:11:24,479 django.server:213 - "GET /api/aircraft_masters/?include=aircraft_type HTTP/1.1" 200 285542(method=- path=-)
[INFO] 2025-08-21 09:11:24,849 django.server:213 - "GET /api/aircraft_masters/?include=aircraft_type HTTP/1.1" 200 285542(method=- path=-)
[INFO] 2025-08-21 09:11:30,838 django.server:213 - "GET /api/aircraft-details/202500008 HTTP/1.1" 200 11092(method=- path=-)
[INFO] 2025-08-21 09:11:38,464 django.server:213 - "POST /api/params/set/ HTTP/1.1" 200 95(method=- path=-)
[INFO] 2025-08-21 09:11:38,496 django.server:213 - "GET /api/aircraft_masters/201710309/?include=aircraft_type HTTP/1.1" 200 745(method=- path=-)
[INFO] 2025-08-21 09:11:38,539 django.server:213 - "GET /api/ecu_masters/?aircraft_master_id=201710309 HTTP/1.1" 200 2(method=- path=-)
[INFO] 2025-08-21 09:11:38,583 django.server:213 - "GET /api/aircraft_masters/201710309/?include=aircraft_type HTTP/1.1" 200 745(method=- path=-)
[INFO] 2025-08-21 09:11:38,623 django.server:213 - "GET /api/ecu_masters/?aircraft_master_id=201710309 HTTP/1.1" 200 2(method=- path=-)
[INFO] 2025-08-21 09:12:25,931 django.server:213 - "GET /user-profile/ HTTP/1.1" 200 180(method=- path=-)
[INFO] 2025-08-21 09:12:25,955 django.server:213 - "GET /api/params/get/ HTTP/1.1" 200 76(method=- path=-)
[INFO] 2025-08-21 09:12:25,999 django.server:213 - "GET /user-profile/ HTTP/1.1" 200 180(method=- path=-)
[INFO] 2025-08-21 09:12:26,024 django.server:213 - "GET /api/params/get/ HTTP/1.1" 200 76(method=- path=-)
[INFO] 2025-08-21 09:12:26,067 django.utils.autoreload:265 - /home/dev11/Videos/e700/backend/userprofile/views.py changed, reloading.(method=- path=-)
[INFO] 2025-08-21 09:12:26,388 django.utils.autoreload:667 - Watching for file changes with StatReloader(method=- path=-)
[INFO] 2025-08-21 09:12:29,569 django.server:213 - "GET /user-profile/ HTTP/1.1" 200 180(method=- path=-)
[INFO] 2025-08-21 09:12:29,579 django.server:213 - "GET /api/params/get/ HTTP/1.1" 200 76(method=- path=-)
[INFO] 2025-08-21 09:12:29,640 django.server:213 - "GET /api/params/get/ HTTP/1.1" 200 76(method=- path=-)
[INFO] 2025-08-21 09:12:29,687 django.server:213 - "GET /user-profile/ HTTP/1.1" 200 180(method=- path=-)
[INFO] 2025-08-21 09:12:29,719 django.server:213 - "GET /api/ecu_masters/?aircraft_master_id=201710309 HTTP/1.1" 200 2(method=- path=-)
[INFO] 2025-08-21 09:12:29,789 django.server:213 - "GET /api/aircraft_masters/201710309/?include=aircraft_type HTTP/1.1" 200 745(method=- path=-)
[INFO] 2025-08-21 09:12:29,840 django.server:213 - "GET /api/ecu_masters/?aircraft_master_id=201710309 HTTP/1.1" 200 2(method=- path=-)
[INFO] 2025-08-21 09:12:29,877 django.server:213 - "GET /api/aircraft_masters/201710309/?include=aircraft_type HTTP/1.1" 200 745(method=- path=-)
[INFO] 2025-08-21 09:12:29,957 django.server:213 - "GET /api/aircraft_masters/201710309/?include=aircraft_type HTTP/1.1" 200 745(method=- path=-)
[INFO] 2025-08-21 09:12:30,036 django.server:213 - "GET /api/aircraft_masters/201710309/?include=aircraft_type HTTP/1.1" 200 745(method=- path=-)
[INFO] 2025-08-21 09:12:31,278 django.server:213 - "GET /user-profile/ HTTP/1.1" 200 180(method=- path=-)
[INFO] 2025-08-21 09:12:31,309 django.server:213 - "GET /api/params/get/ HTTP/1.1" 200 76(method=- path=-)
[INFO] 2025-08-21 09:12:31,319 django.server:213 - "GET /api/params/get/ HTTP/1.1" 200 76(method=- path=-)
[INFO] 2025-08-21 09:12:31,383 django.server:213 - "GET /user-profile/ HTTP/1.1" 200 180(method=- path=-)
[INFO] 2025-08-21 09:12:31,417 django.server:213 - "GET /api/ecu_masters/?aircraft_master_id=201710309 HTTP/1.1" 200 2(method=- path=-)
[INFO] 2025-08-21 09:12:31,508 django.server:213 - "GET /api/aircraft_masters/201710309/?include=aircraft_type HTTP/1.1" 200 745(method=- path=-)
[INFO] 2025-08-21 09:12:31,520 django.server:213 - "GET /api/ecu_masters/?aircraft_master_id=201710309 HTTP/1.1" 200 2(method=- path=-)
[INFO] 2025-08-21 09:12:31,697 django.server:213 - "GET /api/aircraft_masters/201710309/?include=aircraft_type HTTP/1.1" 200 745(method=- path=-)
[INFO] 2025-08-21 09:12:31,786 django.server:213 - "GET /api/aircraft_masters/201710309/?include=aircraft_type HTTP/1.1" 200 745(method=- path=-)
[INFO] 2025-08-21 09:12:31,871 django.server:213 - "GET /api/aircraft_masters/201710309/?include=aircraft_type HTTP/1.1" 200 745(method=- path=-)
[INFO] 2025-08-21 09:12:33,326 django.server:213 - "GET /user-profile/ HTTP/1.1" 200 180(method=- path=-)
[INFO] 2025-08-21 09:12:33,349 django.server:213 - "GET /api/params/get/ HTTP/1.1" 200 76(method=- path=-)
[INFO] 2025-08-21 09:12:33,365 django.server:213 - "GET /user-profile/ HTTP/1.1" 200 180(method=- path=-)
[INFO] 2025-08-21 09:12:33,403 django.server:213 - "GET /api/params/get/ HTTP/1.1" 200 76(method=- path=-)
[INFO] 2025-08-21 09:12:33,441 django.server:213 - "GET /api/aircraft_masters/201710309/?include=aircraft_type HTTP/1.1" 200 745(method=- path=-)
[INFO] 2025-08-21 09:12:33,486 django.server:213 - "GET /api/ecu_masters/?aircraft_master_id=201710309 HTTP/1.1" 200 2(method=- path=-)
[INFO] 2025-08-21 09:12:33,565 django.server:213 - "GET /api/ecu_masters/?aircraft_master_id=201710309 HTTP/1.1" 200 2(method=- path=-)
[INFO] 2025-08-21 09:12:33,634 django.server:213 - "GET /api/aircraft_masters/201710309/?include=aircraft_type HTTP/1.1" 200 745(method=- path=-)
[INFO] 2025-08-21 09:12:33,719 django.server:213 - "GET /api/aircraft_masters/201710309/?include=aircraft_type HTTP/1.1" 200 745(method=- path=-)
[INFO] 2025-08-21 09:12:33,794 django.server:213 - "GET /api/aircraft_masters/201710309/?include=aircraft_type HTTP/1.1" 200 745(method=- path=-)
[INFO] 2025-08-21 09:12:53,708 django.server:213 - "GET /api/leadingParticularsOfAircraft/201710309 HTTP/1.1" 301 0(method=- path=-)
[INFO] 2025-08-21 09:12:53,807 django.server:213 - "GET /api/leadingParticularsOfAircraft/201710309/ HTTP/1.1" 200 2589(method=- path=-)
[INFO] 2025-08-21 09:13:06,564 django.server:213 - "GET /api/aircraft_masters/ HTTP/1.1" 200 214322(method=- path=-)
[INFO] 2025-08-21 09:13:06,660 django.server:213 - "GET /api/aircraft_masters/ HTTP/1.1" 200 214322(method=- path=-)
[INFO] 2025-08-21 09:13:12,037 django.server:213 - "GET /user-profile/ HTTP/1.1" 200 180(method=- path=-)
[INFO] 2025-08-21 09:13:12,053 django.server:213 - "GET /api/params/get/ HTTP/1.1" 200 76(method=- path=-)
[INFO] 2025-08-21 09:13:12,061 django.server:213 - "GET /user-profile/ HTTP/1.1" 200 180(method=- path=-)
[INFO] 2025-08-21 09:13:12,071 django.server:213 - "GET /api/params/get/ HTTP/1.1" 200 76(method=- path=-)
[INFO] 2025-08-21 09:13:12,176 django.server:213 - "GET /api/aircraft_masters/ HTTP/1.1" 200 214322(method=- path=-)
[INFO] 2025-08-21 09:13:12,272 django.server:213 - "GET /api/aircraft_masters/ HTTP/1.1" 200 214322(method=- path=-)
[INFO] 2025-08-21 09:13:12,277 django.server:213 - "GET /api/aircraft_masters/201710309/?include=aircraft_type HTTP/1.1" 200 745(method=- path=-)
[INFO] 2025-08-21 09:13:12,369 django.server:213 - "GET /api/aircraft_masters/201710309/?include=aircraft_type HTTP/1.1" 200 745(method=- path=-)
[INFO] 2025-08-21 09:14:01,700 django.server:213 - "GET /user-profile/ HTTP/1.1" 200 180(method=- path=-)
[INFO] 2025-08-21 09:14:01,709 django.server:213 - "GET /api/params/get/ HTTP/1.1" 200 76(method=- path=-)
[INFO] 2025-08-21 09:14:01,720 django.server:213 - "GET /user-profile/ HTTP/1.1" 200 180(method=- path=-)
[INFO] 2025-08-21 09:14:01,738 django.server:213 - "GET /api/params/get/ HTTP/1.1" 200 76(method=- path=-)
[INFO] 2025-08-21 09:14:01,872 django.server:213 - "GET /api/aircraft_masters/ HTTP/1.1" 200 214322(method=- path=-)
[INFO] 2025-08-21 09:14:01,952 django.server:213 - "GET /api/aircraft_masters/201710309/?include=aircraft_type HTTP/1.1" 200 745(method=- path=-)
[INFO] 2025-08-21 09:14:02,022 django.server:213 - "GET /api/aircraft_masters/ HTTP/1.1" 200 214322(method=- path=-)
[INFO] 2025-08-21 09:14:02,068 django.server:213 - "GET /api/aircraft_masters/201710309/?include=aircraft_type HTTP/1.1" 200 745(method=- path=-)
[INFO] 2025-08-21 09:14:03,723 django.server:213 - "GET /user-profile/ HTTP/1.1" 200 180(method=- path=-)
[INFO] 2025-08-21 09:14:03,754 django.server:213 - "GET /api/params/get/ HTTP/1.1" 200 76(method=- path=-)
[INFO] 2025-08-21 09:14:03,761 django.server:213 - "GET /api/params/get/ HTTP/1.1" 200 76(method=- path=-)
[INFO] 2025-08-21 09:14:03,764 django.server:213 - "GET /user-profile/ HTTP/1.1" 200 180(method=- path=-)
[INFO] 2025-08-21 09:14:03,856 django.server:213 - "GET /api/aircraft_masters/201710309/?include=aircraft_type HTTP/1.1" 200 745(method=- path=-)
[INFO] 2025-08-21 09:14:03,908 django.server:213 - "GET /api/aircraft_masters/ HTTP/1.1" 200 214322(method=- path=-)
[INFO] 2025-08-21 09:14:03,958 django.server:213 - "GET /api/aircraft_masters/201710309/?include=aircraft_type HTTP/1.1" 200 745(method=- path=-)
[INFO] 2025-08-21 09:14:04,006 django.server:213 - "GET /api/aircraft_masters/ HTTP/1.1" 200 214322(method=- path=-)
[INFO] 2025-08-21 09:14:07,717 django.server:213 - "GET /api/aircraft_masters/201710309/?include=aircraft_type HTTP/1.1" 200 745(method=- path=-)
[INFO] 2025-08-21 09:14:07,756 django.server:213 - "GET /api/ecu_masters/?aircraft_master_id=201710309 HTTP/1.1" 200 2(method=- path=-)
[INFO] 2025-08-21 09:14:07,800 django.server:213 - "GET /api/aircraft_masters/201710309/?include=aircraft_type HTTP/1.1" 200 745(method=- path=-)
[INFO] 2025-08-21 09:14:07,835 django.server:213 - "GET /api/ecu_masters/?aircraft_master_id=201710309 HTTP/1.1" 200 2(method=- path=-)
[INFO] 2025-08-21 11:09:33,458 django.server:213 - "GET /api/aircraft_masters/201710309/?include=aircraft_type HTTP/1.1" 200 745(method=- path=-)
[INFO] 2025-08-21 11:09:33,498 django.server:213 - "GET /api/ecu_masters/?aircraft_master_id=201710309 HTTP/1.1" 200 2(method=- path=-)
[INFO] 2025-08-21 11:09:33,537 django.server:213 - "GET /api/aircraft_masters/201710309/?include=aircraft_type HTTP/1.1" 200 745(method=- path=-)
[INFO] 2025-08-21 11:09:33,570 django.server:213 - "GET /api/ecu_masters/?aircraft_master_id=201710309 HTTP/1.1" 200 2(method=- path=-)
[INFO] 2025-08-21 11:09:44,428 django.server:213 - "GET /api/aircraft_masters/201710309/?include=aircraft_type HTTP/1.1" 200 745(method=- path=-)
[INFO] 2025-08-21 11:09:44,470 django.server:213 - "GET /api/ecu_masters/?aircraft_master_id=201710309 HTTP/1.1" 200 2(method=- path=-)
[INFO] 2025-08-21 11:09:44,508 django.server:213 - "GET /api/aircraft_masters/201710309/?include=aircraft_type HTTP/1.1" 200 745(method=- path=-)
[INFO] 2025-08-21 11:09:44,544 django.server:213 - "GET /api/ecu_masters/?aircraft_master_id=201710309 HTTP/1.1" 200 2(method=- path=-)
[INFO] 2025-08-21 11:21:00,779 django.server:213 - "GET /user-profile/ HTTP/1.1" 200 180(method=- path=-)
[INFO] 2025-08-21 11:21:00,793 django.server:213 - "GET /api/params/get/ HTTP/1.1" 200 76(method=- path=-)
[INFO] 2025-08-21 11:21:00,817 django.server:213 - "GET /user-profile/ HTTP/1.1" 200 180(method=- path=-)
[INFO] 2025-08-21 11:21:00,826 django.server:213 - "GET /api/params/get/ HTTP/1.1" 200 76(method=- path=-)
[INFO] 2025-08-21 11:21:00,920 django.server:213 - "GET /api/aircraft_masters/201710309/?include=aircraft_type HTTP/1.1" 200 745(method=- path=-)
[INFO] 2025-08-21 11:21:00,969 django.server:213 - "GET /api/ecu_masters/?aircraft_master_id=201710309 HTTP/1.1" 200 2(method=- path=-)
[INFO] 2025-08-21 11:21:01,006 django.server:213 - "GET /api/aircraft_masters/201710309/?include=aircraft_type HTTP/1.1" 200 745(method=- path=-)
[INFO] 2025-08-21 11:21:01,052 django.server:213 - "GET /api/ecu_masters/?aircraft_master_id=201710309 HTTP/1.1" 200 2(method=- path=-)
[INFO] 2025-08-21 11:21:01,194 django.server:213 - "GET /api/aircraft_masters/201710309/?include=aircraft_type HTTP/1.1" 200 745(method=- path=-)
[INFO] 2025-08-21 11:21:01,284 django.server:213 - "GET /api/aircraft_masters/201710309/?include=aircraft_type HTTP/1.1" 200 745(method=- path=-)
[INFO] 2025-08-21 11:28:19,858 django.server:213 - "GET /api/aircraft_masters/201710309/?include=aircraft_type HTTP/1.1" 200 745(method=- path=-)
[INFO] 2025-08-21 11:28:19,902 django.server:213 - "GET /api/ecu_masters/?aircraft_master_id=201710309 HTTP/1.1" 200 2(method=- path=-)
[WARNING] 2025-08-21 11:28:19,916 django.server:213 - "GET /public/images/migVideo.mp4 HTTP/1.1" 404 7852(method=- path=-)
[INFO] 2025-08-21 11:28:19,943 django.server:213 - "GET /api/aircraft_masters/201710309/?include=aircraft_type HTTP/1.1" 200 745(method=- path=-)
[INFO] 2025-08-21 11:28:19,977 django.server:213 - "GET /api/ecu_masters/?aircraft_master_id=201710309 HTTP/1.1" 200 2(method=- path=-)
[INFO] 2025-08-21 11:29:56,469 django.server:213 - "GET /user-profile/ HTTP/1.1" 200 180(method=- path=-)
[INFO] 2025-08-21 11:29:56,483 django.server:213 - "GET /api/params/get/ HTTP/1.1" 200 76(method=- path=-)
[INFO] 2025-08-21 11:29:56,502 django.server:213 - "GET /user-profile/ HTTP/1.1" 200 180(method=- path=-)
[INFO] 2025-08-21 11:29:56,523 django.server:213 - "GET /api/params/get/ HTTP/1.1" 200 76(method=- path=-)
[INFO] 2025-08-21 11:29:56,626 django.server:213 - "GET /api/aircraft_masters/201710309/?include=aircraft_type HTTP/1.1" 200 745(method=- path=-)
[INFO] 2025-08-21 11:29:56,677 django.server:213 - "GET /api/ecu_masters/?aircraft_master_id=201710309 HTTP/1.1" 200 2(method=- path=-)
[INFO] 2025-08-21 11:29:56,727 django.server:213 - "GET /api/aircraft_masters/201710309/?include=aircraft_type HTTP/1.1" 200 745(method=- path=-)
[INFO] 2025-08-21 11:29:56,778 django.server:213 - "GET /api/ecu_masters/?aircraft_master_id=201710309 HTTP/1.1" 200 2(method=- path=-)
[INFO] 2025-08-21 11:29:56,814 django.server:213 - "GET /api/aircraft_masters/201710309/?include=aircraft_type HTTP/1.1" 200 745(method=- path=-)
[INFO] 2025-08-21 11:29:56,887 django.server:213 - "GET /api/aircraft_masters/201710309/?include=aircraft_type HTTP/1.1" 200 745(method=- path=-)
[INFO] 2025-08-21 11:30:42,264 django.server:213 - "GET /user-profile/ HTTP/1.1" 200 180(method=- path=-)
[INFO] 2025-08-21 11:30:42,271 django.server:213 - "GET /user-profile/ HTTP/1.1" 200 180(method=- path=-)
[INFO] 2025-08-21 11:30:42,278 django.server:213 - "GET /api/params/get/ HTTP/1.1" 200 76(method=- path=-)
[INFO] 2025-08-21 11:30:42,282 django.server:213 - "GET /api/params/get/ HTTP/1.1" 200 76(method=- path=-)
[INFO] 2025-08-21 11:30:42,400 django.server:213 - "GET /api/aircraft_masters/201710309/?include=aircraft_type HTTP/1.1" 200 745(method=- path=-)
[INFO] 2025-08-21 11:30:42,459 django.server:213 - "GET /api/ecu_masters/?aircraft_master_id=201710309 HTTP/1.1" 200 2(method=- path=-)
[INFO] 2025-08-21 11:30:42,497 django.server:213 - "GET /api/aircraft_masters/201710309/?include=aircraft_type HTTP/1.1" 200 745(method=- path=-)
[INFO] 2025-08-21 11:30:43,002 django.server:213 - "GET /api/ecu_masters/?aircraft_master_id=201710309 HTTP/1.1" 200 2(method=- path=-)
[INFO] 2025-08-21 11:30:43,024 django.server:213 - "GET /api/aircraft_masters/201710309/?include=aircraft_type HTTP/1.1" 200 745(method=- path=-)
[INFO] 2025-08-21 11:30:43,215 django.server:213 - "GET /api/aircraft_masters/201710309/?include=aircraft_type HTTP/1.1" 200 745(method=- path=-)
[INFO] 2025-08-21 11:31:59,318 django.server:213 - "GET /user-profile/ HTTP/1.1" 200 180(method=- path=-)
[INFO] 2025-08-21 11:31:59,337 django.server:213 - "GET /user-profile/ HTTP/1.1" 200 180(method=- path=-)
[INFO] 2025-08-21 11:31:59,349 django.server:213 - "GET /api/params/get/ HTTP/1.1" 200 76(method=- path=-)
[INFO] 2025-08-21 11:31:59,358 django.server:213 - "GET /api/params/get/ HTTP/1.1" 200 76(method=- path=-)
[INFO] 2025-08-21 11:31:59,457 django.server:213 - "GET /api/aircraft_masters/201710309/?include=aircraft_type HTTP/1.1" 200 745(method=- path=-)
[INFO] 2025-08-21 11:31:59,498 django.server:213 - "GET /api/ecu_masters/?aircraft_master_id=201710309 HTTP/1.1" 200 2(method=- path=-)
[INFO] 2025-08-21 11:31:59,540 django.server:213 - "GET /api/aircraft_masters/201710309/?include=aircraft_type HTTP/1.1" 200 745(method=- path=-)
[INFO] 2025-08-21 11:31:59,575 django.server:213 - "GET /api/ecu_masters/?aircraft_master_id=201710309 HTTP/1.1" 200 2(method=- path=-)
[INFO] 2025-08-21 11:31:59,603 django.server:213 - "GET /api/aircraft_masters/201710309/?include=aircraft_type HTTP/1.1" 200 745(method=- path=-)
[INFO] 2025-08-21 11:31:59,682 django.server:213 - "GET /api/aircraft_masters/201710309/?include=aircraft_type HTTP/1.1" 200 745(method=- path=-)
[INFO] 2025-08-21 11:39:12,607 django.server:213 - "GET /api/aircraft_masters/201710309/?include=aircraft_type HTTP/1.1" 200 745(method=- path=-)
[INFO] 2025-08-21 11:39:12,697 django.server:213 - "GET /api/aircraft_masters/201710309/?include=aircraft_type HTTP/1.1" 200 745(method=- path=-)
[INFO] 2025-08-21 11:39:12,727 django.server:213 - "GET /api/ecu_masters/?aircraft_master_id=201710309 HTTP/1.1" 200 2(method=- path=-)
[INFO] 2025-08-21 11:39:12,809 django.server:213 - "GET /api/ecu_masters/?aircraft_master_id=201710309 HTTP/1.1" 200 2(method=- path=-)
[INFO] 2025-08-21 11:39:14,837 django.server:213 - "GET /user-profile/ HTTP/1.1" 200 180(method=- path=-)
[INFO] 2025-08-21 11:39:14,842 django.server:213 - "GET /user-profile/ HTTP/1.1" 200 180(method=- path=-)
[INFO] 2025-08-21 11:39:14,852 django.server:213 - "GET /api/params/get/ HTTP/1.1" 200 76(method=- path=-)
[INFO] 2025-08-21 11:39:14,859 django.server:213 - "GET /api/params/get/ HTTP/1.1" 200 76(method=- path=-)
[INFO] 2025-08-21 11:39:14,975 django.server:213 - "GET /api/ecu_masters/?aircraft_master_id=201710309 HTTP/1.1" 200 2(method=- path=-)
[INFO] 2025-08-21 11:39:15,063 django.server:213 - "GET /api/aircraft_masters/201710309/?include=aircraft_type HTTP/1.1" 200 745(method=- path=-)
[INFO] 2025-08-21 11:39:15,076 django.server:213 - "GET /api/ecu_masters/?aircraft_master_id=201710309 HTTP/1.1" 200 2(method=- path=-)
[INFO] 2025-08-21 11:39:15,146 django.server:213 - "GET /api/aircraft_masters/201710309/?include=aircraft_type HTTP/1.1" 200 745(method=- path=-)
[INFO] 2025-08-21 11:39:15,234 django.server:213 - "GET /api/aircraft_masters/201710309/?include=aircraft_type HTTP/1.1" 200 745(method=- path=-)
[INFO] 2025-08-21 11:39:15,295 django.server:213 - "GET /api/aircraft_masters/201710309/?include=aircraft_type HTTP/1.1" 200 745(method=- path=-)
[INFO] 2025-08-21 11:40:14,482 django.server:213 - "GET /user-profile/ HTTP/1.1" 200 180(method=- path=-)
[INFO] 2025-08-21 11:40:14,507 django.server:213 - "GET /user-profile/ HTTP/1.1" 200 180(method=- path=-)
[INFO] 2025-08-21 11:40:14,511 django.server:213 - "GET /api/params/get/ HTTP/1.1" 200 76(method=- path=-)
[INFO] 2025-08-21 11:40:14,523 django.server:213 - "GET /api/params/get/ HTTP/1.1" 200 76(method=- path=-)
[INFO] 2025-08-21 11:40:14,634 django.server:213 - "GET /api/ecu_masters/?aircraft_master_id=201710309 HTTP/1.1" 200 2(method=- path=-)
[INFO] 2025-08-21 11:40:14,706 django.server:213 - "GET /api/aircraft_masters/201710309/?include=aircraft_type HTTP/1.1" 200 745(method=- path=-)
[INFO] 2025-08-21 11:40:14,721 django.server:213 - "GET /api/ecu_masters/?aircraft_master_id=201710309 HTTP/1.1" 200 2(method=- path=-)
[INFO] 2025-08-21 11:40:14,793 django.server:213 - "GET /api/aircraft_masters/201710309/?include=aircraft_type HTTP/1.1" 200 745(method=- path=-)
[INFO] 2025-08-21 11:40:14,883 django.server:213 - "GET /api/aircraft_masters/201710309/?include=aircraft_type HTTP/1.1" 200 745(method=- path=-)
[INFO] 2025-08-21 11:40:14,961 django.server:213 - "GET /api/aircraft_masters/201710309/?include=aircraft_type HTTP/1.1" 200 745(method=- path=-)
[INFO] 2025-08-21 11:40:17,530 django.server:213 - "GET /api/params/get/ HTTP/1.1" 200 76(method=- path=-)
[INFO] 2025-08-21 11:40:17,552 django.server:213 - "GET /user-profile/ HTTP/1.1" 200 180(method=- path=-)
[INFO] 2025-08-21 11:40:17,558 django.server:213 - "GET /user-profile/ HTTP/1.1" 200 180(method=- path=-)
[INFO] 2025-08-21 11:40:17,572 django.server:213 - "GET /api/params/get/ HTTP/1.1" 200 76(method=- path=-)
[INFO] 2025-08-21 11:40:17,684 django.server:213 - "GET /api/ecu_masters/?aircraft_master_id=201710309 HTTP/1.1" 200 2(method=- path=-)
[INFO] 2025-08-21 11:40:17,760 django.server:213 - "GET /api/ecu_masters/?aircraft_master_id=201710309 HTTP/1.1" 200 2(method=- path=-)
[INFO] 2025-08-21 11:40:17,782 django.server:213 - "GET /api/aircraft_masters/201710309/?include=aircraft_type HTTP/1.1" 200 745(method=- path=-)
[INFO] 2025-08-21 11:40:17,865 django.server:213 - "GET /api/aircraft_masters/201710309/?include=aircraft_type HTTP/1.1" 200 745(method=- path=-)
[INFO] 2025-08-21 11:40:17,940 django.server:213 - "GET /api/aircraft_masters/201710309/?include=aircraft_type HTTP/1.1" 200 745(method=- path=-)
[INFO] 2025-08-21 11:40:18,017 django.server:213 - "GET /api/aircraft_masters/201710309/?include=aircraft_type HTTP/1.1" 200 745(method=- path=-)
[INFO] 2025-08-21 11:44:34,827 django.server:213 - "GET /api/aircraft_masters/201710309/?include=aircraft_type HTTP/1.1" 200 745(method=- path=-)
[INFO] 2025-08-21 11:44:34,867 django.server:213 - "GET /api/ecu_masters/?aircraft_master_id=201710309 HTTP/1.1" 200 2(method=- path=-)
[INFO] 2025-08-21 11:44:34,903 django.server:213 - "GET /api/aircraft_masters/201710309/?include=aircraft_type HTTP/1.1" 200 745(method=- path=-)
[INFO] 2025-08-21 11:44:34,937 django.server:213 - "GET /api/ecu_masters/?aircraft_master_id=201710309 HTTP/1.1" 200 2(method=- path=-)
[INFO] 2025-08-21 11:45:31,355 django.server:213 - "GET /api/aircraft_masters/201710309/?include=aircraft_type HTTP/1.1" 200 745(method=- path=-)
[INFO] 2025-08-21 11:45:31,391 django.server:213 - "GET /api/ecu_masters/?aircraft_master_id=201710309 HTTP/1.1" 200 2(method=- path=-)
[INFO] 2025-08-21 11:45:31,466 django.server:213 - "GET /api/aircraft_masters/201710309/?include=aircraft_type HTTP/1.1" 200 745(method=- path=-)
[INFO] 2025-08-21 11:45:31,501 django.server:213 - "GET /api/ecu_masters/?aircraft_master_id=201710309 HTTP/1.1" 200 2(method=- path=-)
[INFO] 2025-08-21 11:50:52,762 django.server:213 - "GET /user-profile/ HTTP/1.1" 200 180(method=- path=-)
[INFO] 2025-08-21 11:50:52,785 django.server:213 - "GET /user-profile/ HTTP/1.1" 200 180(method=- path=-)
[INFO] 2025-08-21 11:50:52,798 django.server:213 - "GET /api/params/get/ HTTP/1.1" 200 76(method=- path=-)
[INFO] 2025-08-21 11:50:52,848 django.server:213 - "GET /api/params/get/ HTTP/1.1" 200 76(method=- path=-)
[INFO] 2025-08-21 11:50:52,992 django.server:213 - "GET /api/aircraft_masters/201710309/?include=aircraft_type HTTP/1.1" 200 745(method=- path=-)
[INFO] 2025-08-21 11:50:53,023 django.server:213 - "GET /api/ecu_masters/?aircraft_master_id=201710309 HTTP/1.1" 200 2(method=- path=-)
[INFO] 2025-08-21 11:50:55,468 django.server:213 - "GET /api/aircraft_masters/201710309/?include=aircraft_type HTTP/1.1" 200 745(method=- path=-)
[INFO] 2025-08-21 11:50:55,493 django.server:213 - "GET /api/ecu_masters/?aircraft_master_id=201710309 HTTP/1.1" 200 2(method=- path=-)
[INFO] 2025-08-21 11:50:55,799 django.server:213 - "GET /api/aircraft_masters/201710309/?include=aircraft_type HTTP/1.1" 200 745(method=- path=-)
[INFO] 2025-08-21 11:50:55,884 django.server:213 - "GET /api/aircraft_masters/201710309/?include=aircraft_type HTTP/1.1" 200 745(method=- path=-)
[INFO] 2025-08-21 11:51:32,012 django.server:213 - "GET /user-profile/ HTTP/1.1" 200 180(method=- path=-)
[INFO] 2025-08-21 11:51:32,042 django.server:213 - "GET /api/params/get/ HTTP/1.1" 200 76(method=- path=-)
[INFO] 2025-08-21 11:51:32,051 django.server:213 - "GET /user-profile/ HTTP/1.1" 200 180(method=- path=-)
[INFO] 2025-08-21 11:51:32,094 django.server:213 - "GET /api/params/get/ HTTP/1.1" 200 76(method=- path=-)
[INFO] 2025-08-21 11:51:32,247 django.server:213 - "GET /api/aircraft_masters/201710309/?include=aircraft_type HTTP/1.1" 200 745(method=- path=-)
[INFO] 2025-08-21 11:51:32,283 django.server:213 - "GET /api/ecu_masters/?aircraft_master_id=201710309 HTTP/1.1" 200 2(method=- path=-)
[INFO] 2025-08-21 11:51:32,333 django.server:213 - "GET /api/aircraft_masters/201710309/?include=aircraft_type HTTP/1.1" 200 745(method=- path=-)
[INFO] 2025-08-21 11:51:32,366 django.server:213 - "GET /api/ecu_masters/?aircraft_master_id=201710309 HTTP/1.1" 200 2(method=- path=-)
[INFO] 2025-08-21 11:51:32,399 django.server:213 - "GET /api/aircraft_masters/201710309/?include=aircraft_type HTTP/1.1" 200 745(method=- path=-)
[INFO] 2025-08-21 11:51:32,432 django.server:213 - "GET /api/aircraft_masters/201710309/?include=aircraft_type HTTP/1.1" 200 745(method=- path=-)
[INFO] 2025-08-21 11:51:48,714 django.server:213 - "GET /user-profile/ HTTP/1.1" 200 180(method=- path=-)
[INFO] 2025-08-21 11:51:48,763 django.server:213 - "GET /api/params/get/ HTTP/1.1" 200 76(method=- path=-)
[INFO] 2025-08-21 11:51:48,781 django.server:213 - "GET /api/params/get/ HTTP/1.1" 200 76(method=- path=-)
[INFO] 2025-08-21 11:51:48,804 django.server:213 - "GET /user-profile/ HTTP/1.1" 200 180(method=- path=-)
[INFO] 2025-08-21 11:51:48,870 django.server:213 - "GET /api/ecu_masters/?aircraft_master_id=201710309 HTTP/1.1" 200 2(method=- path=-)
[INFO] 2025-08-21 11:51:48,961 django.server:213 - "GET /api/aircraft_masters/201710309/?include=aircraft_type HTTP/1.1" 200 745(method=- path=-)
[INFO] 2025-08-21 11:51:48,974 django.server:213 - "GET /api/ecu_masters/?aircraft_master_id=201710309 HTTP/1.1" 200 2(method=- path=-)
[INFO] 2025-08-21 11:51:49,150 django.server:213 - "GET /api/aircraft_masters/201710309/?include=aircraft_type HTTP/1.1" 200 745(method=- path=-)
[INFO] 2025-08-21 11:51:49,221 django.server:213 - "GET /api/aircraft_masters/201710309/?include=aircraft_type HTTP/1.1" 200 745(method=- path=-)
[INFO] 2025-08-21 11:51:49,417 django.server:213 - "GET /api/aircraft_masters/201710309/?include=aircraft_type HTTP/1.1" 200 745(method=- path=-)
[INFO] 2025-08-21 11:52:07,618 django.server:213 - "GET /user-profile/ HTTP/1.1" 200 180(method=- path=-)
[INFO] 2025-08-21 11:52:07,637 django.server:213 - "GET /user-profile/ HTTP/1.1" 200 180(method=- path=-)
[INFO] 2025-08-21 11:52:07,645 django.server:213 - "GET /api/params/get/ HTTP/1.1" 200 76(method=- path=-)
[INFO] 2025-08-21 11:52:07,659 django.server:213 - "GET /api/params/get/ HTTP/1.1" 200 76(method=- path=-)
[INFO] 2025-08-21 11:52:07,737 django.server:213 - "GET /api/aircraft_masters/201710309/?include=aircraft_type HTTP/1.1" 200 745(method=- path=-)
[INFO] 2025-08-21 11:52:07,771 django.server:213 - "GET /api/ecu_masters/?aircraft_master_id=201710309 HTTP/1.1" 200 2(method=- path=-)
[INFO] 2025-08-21 11:52:07,811 django.server:213 - "GET /api/aircraft_masters/201710309/?include=aircraft_type HTTP/1.1" 200 745(method=- path=-)
[INFO] 2025-08-21 11:52:07,852 django.server:213 - "GET /api/ecu_masters/?aircraft_master_id=201710309 HTTP/1.1" 200 2(method=- path=-)
[INFO] 2025-08-21 11:52:07,995 django.server:213 - "GET /api/aircraft_masters/201710309/?include=aircraft_type HTTP/1.1" 200 745(method=- path=-)
[INFO] 2025-08-21 11:52:08,075 django.server:213 - "GET /api/aircraft_masters/201710309/?include=aircraft_type HTTP/1.1" 200 745(method=- path=-)
[INFO] 2025-08-21 11:59:35,796 django.server:213 - "GET /user-profile/ HTTP/1.1" 200 180(method=- path=-)
[INFO] 2025-08-21 11:59:35,804 django.server:213 - "GET /user-profile/ HTTP/1.1" 200 180(method=- path=-)
[INFO] 2025-08-21 11:59:35,824 django.server:213 - "GET /api/params/get/ HTTP/1.1" 200 76(method=- path=-)
[INFO] 2025-08-21 11:59:35,834 django.server:213 - "GET /api/params/get/ HTTP/1.1" 200 76(method=- path=-)
[INFO] 2025-08-21 11:59:35,957 django.server:213 - "GET /api/aircraft_masters/201710309/?include=aircraft_type HTTP/1.1" 200 745(method=- path=-)
[INFO] 2025-08-21 11:59:36,096 django.server:213 - "GET /api/ecu_masters/?aircraft_master_id=201710309 HTTP/1.1" 200 2(method=- path=-)
[INFO] 2025-08-21 11:59:36,149 django.server:213 - "GET /api/aircraft_masters/201710309/?include=aircraft_type HTTP/1.1" 200 745(method=- path=-)
[INFO] 2025-08-21 11:59:36,204 django.server:213 - "GET /api/ecu_masters/?aircraft_master_id=201710309 HTTP/1.1" 200 2(method=- path=-)
[INFO] 2025-08-21 11:59:36,236 django.server:213 - "GET /api/aircraft_masters/201710309/?include=aircraft_type HTTP/1.1" 200 745(method=- path=-)
[INFO] 2025-08-21 11:59:36,313 django.server:213 - "GET /api/aircraft_masters/201710309/?include=aircraft_type HTTP/1.1" 200 745(method=- path=-)
[INFO] 2025-08-21 12:02:19,965 django.server:213 - "GET /user-profile/ HTTP/1.1" 200 180(method=- path=-)
[INFO] 2025-08-21 12:02:19,988 django.server:213 - "GET /user-profile/ HTTP/1.1" 200 180(method=- path=-)
[INFO] 2025-08-21 12:02:19,997 django.server:213 - "GET /api/params/get/ HTTP/1.1" 200 76(method=- path=-)
[INFO] 2025-08-21 12:02:20,009 django.server:213 - "GET /api/params/get/ HTTP/1.1" 200 76(method=- path=-)
[INFO] 2025-08-21 12:02:20,117 django.server:213 - "GET /api/aircraft_masters/201710309/?include=aircraft_type HTTP/1.1" 200 745(method=- path=-)
[INFO] 2025-08-21 12:02:20,151 django.server:213 - "GET /api/ecu_masters/?aircraft_master_id=201710309 HTTP/1.1" 200 2(method=- path=-)
[INFO] 2025-08-21 12:02:20,188 django.server:213 - "GET /api/aircraft_masters/201710309/?include=aircraft_type HTTP/1.1" 200 745(method=- path=-)
[INFO] 2025-08-21 12:02:20,222 django.server:213 - "GET /api/ecu_masters/?aircraft_master_id=201710309 HTTP/1.1" 200 2(method=- path=-)
[INFO] 2025-08-21 12:02:20,259 django.server:213 - "GET /api/aircraft_masters/201710309/?include=aircraft_type HTTP/1.1" 200 745(method=- path=-)
[INFO] 2025-08-21 12:02:20,337 django.server:213 - "GET /api/aircraft_masters/201710309/?include=aircraft_type HTTP/1.1" 200 745(method=- path=-)
[INFO] 2025-08-21 12:02:41,492 django.server:213 - "GET /user-profile/ HTTP/1.1" 200 180(method=- path=-)
[INFO] 2025-08-21 12:02:41,531 django.server:213 - "GET /user-profile/ HTTP/1.1" 200 180(method=- path=-)
[INFO] 2025-08-21 12:02:41,567 django.server:213 - "GET /api/params/get/ HTTP/1.1" 200 76(method=- path=-)
[INFO] 2025-08-21 12:02:41,573 django.server:213 - "GET /api/params/get/ HTTP/1.1" 200 76(method=- path=-)
[INFO] 2025-08-21 12:02:41,707 django.server:213 - "GET /api/aircraft_masters/201710309/?include=aircraft_type HTTP/1.1" 200 745(method=- path=-)
[INFO] 2025-08-21 12:02:41,894 django.server:213 - "GET /api/aircraft_masters/201710309/?include=aircraft_type HTTP/1.1" 200 745(method=- path=-)
[INFO] 2025-08-21 12:06:07,960 django.server:213 - "GET /user-profile/ HTTP/1.1" 200 180(method=- path=-)
[INFO] 2025-08-21 12:06:07,989 django.server:213 - "GET /user-profile/ HTTP/1.1" 200 180(method=- path=-)
[INFO] 2025-08-21 12:06:08,000 django.server:213 - "GET /api/params/get/ HTTP/1.1" 200 76(method=- path=-)
[INFO] 2025-08-21 12:06:08,045 django.server:213 - "GET /api/params/get/ HTTP/1.1" 200 76(method=- path=-)
[INFO] 2025-08-21 12:06:08,189 django.server:213 - "GET /api/aircraft_masters/201710309/?include=aircraft_type HTTP/1.1" 200 745(method=- path=-)
[INFO] 2025-08-21 12:06:08,284 django.server:213 - "GET /api/aircraft_masters/201710309/?include=aircraft_type HTTP/1.1" 200 745(method=- path=-)
[INFO] 2025-08-21 12:06:10,163 django.server:213 - "GET /user-profile/ HTTP/1.1" 200 180(method=- path=-)
[INFO] 2025-08-21 12:06:10,196 django.server:213 - "GET /api/params/get/ HTTP/1.1" 200 76(method=- path=-)
[INFO] 2025-08-21 12:06:10,298 django.server:213 - "GET /api/params/get/ HTTP/1.1" 200 76(method=- path=-)
[INFO] 2025-08-21 12:06:10,303 django.server:213 - "GET /api/aircraft_masters/201710309/?include=aircraft_type HTTP/1.1" 200 745(method=- path=-)
[INFO] 2025-08-21 12:06:10,306 django.server:213 - "GET /user-profile/ HTTP/1.1" 200 180(method=- path=-)
[INFO] 2025-08-21 12:06:10,485 django.server:213 - "GET /api/aircraft_masters/201710309/?include=aircraft_type HTTP/1.1" 200 745(method=- path=-)
[INFO] 2025-08-21 12:06:21,234 django.server:213 - "GET /user-profile/ HTTP/1.1" 200 180(method=- path=-)
[INFO] 2025-08-21 12:06:21,240 django.server:213 - "GET /api/params/get/ HTTP/1.1" 200 76(method=- path=-)
[INFO] 2025-08-21 12:06:21,246 django.server:213 - "GET /user-profile/ HTTP/1.1" 200 180(method=- path=-)
[INFO] 2025-08-21 12:06:21,271 django.server:213 - "GET /api/params/get/ HTTP/1.1" 200 76(method=- path=-)
[INFO] 2025-08-21 12:06:21,395 django.server:213 - "GET /api/aircraft_masters/201710309/?include=aircraft_type HTTP/1.1" 200 745(method=- path=-)
[INFO] 2025-08-21 12:06:21,471 django.server:213 - "GET /api/aircraft_masters/201710309/?include=aircraft_type HTTP/1.1" 200 745(method=- path=-)
[INFO] 2025-08-21 12:06:33,828 django.server:213 - "GET /user-profile/ HTTP/1.1" 200 180(method=- path=-)
[INFO] 2025-08-21 12:06:33,833 django.server:213 - "GET /api/params/get/ HTTP/1.1" 200 76(method=- path=-)
[INFO] 2025-08-21 12:06:33,838 django.server:213 - "GET /user-profile/ HTTP/1.1" 200 180(method=- path=-)
[INFO] 2025-08-21 12:06:33,848 django.server:213 - "GET /api/params/get/ HTTP/1.1" 200 76(method=- path=-)
[INFO] 2025-08-21 12:06:33,942 django.server:213 - "GET /api/aircraft_masters/201710309/?include=aircraft_type HTTP/1.1" 200 745(method=- path=-)
[INFO] 2025-08-21 12:06:34,027 django.server:213 - "GET /api/aircraft_masters/201710309/?include=aircraft_type HTTP/1.1" 200 745(method=- path=-)
[INFO] 2025-08-21 12:06:46,372 django.server:213 - "GET /user-profile/ HTTP/1.1" 200 180(method=- path=-)
[INFO] 2025-08-21 12:06:46,411 django.server:213 - "GET /api/params/get/ HTTP/1.1" 200 76(method=- path=-)
[INFO] 2025-08-21 12:06:46,496 django.server:213 - "GET /api/params/get/ HTTP/1.1" 200 76(method=- path=-)
[INFO] 2025-08-21 12:06:46,501 django.server:213 - "GET /user-profile/ HTTP/1.1" 200 180(method=- path=-)
[INFO] 2025-08-21 12:06:46,506 django.server:213 - "GET /api/aircraft_masters/201710309/?include=aircraft_type HTTP/1.1" 200 745(method=- path=-)
[INFO] 2025-08-21 12:06:46,578 django.server:213 - "GET /api/aircraft_masters/201710309/?include=aircraft_type HTTP/1.1" 200 745(method=- path=-)
[INFO] 2025-08-21 12:06:47,917 django.server:213 - "GET /user-profile/ HTTP/1.1" 200 180(method=- path=-)
[INFO] 2025-08-21 12:06:47,945 django.server:213 - "GET /api/params/get/ HTTP/1.1" 200 76(method=- path=-)
[INFO] 2025-08-21 12:06:47,991 django.server:213 - "GET /api/params/get/ HTTP/1.1" 200 76(method=- path=-)
[INFO] 2025-08-21 12:06:48,030 django.server:213 - "GET /user-profile/ HTTP/1.1" 200 180(method=- path=-)
[INFO] 2025-08-21 12:06:48,125 django.server:213 - "GET /api/aircraft_masters/201710309/?include=aircraft_type HTTP/1.1" 200 745(method=- path=-)
[INFO] 2025-08-21 12:06:48,215 django.server:213 - "GET /api/aircraft_masters/201710309/?include=aircraft_type HTTP/1.1" 200 745(method=- path=-)
[INFO] 2025-08-21 12:08:39,887 django.server:213 - "GET /user-profile/ HTTP/1.1" 200 180(method=- path=-)
[INFO] 2025-08-21 12:08:39,893 django.server:213 - "GET /user-profile/ HTTP/1.1" 200 180(method=- path=-)
[INFO] 2025-08-21 12:08:39,898 django.server:213 - "GET /api/params/get/ HTTP/1.1" 200 76(method=- path=-)
[INFO] 2025-08-21 12:08:39,912 django.server:213 - "GET /api/params/get/ HTTP/1.1" 200 76(method=- path=-)
[INFO] 2025-08-21 12:08:39,991 django.server:213 - "GET /api/aircraft_masters/201710309/?include=aircraft_type HTTP/1.1" 200 745(method=- path=-)
[INFO] 2025-08-21 12:08:40,074 django.server:213 - "GET /api/aircraft_masters/201710309/?include=aircraft_type HTTP/1.1" 200 745(method=- path=-)
[INFO] 2025-08-21 12:09:02,582 django.server:213 - "GET /api/aircraft_masters/201710309/?include=aircraft_type HTTP/1.1" 200 745(method=- path=-)
[INFO] 2025-08-21 12:09:02,621 django.server:213 - "GET /api/ecu_masters/?aircraft_master_id=201710309 HTTP/1.1" 200 2(method=- path=-)
[INFO] 2025-08-21 12:09:02,672 django.server:213 - "GET /api/aircraft_masters/201710309/?include=aircraft_type HTTP/1.1" 200 745(method=- path=-)
[INFO] 2025-08-21 12:09:02,821 django.server:213 - "GET /api/ecu_masters/?aircraft_master_id=201710309 HTTP/1.1" 200 2(method=- path=-)
[INFO] 2025-08-21 12:09:04,121 django.server:213 - "GET /user-profile/ HTTP/1.1" 200 180(method=- path=-)
[INFO] 2025-08-21 12:09:04,158 django.server:213 - "GET /api/params/get/ HTTP/1.1" 200 76(method=- path=-)
[INFO] 2025-08-21 12:09:04,240 django.server:213 - "GET /user-profile/ HTTP/1.1" 200 180(method=- path=-)
[INFO] 2025-08-21 12:09:04,255 django.server:213 - "GET /api/params/get/ HTTP/1.1" 200 76(method=- path=-)
[INFO] 2025-08-21 12:09:04,276 django.server:213 - "GET /api/aircraft_masters/201710309/?include=aircraft_type HTTP/1.1" 200 745(method=- path=-)
[INFO] 2025-08-21 12:09:04,322 django.server:213 - "GET /api/ecu_masters/?aircraft_master_id=201710309 HTTP/1.1" 200 2(method=- path=-)
[INFO] 2025-08-21 12:09:04,406 django.server:213 - "GET /api/ecu_masters/?aircraft_master_id=201710309 HTTP/1.1" 200 2(method=- path=-)
[INFO] 2025-08-21 12:09:04,462 django.server:213 - "GET /api/aircraft_masters/201710309/?include=aircraft_type HTTP/1.1" 200 745(method=- path=-)
[INFO] 2025-08-21 12:09:04,555 django.server:213 - "GET /api/aircraft_masters/201710309/?include=aircraft_type HTTP/1.1" 200 745(method=- path=-)
[INFO] 2025-08-21 12:09:04,660 django.server:213 - "GET /api/aircraft_masters/201710309/?include=aircraft_type HTTP/1.1" 200 745(method=- path=-)
[INFO] 2025-08-21 12:09:35,639 django.server:213 - "GET /user-profile/ HTTP/1.1" 200 180(method=- path=-)
[INFO] 2025-08-21 12:09:35,644 django.server:213 - "GET /user-profile/ HTTP/1.1" 200 180(method=- path=-)
[INFO] 2025-08-21 12:09:35,651 django.server:213 - "GET /api/params/get/ HTTP/1.1" 200 76(method=- path=-)
[INFO] 2025-08-21 12:09:35,662 django.server:213 - "GET /api/params/get/ HTTP/1.1" 200 76(method=- path=-)
[INFO] 2025-08-21 12:09:35,770 django.server:213 - "GET /api/aircraft_masters/201710309/?include=aircraft_type HTTP/1.1" 200 745(method=- path=-)
[INFO] 2025-08-21 12:09:35,812 django.server:213 - "GET /api/ecu_masters/?aircraft_master_id=201710309 HTTP/1.1" 200 2(method=- path=-)
[INFO] 2025-08-21 12:09:35,851 django.server:213 - "GET /api/aircraft_masters/201710309/?include=aircraft_type HTTP/1.1" 200 745(method=- path=-)
[INFO] 2025-08-21 12:09:35,980 django.server:213 - "GET /api/ecu_masters/?aircraft_master_id=201710309 HTTP/1.1" 200 2(method=- path=-)
[INFO] 2025-08-21 12:09:36,028 django.server:213 - "GET /api/aircraft_masters/201710309/?include=aircraft_type HTTP/1.1" 200 745(method=- path=-)
[INFO] 2025-08-21 12:09:36,443 django.server:213 - "GET /api/aircraft_masters/201710309/?include=aircraft_type HTTP/1.1" 200 745(method=- path=-)
[INFO] 2025-08-21 12:11:02,639 django.server:213 - "GET /user-profile/ HTTP/1.1" 200 180(method=- path=-)
[INFO] 2025-08-21 12:11:02,656 django.server:213 - "GET /user-profile/ HTTP/1.1" 200 180(method=- path=-)
[INFO] 2025-08-21 12:11:02,662 django.server:213 - "GET /api/params/get/ HTTP/1.1" 200 76(method=- path=-)
[INFO] 2025-08-21 12:11:02,685 django.server:213 - "GET /api/params/get/ HTTP/1.1" 200 76(method=- path=-)
[INFO] 2025-08-21 12:11:02,802 django.server:213 - "GET /api/ecu_masters/?aircraft_master_id=201710309 HTTP/1.1" 200 2(method=- path=-)
[INFO] 2025-08-21 12:11:02,879 django.server:213 - "GET /api/aircraft_masters/201710309/?include=aircraft_type HTTP/1.1" 200 745(method=- path=-)
[INFO] 2025-08-21 12:11:02,997 django.server:213 - "GET /api/ecu_masters/?aircraft_master_id=201710309 HTTP/1.1" 200 2(method=- path=-)
[INFO] 2025-08-21 12:11:03,063 django.server:213 - "GET /api/aircraft_masters/201710309/?include=aircraft_type HTTP/1.1" 200 745(method=- path=-)
[INFO] 2025-08-21 12:11:03,152 django.server:213 - "GET /api/aircraft_masters/201710309/?include=aircraft_type HTTP/1.1" 200 745(method=- path=-)
[INFO] 2025-08-21 12:11:03,184 django.server:213 - "GET /api/aircraft_masters/201710309/?include=aircraft_type HTTP/1.1" 200 745(method=- path=-)
[INFO] 2025-08-21 12:12:23,407 django.server:213 - "GET /user-profile/ HTTP/1.1" 200 180(method=- path=-)
[INFO] 2025-08-21 12:12:23,428 django.server:213 - "GET /user-profile/ HTTP/1.1" 200 180(method=- path=-)
[INFO] 2025-08-21 12:12:23,441 django.server:213 - "GET /api/params/get/ HTTP/1.1" 200 76(method=- path=-)
[INFO] 2025-08-21 12:12:23,447 django.server:213 - "GET /api/params/get/ HTTP/1.1" 200 76(method=- path=-)
[INFO] 2025-08-21 12:12:23,543 django.server:213 - "GET /api/ecu_masters/?aircraft_master_id=201710309 HTTP/1.1" 200 2(method=- path=-)
[INFO] 2025-08-21 12:12:23,639 django.server:213 - "GET /api/aircraft_masters/201710309/?include=aircraft_type HTTP/1.1" 200 745(method=- path=-)
[INFO] 2025-08-21 12:12:23,653 django.server:213 - "GET /api/ecu_masters/?aircraft_master_id=201710309 HTTP/1.1" 200 2(method=- path=-)
[INFO] 2025-08-21 12:12:23,703 django.server:213 - "GET /api/aircraft_masters/201710309/?include=aircraft_type HTTP/1.1" 200 745(method=- path=-)
[INFO] 2025-08-21 12:12:23,788 django.server:213 - "GET /api/aircraft_masters/201710309/?include=aircraft_type HTTP/1.1" 200 745(method=- path=-)
[INFO] 2025-08-21 12:12:23,869 django.server:213 - "GET /api/aircraft_masters/201710309/?include=aircraft_type HTTP/1.1" 200 745(method=- path=-)
[INFO] 2025-08-21 12:12:55,215 django.server:213 - "GET /api/aircraft_masters/201710309/?include=aircraft_type HTTP/1.1" 200 745(method=- path=-)
[INFO] 2025-08-21 12:12:55,228 django.server:213 - "GET /api/ecu_masters/?aircraft_master_id=201710309 HTTP/1.1" 200 2(method=- path=-)
[INFO] 2025-08-21 12:12:55,399 django.server:213 - "GET /api/aircraft_masters/201710309/?include=aircraft_type HTTP/1.1" 200 745(method=- path=-)
[INFO] 2025-08-21 12:12:55,431 django.server:213 - "GET /api/ecu_masters/?aircraft_master_id=201710309 HTTP/1.1" 200 2(method=- path=-)
[INFO] 2025-08-21 12:13:13,057 django.server:213 - "GET /user-profile/ HTTP/1.1" 200 180(method=- path=-)
[INFO] 2025-08-21 12:13:13,063 django.server:213 - "GET /user-profile/ HTTP/1.1" 200 180(method=- path=-)
[INFO] 2025-08-21 12:13:13,090 django.server:213 - "GET /api/params/get/ HTTP/1.1" 200 76(method=- path=-)
[INFO] 2025-08-21 12:13:13,172 django.server:213 - "GET /api/aircraft_masters/201710309/?include=aircraft_type HTTP/1.1" 200 745(method=- path=-)
[INFO] 2025-08-21 12:13:13,222 django.server:213 - "GET /api/ecu_masters/?aircraft_master_id=201710309 HTTP/1.1" 200 2(method=- path=-)
[INFO] 2025-08-21 12:13:13,235 django.server:213 - "GET /api/params/get/ HTTP/1.1" 200 76(method=- path=-)
[INFO] 2025-08-21 12:13:13,284 django.server:213 - "GET /api/ecu_masters/?aircraft_master_id=201710309 HTTP/1.1" 200 2(method=- path=-)
[INFO] 2025-08-21 12:13:13,372 django.server:213 - "GET /api/aircraft_masters/201710309/?include=aircraft_type HTTP/1.1" 200 745(method=- path=-)
[INFO] 2025-08-21 12:13:13,446 django.server:213 - "GET /api/aircraft_masters/201710309/?include=aircraft_type HTTP/1.1" 200 745(method=- path=-)
[INFO] 2025-08-21 12:13:13,521 django.server:213 - "GET /api/aircraft_masters/201710309/?include=aircraft_type HTTP/1.1" 200 745(method=- path=-)
[INFO] 2025-08-21 12:13:39,604 django.server:213 - "GET /user-profile/ HTTP/1.1" 200 180(method=- path=-)
[INFO] 2025-08-21 12:13:39,631 django.server:213 - "GET /user-profile/ HTTP/1.1" 200 180(method=- path=-)
[INFO] 2025-08-21 12:13:39,641 django.server:213 - "GET /api/params/get/ HTTP/1.1" 200 76(method=- path=-)
[INFO] 2025-08-21 12:13:39,713 django.server:213 - "GET /api/params/get/ HTTP/1.1" 200 76(method=- path=-)
[INFO] 2025-08-21 12:13:39,754 django.server:213 - "GET /api/aircraft_masters/201710309/?include=aircraft_type HTTP/1.1" 200 745(method=- path=-)
[INFO] 2025-08-21 12:13:39,787 django.server:213 - "GET /api/ecu_masters/?aircraft_master_id=201710309 HTTP/1.1" 200 2(method=- path=-)
[INFO] 2025-08-21 12:13:39,824 django.server:213 - "GET /api/aircraft_masters/201710309/?include=aircraft_type HTTP/1.1" 200 745(method=- path=-)
[INFO] 2025-08-21 12:13:39,896 django.server:213 - "GET /api/aircraft_masters/201710309/?include=aircraft_type HTTP/1.1" 200 745(method=- path=-)
[INFO] 2025-08-21 12:13:39,973 django.server:213 - "GET /api/ecu_masters/?aircraft_master_id=201710309 HTTP/1.1" 200 2(method=- path=-)
[INFO] 2025-08-21 12:13:39,993 django.server:213 - "GET /api/aircraft_masters/201710309/?include=aircraft_type HTTP/1.1" 200 745(method=- path=-)
[INFO] 2025-08-21 12:13:54,258 django.server:213 - "GET /user-profile/ HTTP/1.1" 200 180(method=- path=-)
[INFO] 2025-08-21 12:13:54,283 django.server:213 - "GET /api/params/get/ HTTP/1.1" 200 76(method=- path=-)
[INFO] 2025-08-21 12:13:54,294 django.server:213 - "GET /api/params/get/ HTTP/1.1" 200 76(method=- path=-)
[INFO] 2025-08-21 12:13:54,377 django.server:213 - "GET /user-profile/ HTTP/1.1" 200 180(method=- path=-)
[INFO] 2025-08-21 12:13:54,383 django.server:213 - "GET /api/aircraft_masters/201710309/?include=aircraft_type HTTP/1.1" 200 745(method=- path=-)
[INFO] 2025-08-21 12:13:54,430 django.server:213 - "GET /api/ecu_masters/?aircraft_master_id=201710309 HTTP/1.1" 200 2(method=- path=-)
[INFO] 2025-08-21 12:13:54,503 django.server:213 - "GET /api/ecu_masters/?aircraft_master_id=201710309 HTTP/1.1" 200 2(method=- path=-)
[INFO] 2025-08-21 12:13:54,574 django.server:213 - "GET /api/aircraft_masters/201710309/?include=aircraft_type HTTP/1.1" 200 745(method=- path=-)
[INFO] 2025-08-21 12:13:54,655 django.server:213 - "GET /api/aircraft_masters/201710309/?include=aircraft_type HTTP/1.1" 200 745(method=- path=-)
[INFO] 2025-08-21 12:13:54,746 django.server:213 - "GET /api/aircraft_masters/201710309/?include=aircraft_type HTTP/1.1" 200 745(method=- path=-)
[INFO] 2025-08-21 12:13:56,988 django.server:213 - "GET /user-profile/ HTTP/1.1" 200 180(method=- path=-)
[INFO] 2025-08-21 12:13:57,025 django.server:213 - "GET /api/params/get/ HTTP/1.1" 200 76(method=- path=-)
[INFO] 2025-08-21 12:13:57,088 django.server:213 - "GET /user-profile/ HTTP/1.1" 200 180(method=- path=-)
[INFO] 2025-08-21 12:13:57,122 django.server:213 - "GET /api/params/get/ HTTP/1.1" 200 76(method=- path=-)
[INFO] 2025-08-21 12:13:57,128 django.server:213 - "GET /api/aircraft_masters/201710309/?include=aircraft_type HTTP/1.1" 200 745(method=- path=-)
[INFO] 2025-08-21 12:13:57,179 django.server:213 - "GET /api/ecu_masters/?aircraft_master_id=201710309 HTTP/1.1" 200 2(method=- path=-)
[INFO] 2025-08-21 12:13:57,238 django.server:213 - "GET /api/aircraft_masters/201710309/?include=aircraft_type HTTP/1.1" 200 745(method=- path=-)
[INFO] 2025-08-21 12:13:57,301 django.server:213 - "GET /api/ecu_masters/?aircraft_master_id=201710309 HTTP/1.1" 200 2(method=- path=-)
[INFO] 2025-08-21 12:13:57,335 django.server:213 - "GET /api/aircraft_masters/201710309/?include=aircraft_type HTTP/1.1" 200 745(method=- path=-)
[INFO] 2025-08-21 12:13:57,406 django.server:213 - "GET /api/aircraft_masters/201710309/?include=aircraft_type HTTP/1.1" 200 745(method=- path=-)
[INFO] 2025-08-21 12:13:58,348 django.server:213 - "GET /user-profile/ HTTP/1.1" 200 180(method=- path=-)
[INFO] 2025-08-21 12:13:58,370 django.server:213 - "GET /user-profile/ HTTP/1.1" 200 180(method=- path=-)
[INFO] 2025-08-21 12:13:58,376 django.server:213 - "GET /api/params/get/ HTTP/1.1" 200 76(method=- path=-)
[INFO] 2025-08-21 12:13:58,392 django.server:213 - "GET /api/params/get/ HTTP/1.1" 200 76(method=- path=-)
[INFO] 2025-08-21 12:13:58,465 django.server:213 - "GET /api/aircraft_masters/201710309/?include=aircraft_type HTTP/1.1" 200 745(method=- path=-)
[INFO] 2025-08-21 12:13:58,505 django.server:213 - "GET /api/ecu_masters/?aircraft_master_id=201710309 HTTP/1.1" 200 2(method=- path=-)
[INFO] 2025-08-21 12:13:58,546 django.server:213 - "GET /api/aircraft_masters/201710309/?include=aircraft_type HTTP/1.1" 200 745(method=- path=-)
[INFO] 2025-08-21 12:13:58,582 django.server:213 - "GET /api/ecu_masters/?aircraft_master_id=201710309 HTTP/1.1" 200 2(method=- path=-)
[INFO] 2025-08-21 12:13:58,618 django.server:213 - "GET /api/aircraft_masters/201710309/?include=aircraft_type HTTP/1.1" 200 745(method=- path=-)
[INFO] 2025-08-21 12:13:58,694 django.server:213 - "GET /api/aircraft_masters/201710309/?include=aircraft_type HTTP/1.1" 200 745(method=- path=-)
[INFO] 2025-08-21 12:14:41,053 django.server:213 - "GET /user-profile/ HTTP/1.1" 200 180(method=- path=-)
[INFO] 2025-08-21 12:14:41,093 django.server:213 - "GET /api/params/get/ HTTP/1.1" 200 76(method=- path=-)
[INFO] 2025-08-21 12:14:41,137 django.server:213 - "GET /user-profile/ HTTP/1.1" 200 180(method=- path=-)
[INFO] 2025-08-21 12:14:41,143 django.server:213 - "GET /api/params/get/ HTTP/1.1" 200 76(method=- path=-)
[INFO] 2025-08-21 12:14:41,173 django.server:213 - "GET /api/aircraft_masters/201710309/?include=aircraft_type HTTP/1.1" 200 745(method=- path=-)
[INFO] 2025-08-21 12:14:41,380 django.server:213 - "GET /api/aircraft_masters/201710309/?include=aircraft_type HTTP/1.1" 200 745(method=- path=-)
[INFO] 2025-08-21 12:14:56,211 django.server:213 - "GET /user-profile/ HTTP/1.1" 200 180(method=- path=-)
[INFO] 2025-08-21 12:14:56,223 django.server:213 - "GET /user-profile/ HTTP/1.1" 200 180(method=- path=-)
[INFO] 2025-08-21 12:14:56,261 django.server:213 - "GET /api/params/get/ HTTP/1.1" 200 76(method=- path=-)
[INFO] 2025-08-21 12:14:56,320 django.server:213 - "GET /api/aircraft_masters/201710309/?include=aircraft_type HTTP/1.1" 200 745(method=- path=-)
[INFO] 2025-08-21 12:14:56,355 django.server:213 - "GET /api/params/get/ HTTP/1.1" 200 76(method=- path=-)
[INFO] 2025-08-21 12:14:56,389 django.server:213 - "GET /api/aircraft_masters/201710309/?include=aircraft_type HTTP/1.1" 200 745(method=- path=-)
[INFO] 2025-08-21 12:17:50,456 django.server:213 - "GET /user-profile/ HTTP/1.1" 200 180(method=- path=-)
[INFO] 2025-08-21 12:17:50,496 django.server:213 - "GET /user-profile/ HTTP/1.1" 200 180(method=- path=-)
[INFO] 2025-08-21 12:17:50,505 django.server:213 - "GET /api/params/get/ HTTP/1.1" 200 76(method=- path=-)
[INFO] 2025-08-21 12:17:50,598 django.server:213 - "GET /api/params/get/ HTTP/1.1" 200 76(method=- path=-)
[INFO] 2025-08-21 12:17:50,646 django.server:213 - "GET /api/aircraft_masters/201710309/?include=aircraft_type HTTP/1.1" 200 745(method=- path=-)
[INFO] 2025-08-21 12:17:50,737 django.server:213 - "GET /api/aircraft_masters/201710309/?include=aircraft_type HTTP/1.1" 200 745(method=- path=-)
[INFO] 2025-08-21 12:18:13,847 django.server:213 - "GET /user-profile/ HTTP/1.1" 200 180(method=- path=-)
[INFO] 2025-08-21 12:18:13,864 django.server:213 - "GET /user-profile/ HTTP/1.1" 200 180(method=- path=-)
[INFO] 2025-08-21 12:18:13,873 django.server:213 - "GET /api/params/get/ HTTP/1.1" 200 76(method=- path=-)
[INFO] 2025-08-21 12:18:13,887 django.server:213 - "GET /api/params/get/ HTTP/1.1" 200 76(method=- path=-)
[INFO] 2025-08-21 12:18:14,077 django.server:213 - "GET /api/aircraft_masters/201710309/?include=aircraft_type HTTP/1.1" 200 745(method=- path=-)
[INFO] 2025-08-21 12:18:14,147 django.server:213 - "GET /api/aircraft_masters/201710309/?include=aircraft_type HTTP/1.1" 200 745(method=- path=-)
[INFO] 2025-08-21 12:18:59,223 django.server:213 - "GET /user-profile/ HTTP/1.1" 200 180(method=- path=-)
[INFO] 2025-08-21 12:18:59,237 django.server:213 - "GET /user-profile/ HTTP/1.1" 200 180(method=- path=-)
[INFO] 2025-08-21 12:18:59,248 django.server:213 - "GET /api/params/get/ HTTP/1.1" 200 76(method=- path=-)
[INFO] 2025-08-21 12:18:59,353 django.server:213 - "GET /api/params/get/ HTTP/1.1" 200 76(method=- path=-)
[INFO] 2025-08-21 12:18:59,432 django.server:213 - "GET /api/aircraft_masters/201710309/?include=aircraft_type HTTP/1.1" 200 745(method=- path=-)
[INFO] 2025-08-21 12:18:59,512 django.server:213 - "GET /api/aircraft_masters/201710309/?include=aircraft_type HTTP/1.1" 200 745(method=- path=-)
[INFO] 2025-08-21 12:19:53,935 django.server:213 - "GET /user-profile/ HTTP/1.1" 200 180(method=- path=-)
[INFO] 2025-08-21 12:19:53,946 django.server:213 - "GET /user-profile/ HTTP/1.1" 200 180(method=- path=-)
[INFO] 2025-08-21 12:19:53,953 django.server:213 - "GET /api/params/get/ HTTP/1.1" 200 76(method=- path=-)
[INFO] 2025-08-21 12:19:53,958 django.server:213 - "GET /api/params/get/ HTTP/1.1" 200 76(method=- path=-)
[INFO] 2025-08-21 12:19:54,162 django.server:213 - "GET /api/aircraft_masters/201710309/?include=aircraft_type HTTP/1.1" 200 745(method=- path=-)
[INFO] 2025-08-21 12:19:54,251 django.server:213 - "GET /api/aircraft_masters/201710309/?include=aircraft_type HTTP/1.1" 200 745(method=- path=-)
[INFO] 2025-08-21 12:22:04,799 django.server:213 - "GET /user-profile/ HTTP/1.1" 200 180(method=- path=-)
[INFO] 2025-08-21 12:22:04,822 django.server:213 - "GET /api/params/get/ HTTP/1.1" 200 76(method=- path=-)
[INFO] 2025-08-21 12:22:04,839 django.server:213 - "GET /api/params/get/ HTTP/1.1" 200 76(method=- path=-)
[INFO] 2025-08-21 12:22:04,906 django.server:213 - "GET /user-profile/ HTTP/1.1" 200 180(method=- path=-)
[INFO] 2025-08-21 12:22:04,944 django.server:213 - "GET /api/aircraft_masters/201710309/?include=aircraft_type HTTP/1.1" 200 745(method=- path=-)
[INFO] 2025-08-21 12:22:05,065 django.server:213 - "GET /api/aircraft_masters/201710309/?include=aircraft_type HTTP/1.1" 200 745(method=- path=-)
[INFO] 2025-08-21 12:24:43,975 django.server:213 - "GET /user-profile/ HTTP/1.1" 200 180(method=- path=-)
[INFO] 2025-08-21 12:24:43,985 django.server:213 - "GET /api/params/get/ HTTP/1.1" 200 76(method=- path=-)
[INFO] 2025-08-21 12:24:43,991 django.server:213 - "GET /api/params/get/ HTTP/1.1" 200 76(method=- path=-)
[INFO] 2025-08-21 12:24:44,065 django.server:213 - "GET /user-profile/ HTTP/1.1" 200 180(method=- path=-)
[INFO] 2025-08-21 12:24:44,097 django.server:213 - "GET /api/aircraft_masters/201710309/?include=aircraft_type HTTP/1.1" 200 745(method=- path=-)
[INFO] 2025-08-21 12:24:44,185 django.server:213 - "GET /api/aircraft_masters/201710309/?include=aircraft_type HTTP/1.1" 200 745(method=- path=-)
[INFO] 2025-08-21 12:25:30,788 django.server:213 - "OPTIONS /logout/ HTTP/1.1" 200 0(method=- path=-)
[INFO] 2025-08-21 12:25:30,870 django.server:213 - "POST /logout/ HTTP/1.1" 200 49(method=- path=-)
[INFO] 2025-08-21 12:25:30,941 django.server:213 - "GET /csrf/ HTTP/1.1" 200 47(method=- path=-)
[INFO] 2025-08-21 12:25:30,941 django.server:213 - "GET /csrf/ HTTP/1.1" 200 47(method=- path=-)
[INFO] 2025-08-21 12:25:30,987 django.server:213 - "GET /api/aircraft-type-details HTTP/1.1" 200 4335(method=- path=-)
[INFO] 2025-08-21 12:25:31,000 django.server:213 - "GET /api/aircraft-type-details HTTP/1.1" 200 4335(method=- path=-)
[INFO] 2025-08-21 12:25:31,031 django.server:213 - "POST /api/params/set/ HTTP/1.1" 200 33(method=- path=-)
[INFO] 2025-08-21 12:25:49,832 django.server:213 - "POST /login/ HTTP/1.1" 200 180(method=- path=-)
[INFO] 2025-08-21 12:25:49,995 django.server:213 - "GET /api/aircraft-type-details HTTP/1.1" 200 4335(method=- path=-)
[INFO] 2025-08-21 12:25:49,998 django.server:213 - "GET /api/aircraft-type-details HTTP/1.1" 200 4335(method=- path=-)
[INFO] 2025-08-21 12:25:50,379 django.server:213 - "GET /api/aircraft_masters/?include=aircraft_type HTTP/1.1" 200 285542(method=- path=-)
[INFO] 2025-08-21 12:25:50,404 django.server:213 - "GET /api/aircraft_masters/?include=aircraft_type HTTP/1.1" 200 285542(method=- path=-)
[INFO] 2025-08-21 12:25:53,413 django.server:213 - "GET /api/aircraft-details/202500008 HTTP/1.1" 200 11092(method=- path=-)
[INFO] 2025-08-21 12:25:55,849 django.server:213 - "POST /api/params/set/ HTTP/1.1" 200 95(method=- path=-)
[INFO] 2025-08-21 12:27:22,597 django.server:213 - "POST /logout/ HTTP/1.1" 200 49(method=- path=-)
[INFO] 2025-08-21 12:27:22,622 django.server:213 - "POST /api/params/set/ HTTP/1.1" 200 33(method=- path=-)
[INFO] 2025-08-21 12:27:22,726 django.server:213 - "GET /api/aircraft-type-details HTTP/1.1" 200 4335(method=- path=-)
[INFO] 2025-08-21 12:27:22,759 django.server:213 - "GET /api/aircraft-type-details HTTP/1.1" 200 4335(method=- path=-)
[INFO] 2025-08-21 12:27:22,811 django.server:213 - "GET /csrf/ HTTP/1.1" 200 47(method=- path=-)
[INFO] 2025-08-21 12:27:22,830 django.server:213 - "GET /csrf/ HTTP/1.1" 200 47(method=- path=-)
[INFO] 2025-08-22 03:00:50,550 django.utils.autoreload:667 - Watching for file changes with StatReloader(method=- path=-)
[INFO] 2025-08-22 03:01:41,068 django.utils.autoreload:667 - Watching for file changes with StatReloader(method=- path=-)
[INFO] 2025-08-22 03:02:45,352 django.utils.autoreload:667 - Watching for file changes with StatReloader(method=- path=-)
[INFO] 2025-08-22 03:05:33,127 django.utils.autoreload:667 - Watching for file changes with StatReloader(method=- path=-)
[WARNING] 2025-08-22 03:05:44,000 django.server:213 - "GET /installHook.js.map HTTP/1.1" 404 7828(method=- path=-)
[INFO] 2025-08-22 03:05:44,001 django.server:213 - "GET /api/params/get/ HTTP/1.1" 200 14(method=- path=-)
[INFO] 2025-08-22 03:05:44,001 django.server:213 - "GET /api/params/get/ HTTP/1.1" 200 14(method=- path=-)
[WARNING] 2025-08-22 03:05:44,022 django.server:213 - "GET /user-profile/ HTTP/1.1" 401 46(method=- path=-)
[INFO] 2025-08-22 03:05:44,022 django.server:213 - "GET /csrf/ HTTP/1.1" 200 47(method=- path=-)
[WARNING] 2025-08-22 03:05:44,033 django.server:213 - "GET /user-profile/ HTTP/1.1" 401 46(method=- path=-)
[INFO] 2025-08-22 03:05:44,033 django.server:213 - "GET /csrf/ HTTP/1.1" 200 47(method=- path=-)
[INFO] 2025-08-22 03:06:00,119 django.server:213 - "OPTIONS /login/ HTTP/1.1" 200 0(method=- path=-)
[INFO] 2025-08-22 03:06:00,459 django.server:213 - "POST /login/ HTTP/1.1" 200 180(method=- path=-)
[INFO] 2025-08-22 03:06:00,599 django.server:213 - "GET /api/aircraft-type-details HTTP/1.1" 200 4335(method=- path=-)
[INFO] 2025-08-22 03:06:00,737 django.server:213 - "GET /api/aircraft-type-details HTTP/1.1" 200 4335(method=- path=-)
[INFO] 2025-08-22 03:06:00,860 django.server:213 - "GET /api/aircraft_masters/?include=aircraft_type HTTP/1.1" 200 285542(method=- path=-)
[INFO] 2025-08-22 03:06:01,240 django.server:213 - "GET /api/aircraft_masters/?include=aircraft_type HTTP/1.1" 200 285542(method=- path=-)
[INFO] 2025-08-22 03:06:02,741 django.server:213 - "GET /api/aircraft-details/202500008 HTTP/1.1" 200 11092(method=- path=-)
[INFO] 2025-08-22 03:06:05,154 django.server:213 - "POST /api/params/set/ HTTP/1.1" 200 95(method=- path=-)
[INFO] 2025-08-22 03:11:03,936 django.server:213 - "GET /user-profile/ HTTP/1.1" 200 180(method=- path=-)
[INFO] 2025-08-22 03:11:03,962 django.server:213 - "GET /api/params/get/ HTTP/1.1" 200 76(method=- path=-)
[INFO] 2025-08-22 03:11:03,980 django.server:213 - "GET /api/params/get/ HTTP/1.1" 200 76(method=- path=-)
[INFO] 2025-08-22 03:11:04,005 django.server:213 - "GET /user-profile/ HTTP/1.1" 200 180(method=- path=-)
[WARNING] 2025-08-22 03:11:04,278 django.server:213 - "GET /installHook.js.map HTTP/1.1" 404 7828(method=- path=-)
[INFO] 2025-08-22 03:11:04,424 django.server:213 - "GET /api/aircraft_masters/?include=aircraft_type HTTP/1.1" 200 285542(method=- path=-)
[INFO] 2025-08-22 03:11:04,832 django.server:213 - "GET /api/aircraft_masters/?include=aircraft_type HTTP/1.1" 200 285542(method=- path=-)
[INFO] 2025-08-22 04:13:26,887 django.utils.autoreload:667 - Watching for file changes with StatReloader(method=- path=-)
[WARNING] 2025-08-22 04:13:36,089 django.server:213 - "GET /user-profile/ HTTP/1.1" 401 46(method=- path=-)
[INFO] 2025-08-22 04:13:36,093 django.server:213 - "GET /api/params/get/ HTTP/1.1" 200 14(method=- path=-)
[WARNING] 2025-08-22 04:13:36,093 django.server:213 - "GET /logo192.png HTTP/1.1" 404 7807(method=- path=-)
[WARNING] 2025-08-22 04:13:36,094 django.server:213 - "GET /favicon.ico HTTP/1.1" 404 7807(method=- path=-)
[INFO] 2025-08-22 04:13:36,105 django.server:213 - "GET /api/params/get/ HTTP/1.1" 200 14(method=- path=-)
[WARNING] 2025-08-22 04:13:36,109 django.server:213 - "GET /user-profile/ HTTP/1.1" 401 46(method=- path=-)
[INFO] 2025-08-22 04:13:37,083 django.server:213 - "GET /csrf/ HTTP/1.1" 200 47(method=- path=-)
[INFO] 2025-08-22 04:13:37,086 django.server:213 - "GET /csrf/ HTTP/1.1" 200 47(method=- path=-)
[INFO] 2025-08-22 04:13:46,143 django.server:213 - "OPTIONS /login/ HTTP/1.1" 200 0(method=- path=-)
[INFO] 2025-08-22 04:13:46,455 django.server:213 - "POST /login/ HTTP/1.1" 200 180(method=- path=-)
[INFO] 2025-08-22 04:13:46,596 django.server:213 - "GET /api/aircraft-type-details HTTP/1.1" 200 4335(method=- path=-)
[INFO] 2025-08-22 04:13:46,603 django.server:213 - "GET /api/aircraft-type-details HTTP/1.1" 200 4335(method=- path=-)
[INFO] 2025-08-22 04:13:46,829 django.server:213 - "GET /api/aircraft_masters/?include=aircraft_type HTTP/1.1" 200 285542(method=- path=-)
[INFO] 2025-08-22 04:13:47,338 django.server:213 - "GET /api/aircraft_masters/?include=aircraft_type HTTP/1.1" 200 285542(method=- path=-)
[INFO] 2025-08-22 04:14:59,014 django.server:213 - "GET /user-profile/ HTTP/1.1" 200 180(method=- path=-)
[INFO] 2025-08-22 04:14:59,021 django.server:213 - "GET /api/params/get/ HTTP/1.1" 200 14(method=- path=-)
[INFO] 2025-08-22 04:14:59,025 django.server:213 - "GET /user-profile/ HTTP/1.1" 200 180(method=- path=-)
[INFO] 2025-08-22 04:14:59,030 django.server:213 - "GET /api/params/get/ HTTP/1.1" 200 14(method=- path=-)
[INFO] 2025-08-22 04:14:59,246 django.server:213 - "GET /api/aircraft-type-details HTTP/1.1" 200 4335(method=- path=-)
[INFO] 2025-08-22 04:14:59,271 django.server:213 - "GET /api/aircraft-type-details HTTP/1.1" 200 4335(method=- path=-)
[INFO] 2025-08-22 04:14:59,495 django.server:213 - "GET /api/aircraft_masters/?include=aircraft_type HTTP/1.1" 200 285542(method=- path=-)
[INFO] 2025-08-22 04:15:02,041 django.server:213 - "GET /api/aircraft_masters/?include=aircraft_type HTTP/1.1" 200 285542(method=- path=-)
[INFO] 2025-08-22 04:15:09,684 django.server:213 - "GET /user-profile/ HTTP/1.1" 200 180(method=- path=-)
[INFO] 2025-08-22 04:15:09,698 django.server:213 - "GET /api/params/get/ HTTP/1.1" 200 14(method=- path=-)
[INFO] 2025-08-22 04:15:09,707 django.server:213 - "GET /user-profile/ HTTP/1.1" 200 180(method=- path=-)
[INFO] 2025-08-22 04:15:09,718 django.server:213 - "GET /api/params/get/ HTTP/1.1" 200 14(method=- path=-)
[INFO] 2025-08-22 04:15:09,792 django.server:213 - "GET /api/aircraft-type-details HTTP/1.1" 200 4335(method=- path=-)
[INFO] 2025-08-22 04:15:09,839 django.server:213 - "GET /api/aircraft-type-details HTTP/1.1" 200 4335(method=- path=-)
[INFO] 2025-08-22 04:15:10,165 django.server:213 - "GET /api/aircraft_masters/?include=aircraft_type HTTP/1.1" 200 285542(method=- path=-)
[INFO] 2025-08-22 04:15:10,686 django.server:213 - "GET /api/aircraft_masters/?include=aircraft_type HTTP/1.1" 200 285542(method=- path=-)
[INFO] 2025-08-22 04:15:36,171 django.server:213 - "GET /api/aircraft-type-details HTTP/1.1" 200 4335(method=- path=-)
[INFO] 2025-08-22 04:18:10,820 django.server:213 - "GET /api/aircraft-details/202500008 HTTP/1.1" 200 11092(method=- path=-)
[INFO] 2025-08-22 04:18:13,301 django.server:213 - "POST /api/params/set/ HTTP/1.1" 200 95(method=- path=-)
[INFO] 2025-08-22 04:19:25,459 django.server:213 - "GET /user-profile/ HTTP/1.1" 200 180(method=- path=-)
[INFO] 2025-08-22 04:19:25,477 django.server:213 - "GET /user-profile/ HTTP/1.1" 200 180(method=- path=-)
[INFO] 2025-08-22 04:19:25,531 django.server:213 - "GET /api/params/get/ HTTP/1.1" 200 76(method=- path=-)
[INFO] 2025-08-22 04:19:25,537 django.server:213 - "GET /api/params/get/ HTTP/1.1" 200 76(method=- path=-)
[INFO] 2025-08-22 04:19:26,023 django.server:213 - "GET /api/aircraft_masters/?include=aircraft_type HTTP/1.1" 200 285542(method=- path=-)
[INFO] 2025-08-22 04:19:26,392 django.server:213 - "GET /api/aircraft_masters/?include=aircraft_type HTTP/1.1" 200 285542(method=- path=-)
[INFO] 2025-08-22 04:20:24,972 django.server:213 - "GET /user-profile/ HTTP/1.1" 200 180(method=- path=-)
[INFO] 2025-08-22 04:20:24,996 django.server:213 - "GET /user-profile/ HTTP/1.1" 200 180(method=- path=-)
[INFO] 2025-08-22 04:20:25,000 django.server:213 - "GET /api/params/get/ HTTP/1.1" 200 76(method=- path=-)
[INFO] 2025-08-22 04:20:25,017 django.server:213 - "GET /api/params/get/ HTTP/1.1" 200 76(method=- path=-)
[INFO] 2025-08-22 04:20:25,110 django.server:213 - "GET /api/aircraft_masters/201710264/?include=aircraft_type HTTP/1.1" 200 745(method=- path=-)
[INFO] 2025-08-22 04:20:25,195 django.server:213 - "GET /api/aircraft_masters/201710264/?include=aircraft_type HTTP/1.1" 200 745(method=- path=-)
[INFO] 2025-08-22 04:23:53,485 django.server:213 - "GET /user-profile/ HTTP/1.1" 200 180(method=- path=-)
[INFO] 2025-08-22 04:23:53,517 django.server:213 - "GET /api/params/get/ HTTP/1.1" 200 76(method=- path=-)
[INFO] 2025-08-22 04:23:53,525 django.server:213 - "GET /user-profile/ HTTP/1.1" 200 180(method=- path=-)
[INFO] 2025-08-22 04:23:53,536 django.server:213 - "GET /api/params/get/ HTTP/1.1" 200 76(method=- path=-)
[INFO] 2025-08-22 04:24:21,993 django.server:213 - "GET /user-profile/ HTTP/1.1" 200 180(method=- path=-)
[INFO] 2025-08-22 04:24:22,019 django.server:213 - "GET /user-profile/ HTTP/1.1" 200 180(method=- path=-)
[INFO] 2025-08-22 04:24:22,026 django.server:213 - "GET /api/params/get/ HTTP/1.1" 200 76(method=- path=-)
[INFO] 2025-08-22 04:24:22,032 django.server:213 - "GET /api/params/get/ HTTP/1.1" 200 76(method=- path=-)
[INFO] 2025-08-22 04:24:22,132 django.server:213 - "GET /api/aircraft_masters/201710264/?include=aircraft_type HTTP/1.1" 200 745(method=- path=-)
[INFO] 2025-08-22 04:24:22,209 django.server:213 - "GET /api/aircraft_masters/201710264/?include=aircraft_type HTTP/1.1" 200 745(method=- path=-)
[INFO] 2025-08-22 04:24:26,081 django.server:213 - "GET /user-profile/ HTTP/1.1" 200 180(method=- path=-)
[INFO] 2025-08-22 04:24:26,114 django.server:213 - "GET /user-profile/ HTTP/1.1" 200 180(method=- path=-)
[INFO] 2025-08-22 04:24:26,146 django.server:213 - "GET /api/params/get/ HTTP/1.1" 200 76(method=- path=-)
[INFO] 2025-08-22 04:24:26,180 django.server:213 - "GET /api/aircraft_masters/201710264/?include=aircraft_type HTTP/1.1" 200 745(method=- path=-)
[INFO] 2025-08-22 04:24:26,222 django.server:213 - "GET /api/params/get/ HTTP/1.1" 200 76(method=- path=-)
[INFO] 2025-08-22 04:24:26,269 django.server:213 - "GET /api/aircraft_masters/201710264/?include=aircraft_type HTTP/1.1" 200 745(method=- path=-)
[INFO] 2025-08-22 04:25:07,134 django.server:213 - "GET /user-profile/ HTTP/1.1" 200 180(method=- path=-)
[INFO] 2025-08-22 04:25:07,142 django.server:213 - "GET /user-profile/ HTTP/1.1" 200 180(method=- path=-)
[INFO] 2025-08-22 04:25:07,147 django.server:213 - "GET /api/params/get/ HTTP/1.1" 200 76(method=- path=-)
[INFO] 2025-08-22 04:25:07,153 django.server:213 - "GET /api/params/get/ HTTP/1.1" 200 76(method=- path=-)
[INFO] 2025-08-22 04:25:07,299 django.server:213 - "GET /api/aircraft_masters/201710264/?include=aircraft_type HTTP/1.1" 200 745(method=- path=-)
[INFO] 2025-08-22 04:25:07,418 django.server:213 - "GET /api/aircraft_masters/201710264/?include=aircraft_type HTTP/1.1" 200 745(method=- path=-)
[INFO] 2025-08-22 04:25:25,883 django.server:213 - "GET /user-profile/ HTTP/1.1" 200 180(method=- path=-)
[INFO] 2025-08-22 04:25:25,901 django.server:213 - "GET /user-profile/ HTTP/1.1" 200 180(method=- path=-)
[INFO] 2025-08-22 04:25:25,915 django.server:213 - "GET /api/params/get/ HTTP/1.1" 200 76(method=- path=-)
[INFO] 2025-08-22 04:25:25,925 django.server:213 - "GET /api/params/get/ HTTP/1.1" 200 76(method=- path=-)
[INFO] 2025-08-22 04:25:26,108 django.server:213 - "GET /api/aircraft_masters/201710264/?include=aircraft_type HTTP/1.1" 200 745(method=- path=-)
[INFO] 2025-08-22 04:25:26,279 django.server:213 - "GET /api/aircraft_masters/201710264/?include=aircraft_type HTTP/1.1" 200 745(method=- path=-)
[INFO] 2025-08-22 04:30:31,070 django.server:213 - "GET /user-profile/ HTTP/1.1" 200 180(method=- path=-)
[INFO] 2025-08-22 04:30:31,074 django.server:213 - "GET /user-profile/ HTTP/1.1" 200 180(method=- path=-)
[INFO] 2025-08-22 04:30:31,086 django.server:213 - "GET /api/params/get/ HTTP/1.1" 200 76(method=- path=-)
[INFO] 2025-08-22 04:30:31,098 django.server:213 - "GET /api/params/get/ HTTP/1.1" 200 76(method=- path=-)
[INFO] 2025-08-22 04:30:31,203 django.server:213 - "GET /api/aircraft_masters/201710264/?include=aircraft_type HTTP/1.1" 200 745(method=- path=-)
[INFO] 2025-08-22 04:30:31,277 django.server:213 - "GET /api/aircraft_masters/201710264/?include=aircraft_type HTTP/1.1" 200 745(method=- path=-)
[INFO] 2025-08-22 04:30:55,433 django.server:213 - "GET /user-profile/ HTTP/1.1" 200 180(method=- path=-)
[INFO] 2025-08-22 04:30:55,448 django.server:213 - "GET /user-profile/ HTTP/1.1" 200 180(method=- path=-)
[INFO] 2025-08-22 04:30:55,452 django.server:213 - "GET /api/params/get/ HTTP/1.1" 200 76(method=- path=-)
[INFO] 2025-08-22 04:30:55,459 django.server:213 - "GET /api/params/get/ HTTP/1.1" 200 76(method=- path=-)
[INFO] 2025-08-22 04:30:55,568 django.server:213 - "GET /api/aircraft_masters/201710264/?include=aircraft_type HTTP/1.1" 200 745(method=- path=-)
[INFO] 2025-08-22 04:30:55,652 django.server:213 - "GET /api/aircraft_masters/201710264/?include=aircraft_type HTTP/1.1" 200 745(method=- path=-)
[INFO] 2025-08-22 04:31:11,884 django.server:213 - "GET /user-profile/ HTTP/1.1" 200 180(method=- path=-)
[INFO] 2025-08-22 04:31:11,891 django.server:213 - "GET /user-profile/ HTTP/1.1" 200 180(method=- path=-)
[INFO] 2025-08-22 04:31:11,897 django.server:213 - "GET /api/params/get/ HTTP/1.1" 200 76(method=- path=-)
[INFO] 2025-08-22 04:31:11,906 django.server:213 - "GET /api/params/get/ HTTP/1.1" 200 76(method=- path=-)
[INFO] 2025-08-22 04:31:12,119 django.server:213 - "GET /api/aircraft_masters/201710264/?include=aircraft_type HTTP/1.1" 200 745(method=- path=-)
[INFO] 2025-08-22 04:31:12,210 django.server:213 - "GET /api/aircraft_masters/201710264/?include=aircraft_type HTTP/1.1" 200 745(method=- path=-)
[INFO] 2025-08-22 04:31:21,883 django.server:213 - "GET /user-profile/ HTTP/1.1" 200 180(method=- path=-)
[INFO] 2025-08-22 04:31:21,892 django.server:213 - "GET /user-profile/ HTTP/1.1" 200 180(method=- path=-)
[INFO] 2025-08-22 04:31:21,898 django.server:213 - "GET /api/params/get/ HTTP/1.1" 200 76(method=- path=-)
[INFO] 2025-08-22 04:31:21,905 django.server:213 - "GET /api/params/get/ HTTP/1.1" 200 76(method=- path=-)
[INFO] 2025-08-22 04:31:22,121 django.server:213 - "GET /api/aircraft_masters/201710264/?include=aircraft_type HTTP/1.1" 200 745(method=- path=-)
[INFO] 2025-08-22 04:31:22,745 django.server:213 - "GET /api/aircraft_masters/201710264/?include=aircraft_type HTTP/1.1" 200 745(method=- path=-)
[INFO] 2025-08-22 04:31:40,256 django.server:213 - "GET /user-profile/ HTTP/1.1" 200 180(method=- path=-)
[INFO] 2025-08-22 04:31:40,273 django.server:213 - "GET /user-profile/ HTTP/1.1" 200 180(method=- path=-)
[INFO] 2025-08-22 04:31:40,277 django.server:213 - "GET /api/params/get/ HTTP/1.1" 200 76(method=- path=-)
[INFO] 2025-08-22 04:31:40,294 django.server:213 - "GET /api/params/get/ HTTP/1.1" 200 76(method=- path=-)
[INFO] 2025-08-22 04:31:40,486 django.server:213 - "GET /api/aircraft_masters/201710264/?include=aircraft_type HTTP/1.1" 200 745(method=- path=-)
[INFO] 2025-08-22 04:31:40,762 django.server:213 - "GET /api/aircraft_masters/201710264/?include=aircraft_type HTTP/1.1" 200 745(method=- path=-)
[INFO] 2025-08-22 04:31:53,980 django.server:213 - "GET /user-profile/ HTTP/1.1" 200 180(method=- path=-)
[INFO] 2025-08-22 04:31:53,991 django.server:213 - "GET /user-profile/ HTTP/1.1" 200 180(method=- path=-)
[INFO] 2025-08-22 04:31:53,998 django.server:213 - "GET /api/params/get/ HTTP/1.1" 200 76(method=- path=-)
[INFO] 2025-08-22 04:31:54,014 django.server:213 - "GET /api/params/get/ HTTP/1.1" 200 76(method=- path=-)
[INFO] 2025-08-22 04:31:54,113 django.server:213 - "GET /api/aircraft_masters/201710264/?include=aircraft_type HTTP/1.1" 200 745(method=- path=-)
[INFO] 2025-08-22 04:31:54,202 django.server:213 - "GET /api/aircraft_masters/201710264/?include=aircraft_type HTTP/1.1" 200 745(method=- path=-)
[INFO] 2025-08-22 04:33:47,136 django.server:213 - "GET /user-profile/ HTTP/1.1" 200 180(method=- path=-)
[INFO] 2025-08-22 04:33:47,155 django.server:213 - "GET /user-profile/ HTTP/1.1" 200 180(method=- path=-)
[INFO] 2025-08-22 04:33:47,159 django.server:213 - "GET /api/params/get/ HTTP/1.1" 200 76(method=- path=-)
[INFO] 2025-08-22 04:33:47,175 django.server:213 - "GET /api/params/get/ HTTP/1.1" 200 76(method=- path=-)
[INFO] 2025-08-22 04:33:47,267 django.server:213 - "GET /api/aircraft_masters/201710264/?include=aircraft_type HTTP/1.1" 200 745(method=- path=-)
[INFO] 2025-08-22 04:33:47,451 django.server:213 - "GET /api/aircraft_masters/201710264/?include=aircraft_type HTTP/1.1" 200 745(method=- path=-)
[WARNING] 2025-08-22 04:36:05,635 django.server:213 - "GET /do.jpg HTTP/1.1" 404 7792(method=- path=-)
[WARNING] 2025-08-22 04:36:05,644 django.server:213 - "GET /hk2.jpg HTTP/1.1" 404 7795(method=- path=-)
[WARNING] 2025-08-22 04:36:05,653 django.server:213 - "GET /chetak.jpg HTTP/1.1" 404 7804(method=- path=-)
[WARNING] 2025-08-22 04:36:05,680 django.server:213 - "GET /vkd.png HTTP/1.1" 404 7795(method=- path=-)
[WARNING] 2025-08-22 04:36:05,683 django.server:213 - "GET /il.jpg HTTP/1.1" 404 7792(method=- path=-)
[INFO] 2025-08-22 04:37:49,059 django.server:213 - "GET /user-profile/ HTTP/1.1" 200 180(method=- path=-)
[INFO] 2025-08-22 04:37:49,080 django.server:213 - "GET /user-profile/ HTTP/1.1" 200 180(method=- path=-)
[INFO] 2025-08-22 04:37:49,085 django.server:213 - "GET /api/params/get/ HTTP/1.1" 200 76(method=- path=-)
[INFO] 2025-08-22 04:37:49,088 django.server:213 - "GET /api/params/get/ HTTP/1.1" 200 76(method=- path=-)
[INFO] 2025-08-22 04:37:49,222 django.server:213 - "GET /api/aircraft_masters/201710264/?include=aircraft_type HTTP/1.1" 200 745(method=- path=-)
[WARNING] 2025-08-22 04:37:49,250 django.server:213 - "GET /vkd.png HTTP/1.1" 404 7795(method=- path=-)
[WARNING] 2025-08-22 04:37:49,281 django.server:213 - "GET /hk2.jpg HTTP/1.1" 404 7795(method=- path=-)
[WARNING] 2025-08-22 04:37:49,303 django.server:213 - "GET /do.jpg HTTP/1.1" 404 7792(method=- path=-)
[WARNING] 2025-08-22 04:37:49,309 django.server:213 - "GET /chetak.jpg HTTP/1.1" 404 7804(method=- path=-)
[WARNING] 2025-08-22 04:37:49,316 django.server:213 - "GET /il.jpg HTTP/1.1" 404 7792(method=- path=-)
[INFO] 2025-08-22 04:37:49,344 django.server:213 - "GET /api/aircraft_masters/201710264/?include=aircraft_type HTTP/1.1" 200 745(method=- path=-)
[WARNING] 2025-08-22 04:38:17,146 django.server:213 - "GET /do.jpg HTTP/1.1" 404 7792(method=- path=-)
[WARNING] 2025-08-22 04:38:17,172 django.server:213 - "GET /hk2.jpg HTTP/1.1" 404 7795(method=- path=-)
[WARNING] 2025-08-22 04:38:17,177 django.server:213 - "GET /chetak.jpg HTTP/1.1" 404 7804(method=- path=-)
[WARNING] 2025-08-22 04:38:17,186 django.server:213 - "GET /il.jpg HTTP/1.1" 404 7792(method=- path=-)
[WARNING] 2025-08-22 04:38:17,199 django.server:213 - "GET /vkd.png HTTP/1.1" 404 7795(method=- path=-)
[INFO] 2025-08-22 05:53:42,403 django.server:213 - "GET /user-profile/ HTTP/1.1" 200 180(method=- path=-)
[INFO] 2025-08-22 05:53:42,431 django.server:213 - "GET /user-profile/ HTTP/1.1" 200 180(method=- path=-)
[INFO] 2025-08-22 05:53:42,462 django.server:213 - "GET /api/params/get/ HTTP/1.1" 200 76(method=- path=-)
[INFO] 2025-08-22 05:53:42,544 django.server:213 - "GET /api/aircraft_masters/201710264/?include=aircraft_type HTTP/1.1" 200 745(method=- path=-)
[WARNING] 2025-08-22 05:53:42,586 django.server:213 - "GET /il.jpg HTTP/1.1" 404 7792(method=- path=-)
[INFO] 2025-08-22 05:53:42,592 django.server:213 - "GET /api/params/get/ HTTP/1.1" 200 76(method=- path=-)
[WARNING] 2025-08-22 05:53:42,596 django.server:213 - "GET /hk2.jpg HTTP/1.1" 404 7795(method=- path=-)
[WARNING] 2025-08-22 05:53:42,600 django.server:213 - "GET /chetak.jpg HTTP/1.1" 404 7804(method=- path=-)
[WARNING] 2025-08-22 05:53:42,634 django.server:213 - "GET /vkd.png HTTP/1.1" 404 7795(method=- path=-)
[WARNING] 2025-08-22 05:53:42,671 django.server:213 - "GET /do.jpg HTTP/1.1" 404 7792(method=- path=-)
[INFO] 2025-08-22 05:53:42,675 django.server:213 - "GET /api/aircraft_masters/201710264/?include=aircraft_type HTTP/1.1" 200 745(method=- path=-)
[INFO] 2025-08-22 05:54:12,570 django.server:213 - "GET /user-profile/ HTTP/1.1" 200 180(method=- path=-)
[INFO] 2025-08-22 05:54:12,585 django.server:213 - "GET /user-profile/ HTTP/1.1" 200 180(method=- path=-)
[INFO] 2025-08-22 05:54:12,592 django.server:213 - "GET /api/params/get/ HTTP/1.1" 200 76(method=- path=-)
[INFO] 2025-08-22 05:54:12,605 django.server:213 - "GET /api/params/get/ HTTP/1.1" 200 76(method=- path=-)
[INFO] 2025-08-22 05:54:12,687 django.server:213 - "GET /api/aircraft_masters/201710264/?include=aircraft_type HTTP/1.1" 200 745(method=- path=-)
[WARNING] 2025-08-22 05:54:12,829 django.server:213 - "GET /vkd.png HTTP/1.1" 404 7795(method=- path=-)
[INFO] 2025-08-22 05:54:12,835 django.server:213 - "GET /api/aircraft_masters/201710264/?include=aircraft_type HTTP/1.1" 200 745(method=- path=-)
[WARNING] 2025-08-22 05:54:12,842 django.server:213 - "GET /do.jpg HTTP/1.1" 404 7792(method=- path=-)
[WARNING] 2025-08-22 05:54:12,850 django.server:213 - "GET /hk2.jpg HTTP/1.1" 404 7795(method=- path=-)
[WARNING] 2025-08-22 05:54:12,874 django.server:213 - "GET /chetak.jpg HTTP/1.1" 404 7804(method=- path=-)
[WARNING] 2025-08-22 05:54:12,903 django.server:213 - "GET /il.jpg HTTP/1.1" 404 7792(method=- path=-)
[INFO] 2025-08-22 05:54:23,911 django.server:213 - "GET /user-profile/ HTTP/1.1" 200 180(method=- path=-)
[INFO] 2025-08-22 05:54:23,922 django.server:213 - "GET /user-profile/ HTTP/1.1" 200 180(method=- path=-)
[INFO] 2025-08-22 05:54:23,927 django.server:213 - "GET /api/params/get/ HTTP/1.1" 200 76(method=- path=-)
[INFO] 2025-08-22 05:54:23,931 django.server:213 - "GET /api/params/get/ HTTP/1.1" 200 76(method=- path=-)
[INFO] 2025-08-22 05:54:24,068 django.server:213 - "GET /api/aircraft_masters/201710264/?include=aircraft_type HTTP/1.1" 200 745(method=- path=-)
[WARNING] 2025-08-22 05:54:24,120 django.server:213 - "GET /do.jpg HTTP/1.1" 404 7792(method=- path=-)
[WARNING] 2025-08-22 05:54:24,152 django.server:213 - "GET /hk2.jpg HTTP/1.1" 404 7795(method=- path=-)
[WARNING] 2025-08-22 05:54:24,157 django.server:213 - "GET /chetak.jpg HTTP/1.1" 404 7804(method=- path=-)
[WARNING] 2025-08-22 05:54:24,164 django.server:213 - "GET /il.jpg HTTP/1.1" 404 7792(method=- path=-)
[INFO] 2025-08-22 05:54:24,193 django.server:213 - "GET /api/aircraft_masters/201710264/?include=aircraft_type HTTP/1.1" 200 745(method=- path=-)
[WARNING] 2025-08-22 05:54:24,229 django.server:213 - "GET /vkd.png HTTP/1.1" 404 7795(method=- path=-)
[INFO] 2025-08-22 05:54:47,637 django.server:213 - "GET /user-profile/ HTTP/1.1" 200 180(method=- path=-)
[INFO] 2025-08-22 05:54:47,657 django.server:213 - "GET /user-profile/ HTTP/1.1" 200 180(method=- path=-)
[INFO] 2025-08-22 05:54:47,664 django.server:213 - "GET /api/params/get/ HTTP/1.1" 200 76(method=- path=-)
[INFO] 2025-08-22 05:54:47,671 django.server:213 - "GET /api/params/get/ HTTP/1.1" 200 76(method=- path=-)
[WARNING] 2025-08-22 05:54:47,767 django.server:213 - "GET /do.jpg HTTP/1.1" 404 7792(method=- path=-)
[WARNING] 2025-08-22 05:54:47,812 django.server:213 - "GET /hk2.jpg HTTP/1.1" 404 7795(method=- path=-)
[WARNING] 2025-08-22 05:54:47,819 django.server:213 - "GET /chetak.jpg HTTP/1.1" 404 7804(method=- path=-)
[WARNING] 2025-08-22 05:54:47,824 django.server:213 - "GET /vkd.png HTTP/1.1" 404 7795(method=- path=-)
[WARNING] 2025-08-22 05:54:47,846 django.server:213 - "GET /il.jpg HTTP/1.1" 404 7792(method=- path=-)
[INFO] 2025-08-22 05:54:47,860 django.server:213 - "GET /api/aircraft_masters/201710264/?include=aircraft_type HTTP/1.1" 200 745(method=- path=-)
[INFO] 2025-08-22 05:54:48,038 django.server:213 - "GET /api/aircraft_masters/201710264/?include=aircraft_type HTTP/1.1" 200 745(method=- path=-)
[INFO] 2025-08-22 05:57:58,113 django.server:213 - "GET /user-profile/ HTTP/1.1" 200 180(method=- path=-)
[INFO] 2025-08-22 05:57:58,145 django.server:213 - "GET /user-profile/ HTTP/1.1" 200 180(method=- path=-)
[INFO] 2025-08-22 05:57:58,157 django.server:213 - "GET /api/params/get/ HTTP/1.1" 200 76(method=- path=-)
[INFO] 2025-08-22 05:57:58,160 django.server:213 - "GET /api/params/get/ HTTP/1.1" 200 76(method=- path=-)
[INFO] 2025-08-22 05:57:58,258 django.server:213 - "GET /api/aircraft_masters/201710264/?include=aircraft_type HTTP/1.1" 200 745(method=- path=-)
[WARNING] 2025-08-22 05:57:58,287 django.server:213 - "GET /do.jpg HTTP/1.1" 404 7792(method=- path=-)
[WARNING] 2025-08-22 05:57:58,320 django.server:213 - "GET /vkd.png HTTP/1.1" 404 7795(method=- path=-)
[WARNING] 2025-08-22 05:57:58,353 django.server:213 - "GET /il.jpg HTTP/1.1" 404 7792(method=- path=-)
[WARNING] 2025-08-22 05:57:58,361 django.server:213 - "GET /hk2.jpg HTTP/1.1" 404 7795(method=- path=-)
[WARNING] 2025-08-22 05:57:58,368 django.server:213 - "GET /chetak.jpg HTTP/1.1" 404 7804(method=- path=-)
[INFO] 2025-08-22 05:57:58,403 django.server:213 - "GET /api/aircraft_masters/201710264/?include=aircraft_type HTTP/1.1" 200 745(method=- path=-)
[INFO] 2025-08-22 06:00:34,598 django.server:213 - "GET /user-profile/ HTTP/1.1" 200 180(method=- path=-)
[INFO] 2025-08-22 06:00:34,607 django.server:213 - "GET /user-profile/ HTTP/1.1" 200 180(method=- path=-)
[INFO] 2025-08-22 06:00:34,617 django.server:213 - "GET /api/params/get/ HTTP/1.1" 200 76(method=- path=-)
[INFO] 2025-08-22 06:00:34,620 django.server:213 - "GET /api/params/get/ HTTP/1.1" 200 76(method=- path=-)
[INFO] 2025-08-22 06:00:34,737 django.server:213 - "GET /api/aircraft_masters/201710264/?include=aircraft_type HTTP/1.1" 200 745(method=- path=-)
[WARNING] 2025-08-22 06:00:34,765 django.server:213 - "GET /public/images/do.jpg HTTP/1.1" 404 7834(method=- path=-)
[WARNING] 2025-08-22 06:00:34,815 django.server:213 - "GET /public/images/hk2.jpg HTTP/1.1" 404 7837(method=- path=-)
[WARNING] 2025-08-22 06:00:34,857 django.server:213 - "GET /do.jpg HTTP/1.1" 404 7792(method=- path=-)
[WARNING] 2025-08-22 06:00:34,923 django.server:213 - "GET /hk2.jpg HTTP/1.1" 404 7795(method=- path=-)
[WARNING] 2025-08-22 06:00:34,950 django.server:213 - "GET /il.jpg HTTP/1.1" 404 7792(method=- path=-)
[WARNING] 2025-08-22 06:00:34,981 django.server:213 - "GET /chetak.jpg HTTP/1.1" 404 7804(method=- path=-)
[WARNING] 2025-08-22 06:00:35,015 django.server:213 - "GET /vkd.png HTTP/1.1" 404 7795(method=- path=-)
[WARNING] 2025-08-22 06:00:35,020 django.server:213 - "GET /public/images/chetak.jpg HTTP/1.1" 404 7846(method=- path=-)
[WARNING] 2025-08-22 06:00:35,025 django.server:213 - "GET /public/images/vkd.png HTTP/1.1" 404 7837(method=- path=-)
[INFO] 2025-08-22 06:00:35,056 django.server:213 - "GET /api/aircraft_masters/201710264/?include=aircraft_type HTTP/1.1" 200 745(method=- path=-)
[WARNING] 2025-08-22 06:00:35,067 django.server:213 - "GET /public/images/il.jpg HTTP/1.1" 404 7834(method=- path=-)
[INFO] 2025-08-22 06:00:59,461 django.server:213 - "GET /user-profile/ HTTP/1.1" 200 180(method=- path=-)
[INFO] 2025-08-22 06:00:59,473 django.server:213 - "GET /user-profile/ HTTP/1.1" 200 180(method=- path=-)
[INFO] 2025-08-22 06:00:59,481 django.server:213 - "GET /api/params/get/ HTTP/1.1" 200 76(method=- path=-)
[INFO] 2025-08-22 06:00:59,486 django.server:213 - "GET /api/params/get/ HTTP/1.1" 200 76(method=- path=-)
[INFO] 2025-08-22 06:00:59,603 django.server:213 - "GET /api/aircraft_masters/201710264/?include=aircraft_type HTTP/1.1" 200 745(method=- path=-)
[WARNING] 2025-08-22 06:00:59,649 django.server:213 - "GET /do.jpg HTTP/1.1" 404 7792(method=- path=-)
[WARNING] 2025-08-22 06:00:59,672 django.server:213 - "GET /chetak.jpg HTTP/1.1" 404 7804(method=- path=-)
[WARNING] 2025-08-22 06:00:59,678 django.server:213 - "GET /hk2.jpg HTTP/1.1" 404 7795(method=- path=-)
[WARNING] 2025-08-22 06:00:59,682 django.server:213 - "GET /il.jpg HTTP/1.1" 404 7792(method=- path=-)
[WARNING] 2025-08-22 06:00:59,686 django.server:213 - "GET /vkd.png HTTP/1.1" 404 7795(method=- path=-)
[INFO] 2025-08-22 06:00:59,805 django.server:213 - "GET /api/aircraft_masters/201710264/?include=aircraft_type HTTP/1.1" 200 745(method=- path=-)
[INFO] 2025-08-22 06:03:11,327 django.server:213 - "GET /user-profile/ HTTP/1.1" 200 180(method=- path=-)
[INFO] 2025-08-22 06:03:11,353 django.server:213 - "GET /user-profile/ HTTP/1.1" 200 180(method=- path=-)
[INFO] 2025-08-22 06:03:11,359 django.server:213 - "GET /api/params/get/ HTTP/1.1" 200 76(method=- path=-)
[INFO] 2025-08-22 06:03:11,364 django.server:213 - "GET /api/params/get/ HTTP/1.1" 200 76(method=- path=-)
[INFO] 2025-08-22 06:03:11,466 django.server:213 - "GET /api/aircraft_masters/201710264/?include=aircraft_type HTTP/1.1" 200 745(method=- path=-)
[WARNING] 2025-08-22 06:03:11,493 django.server:213 - "GET /do.jpg HTTP/1.1" 404 7792(method=- path=-)
[WARNING] 2025-08-22 06:03:11,527 django.server:213 - "GET /il.jpg HTTP/1.1" 404 7792(method=- path=-)
[WARNING] 2025-08-22 06:03:11,551 django.server:213 - "GET /hk2.jpg HTTP/1.1" 404 7795(method=- path=-)
[INFO] 2025-08-22 06:03:11,615 django.server:213 - "GET /api/aircraft_masters/201710264/?include=aircraft_type HTTP/1.1" 200 745(method=- path=-)
[WARNING] 2025-08-22 06:03:11,675 django.server:213 - "GET /chetak.jpg HTTP/1.1" 404 7804(method=- path=-)
[WARNING] 2025-08-22 06:03:11,689 django.server:213 - "GET /vkd.png HTTP/1.1" 404 7795(method=- path=-)
[INFO] 2025-08-22 06:03:44,717 django.server:213 - "GET /user-profile/ HTTP/1.1" 200 180(method=- path=-)
[INFO] 2025-08-22 06:03:44,740 django.server:213 - "GET /user-profile/ HTTP/1.1" 200 180(method=- path=-)
[INFO] 2025-08-22 06:03:44,746 django.server:213 - "GET /api/params/get/ HTTP/1.1" 200 76(method=- path=-)
[INFO] 2025-08-22 06:03:44,762 django.server:213 - "GET /api/params/get/ HTTP/1.1" 200 76(method=- path=-)
[INFO] 2025-08-22 06:03:44,879 django.server:213 - "GET /api/aircraft_masters/201710264/?include=aircraft_type HTTP/1.1" 200 745(method=- path=-)
[WARNING] 2025-08-22 06:03:44,901 django.server:213 - "GET /chetak.jpg HTTP/1.1" 404 7804(method=- path=-)
[WARNING] 2025-08-22 06:03:44,925 django.server:213 - "GET /hk2.jpg HTTP/1.1" 404 7795(method=- path=-)
[WARNING] 2025-08-22 06:03:44,955 django.server:213 - "GET /il.jpg HTTP/1.1" 404 7792(method=- path=-)
[WARNING] 2025-08-22 06:03:44,969 django.server:213 - "GET /vkd.png HTTP/1.1" 404 7795(method=- path=-)
[WARNING] 2025-08-22 06:03:45,004 django.server:213 - "GET /do.jpg HTTP/1.1" 404 7792(method=- path=-)
[INFO] 2025-08-22 06:03:45,009 django.server:213 - "GET /api/aircraft_masters/201710264/?include=aircraft_type HTTP/1.1" 200 745(method=- path=-)
[INFO] 2025-08-22 06:04:05,458 django.server:213 - "GET /user-profile/ HTTP/1.1" 200 180(method=- path=-)
[INFO] 2025-08-22 06:04:05,482 django.server:213 - "GET /api/params/get/ HTTP/1.1" 200 76(method=- path=-)
[INFO] 2025-08-22 06:04:05,486 django.server:213 - "GET /user-profile/ HTTP/1.1" 200 180(method=- path=-)
[INFO] 2025-08-22 06:04:05,494 django.server:213 - "GET /api/params/get/ HTTP/1.1" 200 76(method=- path=-)
[INFO] 2025-08-22 06:04:05,583 django.server:213 - "GET /api/aircraft_masters/201710264/?include=aircraft_type HTTP/1.1" 200 745(method=- path=-)
[WARNING] 2025-08-22 06:04:05,620 django.server:213 - "GET /do.jpg HTTP/1.1" 404 7792(method=- path=-)
[WARNING] 2025-08-22 06:04:05,642 django.server:213 - "GET /hk2.jpg HTTP/1.1" 404 7795(method=- path=-)
[WARNING] 2025-08-22 06:04:05,666 django.server:213 - "GET /il.jpg HTTP/1.1" 404 7792(method=- path=-)
[WARNING] 2025-08-22 06:04:05,673 django.server:213 - "GET /vkd.png HTTP/1.1" 404 7795(method=- path=-)
[WARNING] 2025-08-22 06:04:05,678 django.server:213 - "GET /chetak.jpg HTTP/1.1" 404 7804(method=- path=-)
[INFO] 2025-08-22 06:04:05,698 django.server:213 - "GET /api/aircraft_masters/201710264/?include=aircraft_type HTTP/1.1" 200 745(method=- path=-)
[INFO] 2025-08-22 06:04:15,775 django.server:213 - "GET /user-profile/ HTTP/1.1" 200 180(method=- path=-)
[INFO] 2025-08-22 06:04:15,788 django.server:213 - "GET /api/params/get/ HTTP/1.1" 200 76(method=- path=-)
[INFO] 2025-08-22 06:04:15,803 django.server:213 - "GET /api/params/get/ HTTP/1.1" 200 76(method=- path=-)
[INFO] 2025-08-22 06:04:15,894 django.server:213 - "GET /user-profile/ HTTP/1.1" 200 180(method=- path=-)
[INFO] 2025-08-22 06:04:15,941 django.server:213 - "GET /api/aircraft_masters/201710264/?include=aircraft_type HTTP/1.1" 200 745(method=- path=-)
[WARNING] 2025-08-22 06:04:15,975 django.server:213 - "GET /do.jpg HTTP/1.1" 404 7792(method=- path=-)
[WARNING] 2025-08-22 06:04:16,008 django.server:213 - "GET /chetak.jpg HTTP/1.1" 404 7804(method=- path=-)
[WARNING] 2025-08-22 06:04:16,041 django.server:213 - "GET /hk2.jpg HTTP/1.1" 404 7795(method=- path=-)
[WARNING] 2025-08-22 06:04:16,047 django.server:213 - "GET /il.jpg HTTP/1.1" 404 7792(method=- path=-)
[INFO] 2025-08-22 06:04:16,079 django.server:213 - "GET /api/aircraft_masters/201710264/?include=aircraft_type HTTP/1.1" 200 745(method=- path=-)
[WARNING] 2025-08-22 06:04:16,144 django.server:213 - "GET /vkd.png HTTP/1.1" 404 7795(method=- path=-)
[INFO] 2025-08-22 06:09:31,786 django.server:213 - "GET /user-profile/ HTTP/1.1" 200 180(method=- path=-)
[INFO] 2025-08-22 06:09:31,797 django.server:213 - "GET /api/params/get/ HTTP/1.1" 200 76(method=- path=-)
[INFO] 2025-08-22 06:09:31,817 django.server:213 - "GET /api/params/get/ HTTP/1.1" 200 76(method=- path=-)
[INFO] 2025-08-22 06:09:31,820 django.server:213 - "GET /user-profile/ HTTP/1.1" 200 180(method=- path=-)
[INFO] 2025-08-22 06:09:31,914 django.server:213 - "GET /api/aircraft_masters/201710264/?include=aircraft_type HTTP/1.1" 200 745(method=- path=-)
[WARNING] 2025-08-22 06:09:31,964 django.server:213 - "GET /il.jpg HTTP/1.1" 404 7792(method=- path=-)
[WARNING] 2025-08-22 06:09:31,990 django.server:213 - "GET /hk2.jpg HTTP/1.1" 404 7795(method=- path=-)
[WARNING] 2025-08-22 06:09:32,023 django.server:213 - "GET /vkd.png HTTP/1.1" 404 7795(method=- path=-)
[WARNING] 2025-08-22 06:09:32,031 django.server:213 - "GET /chetak.jpg HTTP/1.1" 404 7804(method=- path=-)
[WARNING] 2025-08-22 06:09:32,045 django.server:213 - "GET /do.jpg HTTP/1.1" 404 7792(method=- path=-)
[INFO] 2025-08-22 06:09:32,167 django.server:213 - "GET /api/aircraft_masters/201710264/?include=aircraft_type HTTP/1.1" 200 745(method=- path=-)
[INFO] 2025-08-22 06:09:56,743 django.server:213 - "GET /user-profile/ HTTP/1.1" 200 180(method=- path=-)
[INFO] 2025-08-22 06:09:56,754 django.server:213 - "GET /api/params/get/ HTTP/1.1" 200 76(method=- path=-)
[INFO] 2025-08-22 06:09:56,768 django.server:213 - "GET /api/params/get/ HTTP/1.1" 200 76(method=- path=-)
[INFO] 2025-08-22 06:09:56,874 django.server:213 - "GET /user-profile/ HTTP/1.1" 200 180(method=- path=-)
[INFO] 2025-08-22 06:09:56,916 django.server:213 - "GET /api/aircraft_masters/201710264/?include=aircraft_type HTTP/1.1" 200 745(method=- path=-)
[WARNING] 2025-08-22 06:09:56,944 django.server:213 - "GET /do.jpg HTTP/1.1" 404 7792(method=- path=-)
[WARNING] 2025-08-22 06:09:56,975 django.server:213 - "GET /il.jpg HTTP/1.1" 404 7792(method=- path=-)
[WARNING] 2025-08-22 06:09:56,981 django.server:213 - "GET /vkd.png HTTP/1.1" 404 7795(method=- path=-)
[WARNING] 2025-08-22 06:09:56,985 django.server:213 - "GET /chetak.jpg HTTP/1.1" 404 7804(method=- path=-)
[WARNING] 2025-08-22 06:09:56,989 django.server:213 - "GET /hk2.jpg HTTP/1.1" 404 7795(method=- path=-)
[INFO] 2025-08-22 06:09:57,016 django.server:213 - "GET /api/aircraft_masters/201710264/?include=aircraft_type HTTP/1.1" 200 745(method=- path=-)
[INFO] 2025-08-22 06:10:59,256 django.server:213 - "GET /user-profile/ HTTP/1.1" 200 180(method=- path=-)
[INFO] 2025-08-22 06:10:59,272 django.server:213 - "GET /api/params/get/ HTTP/1.1" 200 76(method=- path=-)
[INFO] 2025-08-22 06:10:59,286 django.server:213 - "GET /user-profile/ HTTP/1.1" 200 180(method=- path=-)
[INFO] 2025-08-22 06:10:59,301 django.server:213 - "GET /api/params/get/ HTTP/1.1" 200 76(method=- path=-)
[INFO] 2025-08-22 06:10:59,504 django.server:213 - "GET /api/aircraft_masters/201710264/?include=aircraft_type HTTP/1.1" 200 745(method=- path=-)
[INFO] 2025-08-22 06:10:59,607 django.server:213 - "GET /api/aircraft_masters/201710264/?include=aircraft_type HTTP/1.1" 200 745(method=- path=-)
[INFO] 2025-08-22 06:11:07,521 django.server:213 - "GET /user-profile/ HTTP/1.1" 200 180(method=- path=-)
[INFO] 2025-08-22 06:11:07,542 django.server:213 - "GET /user-profile/ HTTP/1.1" 200 180(method=- path=-)
[INFO] 2025-08-22 06:11:07,546 django.server:213 - "GET /api/params/get/ HTTP/1.1" 200 76(method=- path=-)
[INFO] 2025-08-22 06:11:07,611 django.server:213 - "GET /api/params/get/ HTTP/1.1" 200 76(method=- path=-)
[INFO] 2025-08-22 06:11:07,769 django.server:213 - "GET /api/aircraft_masters/201710264/?include=aircraft_type HTTP/1.1" 200 745(method=- path=-)
[INFO] 2025-08-22 06:11:07,845 django.server:213 - "GET /api/aircraft_masters/201710264/?include=aircraft_type HTTP/1.1" 200 745(method=- path=-)
[WARNING] 2025-08-22 06:11:10,557 django.server:213 - "GET /do.jpg HTTP/1.1" 404 7792(method=- path=-)
[WARNING] 2025-08-22 06:11:10,578 django.server:213 - "GET /hk2.jpg HTTP/1.1" 404 7795(method=- path=-)
[WARNING] 2025-08-22 06:11:10,584 django.server:213 - "GET /il.jpg HTTP/1.1" 404 7792(method=- path=-)
[WARNING] 2025-08-22 06:11:10,591 django.server:213 - "GET /chetak.jpg HTTP/1.1" 404 7804(method=- path=-)
[WARNING] 2025-08-22 06:11:10,612 django.server:213 - "GET /vkd.png HTTP/1.1" 404 7795(method=- path=-)
[WARNING] 2025-08-22 06:11:45,510 django.server:213 - "GET /do.jpg HTTP/1.1" 404 7792(method=- path=-)
[WARNING] 2025-08-22 06:11:45,535 django.server:213 - "GET /hk2.jpg HTTP/1.1" 404 7795(method=- path=-)
[WARNING] 2025-08-22 06:11:45,642 django.server:213 - "GET /chetak.jpg HTTP/1.1" 404 7804(method=- path=-)
[WARNING] 2025-08-22 06:11:45,671 django.server:213 - "GET /vkd.png HTTP/1.1" 404 7795(method=- path=-)
[WARNING] 2025-08-22 06:11:45,681 django.server:213 - "GET /il.jpg HTTP/1.1" 404 7792(method=- path=-)
[INFO] 2025-08-22 06:11:48,382 django.server:213 - "GET /user-profile/ HTTP/1.1" 200 180(method=- path=-)
[INFO] 2025-08-22 06:11:48,409 django.server:213 - "GET /api/params/get/ HTTP/1.1" 200 76(method=- path=-)
[INFO] 2025-08-22 06:11:48,426 django.server:213 - "GET /user-profile/ HTTP/1.1" 200 180(method=- path=-)
[INFO] 2025-08-22 06:11:48,430 django.server:213 - "GET /api/params/get/ HTTP/1.1" 200 76(method=- path=-)
[INFO] 2025-08-22 06:11:48,551 django.server:213 - "GET /api/aircraft_masters/201710264/?include=aircraft_type HTTP/1.1" 200 745(method=- path=-)
[WARNING] 2025-08-22 06:11:48,576 django.server:213 - "GET /hk2.jpg HTTP/1.1" 404 7795(method=- path=-)
[WARNING] 2025-08-22 06:11:48,598 django.server:213 - "GET /do.jpg HTTP/1.1" 404 7792(method=- path=-)
[WARNING] 2025-08-22 06:11:48,604 django.server:213 - "GET /il.jpg HTTP/1.1" 404 7792(method=- path=-)
[WARNING] 2025-08-22 06:11:48,609 django.server:213 - "GET /chetak.jpg HTTP/1.1" 404 7804(method=- path=-)
[WARNING] 2025-08-22 06:11:48,613 django.server:213 - "GET /vkd.png HTTP/1.1" 404 7795(method=- path=-)
[INFO] 2025-08-22 06:11:48,738 django.server:213 - "GET /api/aircraft_masters/201710264/?include=aircraft_type HTTP/1.1" 200 745(method=- path=-)
[INFO] 2025-08-22 06:45:48,273 django.server:213 - "GET /user-profile/ HTTP/1.1" 200 180(method=- path=-)
[INFO] 2025-08-22 06:45:48,291 django.server:213 - "GET /user-profile/ HTTP/1.1" 200 180(method=- path=-)
[INFO] 2025-08-22 06:45:48,295 django.server:213 - "GET /api/params/get/ HTTP/1.1" 200 76(method=- path=-)
[INFO] 2025-08-22 06:45:48,314 django.server:213 - "GET /api/params/get/ HTTP/1.1" 200 76(method=- path=-)
[INFO] 2025-08-22 06:45:48,555 django.server:213 - "GET /api/aircraft_masters/201710264/?include=aircraft_type HTTP/1.1" 200 745(method=- path=-)
[INFO] 2025-08-22 06:45:48,720 django.server:213 - "GET /api/aircraft_masters/201710264/?include=aircraft_type HTTP/1.1" 200 745(method=- path=-)
[INFO] 2025-08-22 06:48:07,788 django.server:213 - "GET /user-profile/ HTTP/1.1" 200 180(method=- path=-)
[INFO] 2025-08-22 06:48:07,794 django.server:213 - "GET /api/params/get/ HTTP/1.1" 200 76(method=- path=-)
[INFO] 2025-08-22 06:48:07,899 django.server:213 - "GET /user-profile/ HTTP/1.1" 200 180(method=- path=-)
[INFO] 2025-08-22 06:48:07,929 django.server:213 - "GET /api/params/get/ HTTP/1.1" 200 76(method=- path=-)
[INFO] 2025-08-22 06:48:08,056 django.server:213 - "GET /api/aircraft_masters/201710264/?include=aircraft_type HTTP/1.1" 200 745(method=- path=-)
[INFO] 2025-08-22 06:48:08,127 django.server:213 - "GET /api/aircraft_masters/201710264/?include=aircraft_type HTTP/1.1" 200 745(method=- path=-)
[INFO] 2025-08-22 06:48:22,498 django.server:213 - "GET /user-profile/ HTTP/1.1" 200 180(method=- path=-)
[INFO] 2025-08-22 06:48:22,514 django.server:213 - "GET /api/params/get/ HTTP/1.1" 200 76(method=- path=-)
[INFO] 2025-08-22 06:48:22,519 django.server:213 - "GET /user-profile/ HTTP/1.1" 200 180(method=- path=-)
[INFO] 2025-08-22 06:48:22,528 django.server:213 - "GET /api/params/get/ HTTP/1.1" 200 76(method=- path=-)
[INFO] 2025-08-22 06:48:22,774 django.server:213 - "GET /api/aircraft_masters/201710264/?include=aircraft_type HTTP/1.1" 200 745(method=- path=-)
[INFO] 2025-08-22 06:48:22,849 django.server:213 - "GET /api/aircraft_masters/201710264/?include=aircraft_type HTTP/1.1" 200 745(method=- path=-)
[INFO] 2025-08-22 06:48:39,019 django.server:213 - "GET /user-profile/ HTTP/1.1" 200 180(method=- path=-)
[INFO] 2025-08-22 06:48:39,042 django.server:213 - "GET /user-profile/ HTTP/1.1" 200 180(method=- path=-)
[INFO] 2025-08-22 06:48:39,049 django.server:213 - "GET /api/params/get/ HTTP/1.1" 200 76(method=- path=-)
[INFO] 2025-08-22 06:48:39,063 django.server:213 - "GET /api/params/get/ HTTP/1.1" 200 76(method=- path=-)
[INFO] 2025-08-22 06:48:39,285 django.server:213 - "GET /api/aircraft_masters/201710264/?include=aircraft_type HTTP/1.1" 200 745(method=- path=-)
[INFO] 2025-08-22 06:48:39,797 django.server:213 - "GET /api/aircraft_masters/201710264/?include=aircraft_type HTTP/1.1" 200 745(method=- path=-)
[INFO] 2025-08-22 06:49:03,612 django.server:213 - "GET /user-profile/ HTTP/1.1" 200 180(method=- path=-)
[INFO] 2025-08-22 06:49:03,620 django.server:213 - "GET /user-profile/ HTTP/1.1" 200 180(method=- path=-)
[INFO] 2025-08-22 06:49:03,624 django.server:213 - "GET /api/params/get/ HTTP/1.1" 200 76(method=- path=-)
[INFO] 2025-08-22 06:49:03,629 django.server:213 - "GET /api/params/get/ HTTP/1.1" 200 76(method=- path=-)
[INFO] 2025-08-22 06:49:03,880 django.server:213 - "GET /api/aircraft_masters/201710264/?include=aircraft_type HTTP/1.1" 200 745(method=- path=-)
[INFO] 2025-08-22 06:49:03,950 django.server:213 - "GET /api/aircraft_masters/201710264/?include=aircraft_type HTTP/1.1" 200 745(method=- path=-)
[INFO] 2025-08-22 06:51:14,285 django.server:213 - "GET /user-profile/ HTTP/1.1" 200 180(method=- path=-)
[INFO] 2025-08-22 06:51:14,305 django.server:213 - "GET /user-profile/ HTTP/1.1" 200 180(method=- path=-)
[INFO] 2025-08-22 06:51:14,310 django.server:213 - "GET /api/params/get/ HTTP/1.1" 200 76(method=- path=-)
[INFO] 2025-08-22 06:51:14,322 django.server:213 - "GET /api/params/get/ HTTP/1.1" 200 76(method=- path=-)
[INFO] 2025-08-22 06:51:14,559 django.server:213 - "GET /api/aircraft_masters/201710264/?include=aircraft_type HTTP/1.1" 200 745(method=- path=-)
[INFO] 2025-08-22 06:51:16,772 django.server:213 - "GET /api/aircraft_masters/201710264/?include=aircraft_type HTTP/1.1" 200 745(method=- path=-)
[INFO] 2025-08-22 06:51:20,586 django.server:213 - "GET /user-profile/ HTTP/1.1" 200 180(method=- path=-)
[INFO] 2025-08-22 06:51:20,607 django.server:213 - "GET /user-profile/ HTTP/1.1" 200 180(method=- path=-)
[INFO] 2025-08-22 06:51:20,614 django.server:213 - "GET /api/params/get/ HTTP/1.1" 200 76(method=- path=-)
[INFO] 2025-08-22 06:51:20,629 django.server:213 - "GET /api/params/get/ HTTP/1.1" 200 76(method=- path=-)
[INFO] 2025-08-22 06:51:20,848 django.server:213 - "GET /api/aircraft_masters/201710264/?include=aircraft_type HTTP/1.1" 200 745(method=- path=-)
[INFO] 2025-08-22 06:51:21,025 django.server:213 - "GET /api/aircraft_masters/201710264/?include=aircraft_type HTTP/1.1" 200 745(method=- path=-)
[INFO] 2025-08-22 06:52:06,601 django.server:213 - "GET /user-profile/ HTTP/1.1" 200 180(method=- path=-)
[INFO] 2025-08-22 06:52:06,607 django.server:213 - "GET /user-profile/ HTTP/1.1" 200 180(method=- path=-)
[INFO] 2025-08-22 06:52:06,613 django.server:213 - "GET /api/params/get/ HTTP/1.1" 200 76(method=- path=-)
[INFO] 2025-08-22 06:52:06,635 django.server:213 - "GET /api/params/get/ HTTP/1.1" 200 76(method=- path=-)
[INFO] 2025-08-22 06:52:06,917 django.server:213 - "GET /api/aircraft_masters/201710264/?include=aircraft_type HTTP/1.1" 200 745(method=- path=-)
[INFO] 2025-08-22 06:52:07,000 django.server:213 - "GET /api/aircraft_masters/201710264/?include=aircraft_type HTTP/1.1" 200 745(method=- path=-)
[INFO] 2025-08-22 06:52:38,052 django.server:213 - "GET /user-profile/ HTTP/1.1" 200 180(method=- path=-)
[INFO] 2025-08-22 06:52:38,074 django.server:213 - "GET /user-profile/ HTTP/1.1" 200 180(method=- path=-)
[INFO] 2025-08-22 06:52:38,079 django.server:213 - "GET /api/params/get/ HTTP/1.1" 200 76(method=- path=-)
[INFO] 2025-08-22 06:52:38,088 django.server:213 - "GET /api/params/get/ HTTP/1.1" 200 76(method=- path=-)
[INFO] 2025-08-22 06:52:38,337 django.server:213 - "GET /api/aircraft_masters/201710264/?include=aircraft_type HTTP/1.1" 200 745(method=- path=-)
[INFO] 2025-08-22 06:52:38,419 django.server:213 - "GET /api/aircraft_masters/201710264/?include=aircraft_type HTTP/1.1" 200 745(method=- path=-)
[INFO] 2025-08-22 06:54:39,043 django.server:213 - "GET /user-profile/ HTTP/1.1" 200 180(method=- path=-)
[INFO] 2025-08-22 06:54:39,065 django.server:213 - "GET /user-profile/ HTTP/1.1" 200 180(method=- path=-)
[INFO] 2025-08-22 06:54:39,077 django.server:213 - "GET /api/params/get/ HTTP/1.1" 200 76(method=- path=-)
[INFO] 2025-08-22 06:54:39,091 django.server:213 - "GET /api/params/get/ HTTP/1.1" 200 76(method=- path=-)
[INFO] 2025-08-22 06:54:39,360 django.server:213 - "GET /api/aircraft_masters/201710264/?include=aircraft_type HTTP/1.1" 200 745(method=- path=-)
[INFO] 2025-08-22 06:54:39,552 django.server:213 - "GET /api/aircraft_masters/201710264/?include=aircraft_type HTTP/1.1" 200 745(method=- path=-)
[INFO] 2025-08-22 06:54:44,456 django.server:213 - "GET /user-profile/ HTTP/1.1" 200 180(method=- path=-)
[INFO] 2025-08-22 06:54:44,475 django.server:213 - "GET /user-profile/ HTTP/1.1" 200 180(method=- path=-)
[INFO] 2025-08-22 06:54:44,480 django.server:213 - "GET /api/params/get/ HTTP/1.1" 200 76(method=- path=-)
[INFO] 2025-08-22 06:54:44,483 django.server:213 - "GET /api/params/get/ HTTP/1.1" 200 76(method=- path=-)
[INFO] 2025-08-22 06:54:44,704 django.server:213 - "GET /api/aircraft_masters/201710264/?include=aircraft_type HTTP/1.1" 200 745(method=- path=-)
[INFO] 2025-08-22 06:54:44,773 django.server:213 - "GET /api/aircraft_masters/201710264/?include=aircraft_type HTTP/1.1" 200 745(method=- path=-)
[INFO] 2025-08-22 06:54:51,955 django.server:213 - "GET /user-profile/ HTTP/1.1" 200 180(method=- path=-)
[INFO] 2025-08-22 06:54:51,968 django.server:213 - "GET /api/params/get/ HTTP/1.1" 200 76(method=- path=-)
[INFO] 2025-08-22 06:54:51,990 django.server:213 - "GET /api/params/get/ HTTP/1.1" 200 76(method=- path=-)
[INFO] 2025-08-22 06:54:52,074 django.server:213 - "GET /user-profile/ HTTP/1.1" 200 180(method=- path=-)
[INFO] 2025-08-22 06:54:52,220 django.server:213 - "GET /api/aircraft_masters/201710264/?include=aircraft_type HTTP/1.1" 200 745(method=- path=-)
[INFO] 2025-08-22 06:54:52,301 django.server:213 - "GET /api/aircraft_masters/201710264/?include=aircraft_type HTTP/1.1" 200 745(method=- path=-)
[INFO] 2025-08-22 06:55:04,710 django.server:213 - "GET /user-profile/ HTTP/1.1" 200 180(method=- path=-)
[INFO] 2025-08-22 06:55:04,727 django.server:213 - "GET /user-profile/ HTTP/1.1" 200 180(method=- path=-)
[INFO] 2025-08-22 06:55:04,731 django.server:213 - "GET /api/params/get/ HTTP/1.1" 200 76(method=- path=-)
[INFO] 2025-08-22 06:55:04,736 django.server:213 - "GET /api/params/get/ HTTP/1.1" 200 76(method=- path=-)
[INFO] 2025-08-22 06:55:05,080 django.server:213 - "GET /api/aircraft_masters/201710264/?include=aircraft_type HTTP/1.1" 200 745(method=- path=-)
[INFO] 2025-08-22 06:55:05,165 django.server:213 - "GET /api/aircraft_masters/201710264/?include=aircraft_type HTTP/1.1" 200 745(method=- path=-)
[INFO] 2025-08-22 06:58:39,977 django.server:213 - "GET /user-profile/ HTTP/1.1" 200 180(method=- path=-)
[INFO] 2025-08-22 06:58:39,995 django.server:213 - "GET /api/params/get/ HTTP/1.1" 200 76(method=- path=-)
[INFO] 2025-08-22 06:58:40,011 django.server:213 - "GET /user-profile/ HTTP/1.1" 200 180(method=- path=-)
[INFO] 2025-08-22 06:58:40,015 django.server:213 - "GET /api/params/get/ HTTP/1.1" 200 76(method=- path=-)
[INFO] 2025-08-22 06:58:40,246 django.server:213 - "GET /api/aircraft_masters/201710264/?include=aircraft_type HTTP/1.1" 200 745(method=- path=-)
[INFO] 2025-08-22 06:58:40,437 django.server:213 - "GET /api/aircraft_masters/201710264/?include=aircraft_type HTTP/1.1" 200 745(method=- path=-)
[INFO] 2025-08-22 06:58:51,031 django.server:213 - "GET /user-profile/ HTTP/1.1" 200 180(method=- path=-)
[INFO] 2025-08-22 06:58:51,043 django.server:213 - "GET /user-profile/ HTTP/1.1" 200 180(method=- path=-)
[INFO] 2025-08-22 06:58:51,064 django.server:213 - "GET /api/params/get/ HTTP/1.1" 200 76(method=- path=-)
[INFO] 2025-08-22 06:58:51,072 django.server:213 - "GET /api/params/get/ HTTP/1.1" 200 76(method=- path=-)
[INFO] 2025-08-22 06:58:51,281 django.server:213 - "GET /api/aircraft_masters/201710264/?include=aircraft_type HTTP/1.1" 200 745(method=- path=-)
[INFO] 2025-08-22 06:58:51,348 django.server:213 - "GET /api/aircraft_masters/201710264/?include=aircraft_type HTTP/1.1" 200 745(method=- path=-)
[INFO] 2025-08-22 06:58:59,096 django.server:213 - "GET /user-profile/ HTTP/1.1" 200 180(method=- path=-)
[INFO] 2025-08-22 06:58:59,113 django.server:213 - "GET /api/params/get/ HTTP/1.1" 200 76(method=- path=-)
[INFO] 2025-08-22 06:58:59,118 django.server:213 - "GET /user-profile/ HTTP/1.1" 200 180(method=- path=-)
[INFO] 2025-08-22 06:58:59,127 django.server:213 - "GET /api/params/get/ HTTP/1.1" 200 76(method=- path=-)
[INFO] 2025-08-22 06:58:59,491 django.server:213 - "GET /api/aircraft_masters/201710264/?include=aircraft_type HTTP/1.1" 200 745(method=- path=-)
[INFO] 2025-08-22 06:58:59,588 django.server:213 - "GET /api/aircraft_masters/201710264/?include=aircraft_type HTTP/1.1" 200 745(method=- path=-)
[INFO] 2025-08-22 06:59:06,069 django.server:213 - "GET /user-profile/ HTTP/1.1" 200 180(method=- path=-)
[INFO] 2025-08-22 06:59:06,076 django.server:213 - "GET /user-profile/ HTTP/1.1" 200 180(method=- path=-)
[INFO] 2025-08-22 06:59:06,082 django.server:213 - "GET /api/params/get/ HTTP/1.1" 200 76(method=- path=-)
[INFO] 2025-08-22 06:59:06,092 django.server:213 - "GET /api/params/get/ HTTP/1.1" 200 76(method=- path=-)
[INFO] 2025-08-22 06:59:06,338 django.server:213 - "GET /api/aircraft_masters/201710264/?include=aircraft_type HTTP/1.1" 200 745(method=- path=-)
[INFO] 2025-08-22 06:59:06,963 django.server:213 - "GET /api/aircraft_masters/201710264/?include=aircraft_type HTTP/1.1" 200 745(method=- path=-)
[INFO] 2025-08-22 06:59:15,604 django.server:213 - "GET /user-profile/ HTTP/1.1" 200 180(method=- path=-)
[INFO] 2025-08-22 06:59:15,619 django.server:213 - "GET /api/params/get/ HTTP/1.1" 200 76(method=- path=-)
[INFO] 2025-08-22 06:59:15,630 django.server:213 - "GET /api/params/get/ HTTP/1.1" 200 76(method=- path=-)
[INFO] 2025-08-22 06:59:15,716 django.server:213 - "GET /user-profile/ HTTP/1.1" 200 180(method=- path=-)
[INFO] 2025-08-22 06:59:15,864 django.server:213 - "GET /api/aircraft_masters/201710264/?include=aircraft_type HTTP/1.1" 200 745(method=- path=-)
[INFO] 2025-08-22 06:59:16,048 django.server:213 - "GET /api/aircraft_masters/201710264/?include=aircraft_type HTTP/1.1" 200 745(method=- path=-)
[WARNING] 2025-08-22 06:59:24,882 django.server:213 - "GET /logo192.png HTTP/1.1" 404 7807(method=- path=-)
[INFO] 2025-08-22 06:59:24,908 django.server:213 - "GET /user-profile/ HTTP/1.1" 200 180(method=- path=-)
[INFO] 2025-08-22 06:59:24,913 django.server:213 - "GET /user-profile/ HTTP/1.1" 200 180(method=- path=-)
[INFO] 2025-08-22 06:59:24,918 django.server:213 - "GET /api/params/get/ HTTP/1.1" 200 76(method=- path=-)
[WARNING] 2025-08-22 06:59:24,923 django.server:213 - "GET /favicon.ico HTTP/1.1" 404 7807(method=- path=-)
[INFO] 2025-08-22 06:59:24,937 django.server:213 - "GET /api/params/get/ HTTP/1.1" 200 76(method=- path=-)
[INFO] 2025-08-22 06:59:25,174 django.server:213 - "GET /api/aircraft_masters/201710264/?include=aircraft_type HTTP/1.1" 200 745(method=- path=-)
[INFO] 2025-08-22 06:59:25,265 django.server:213 - "GET /api/aircraft_masters/201710264/?include=aircraft_type HTTP/1.1" 200 745(method=- path=-)
[INFO] 2025-08-22 06:59:37,281 django.server:213 - "GET /user-profile/ HTTP/1.1" 200 180(method=- path=-)
[INFO] 2025-08-22 06:59:37,298 django.server:213 - "GET /user-profile/ HTTP/1.1" 200 180(method=- path=-)
[INFO] 2025-08-22 06:59:37,309 django.server:213 - "GET /api/params/get/ HTTP/1.1" 200 76(method=- path=-)
[INFO] 2025-08-22 06:59:37,313 django.server:213 - "GET /api/params/get/ HTTP/1.1" 200 76(method=- path=-)
[INFO] 2025-08-22 06:59:37,541 django.server:213 - "GET /api/aircraft_masters/201710264/?include=aircraft_type HTTP/1.1" 200 745(method=- path=-)
[INFO] 2025-08-22 06:59:37,758 django.server:213 - "GET /api/aircraft_masters/201710264/?include=aircraft_type HTTP/1.1" 200 745(method=- path=-)
[INFO] 2025-08-22 06:59:46,010 django.server:213 - "GET /user-profile/ HTTP/1.1" 200 180(method=- path=-)
[INFO] 2025-08-22 06:59:46,033 django.server:213 - "GET /user-profile/ HTTP/1.1" 200 180(method=- path=-)
[INFO] 2025-08-22 06:59:46,043 django.server:213 - "GET /api/params/get/ HTTP/1.1" 200 76(method=- path=-)
[INFO] 2025-08-22 06:59:46,055 django.server:213 - "GET /api/params/get/ HTTP/1.1" 200 76(method=- path=-)
[INFO] 2025-08-22 06:59:46,378 django.server:213 - "GET /api/aircraft_masters/201710264/?include=aircraft_type HTTP/1.1" 200 745(method=- path=-)
[INFO] 2025-08-22 06:59:46,451 django.server:213 - "GET /api/aircraft_masters/201710264/?include=aircraft_type HTTP/1.1" 200 745(method=- path=-)
[INFO] 2025-08-22 07:00:40,717 django.server:213 - "GET /user-profile/ HTTP/1.1" 200 180(method=- path=-)
[INFO] 2025-08-22 07:00:40,767 django.server:213 - "GET /user-profile/ HTTP/1.1" 200 180(method=- path=-)
[WARNING] 2025-08-22 07:00:40,774 django.server:213 - "GET /logo192.png HTTP/1.1" 404 7807(method=- path=-)
[INFO] 2025-08-22 07:00:40,780 django.server:213 - "GET /api/params/get/ HTTP/1.1" 200 76(method=- path=-)
[WARNING] 2025-08-22 07:00:40,803 django.server:213 - "GET /favicon.ico HTTP/1.1" 404 7807(method=- path=-)
[INFO] 2025-08-22 07:00:40,861 django.server:213 - "GET /api/params/get/ HTTP/1.1" 200 76(method=- path=-)
[INFO] 2025-08-22 07:00:41,000 django.server:213 - "GET /api/aircraft_masters/201710264/?include=aircraft_type HTTP/1.1" 200 745(method=- path=-)
[INFO] 2025-08-22 07:00:41,169 django.server:213 - "GET /api/aircraft_masters/201710264/?include=aircraft_type HTTP/1.1" 200 745(method=- path=-)
[WARNING] 2025-08-22 07:01:56,402 django.server:213 - "GET /logo192.png HTTP/1.1" 404 7807(method=- path=-)
[INFO] 2025-08-22 07:01:56,421 django.server:213 - "GET /user-profile/ HTTP/1.1" 200 180(method=- path=-)
[INFO] 2025-08-22 07:01:56,457 django.server:213 - "GET /api/params/get/ HTTP/1.1" 200 76(method=- path=-)
[INFO] 2025-08-22 07:01:56,464 django.server:213 - "GET /user-profile/ HTTP/1.1" 200 180(method=- path=-)
[INFO] 2025-08-22 07:01:56,492 django.server:213 - "GET /api/params/get/ HTTP/1.1" 200 76(method=- path=-)
[WARNING] 2025-08-22 07:01:56,552 django.server:213 - "GET /favicon.ico HTTP/1.1" 404 7807(method=- path=-)
[INFO] 2025-08-22 07:01:56,695 django.server:213 - "GET /api/aircraft_masters/201710264/?include=aircraft_type HTTP/1.1" 200 745(method=- path=-)
[INFO] 2025-08-22 07:01:56,782 django.server:213 - "GET /api/aircraft_masters/201710264/?include=aircraft_type HTTP/1.1" 200 745(method=- path=-)
[INFO] 2025-08-22 07:02:10,266 django.server:213 - "GET /user-profile/ HTTP/1.1" 200 180(method=- path=-)
[INFO] 2025-08-22 07:02:10,274 django.server:213 - "GET /api/params/get/ HTTP/1.1" 200 76(method=- path=-)
[INFO] 2025-08-22 07:02:10,280 django.server:213 - "GET /user-profile/ HTTP/1.1" 200 180(method=- path=-)
[INFO] 2025-08-22 07:02:10,288 django.server:213 - "GET /api/params/get/ HTTP/1.1" 200 76(method=- path=-)
[INFO] 2025-08-22 07:02:10,540 django.server:213 - "GET /api/aircraft_masters/201710264/?include=aircraft_type HTTP/1.1" 200 745(method=- path=-)
[INFO] 2025-08-22 07:02:10,613 django.server:213 - "GET /api/aircraft_masters/201710264/?include=aircraft_type HTTP/1.1" 200 745(method=- path=-)
[WARNING] 2025-08-22 07:02:12,507 django.server:213 - "GET /logo192.png HTTP/1.1" 404 7807(method=- path=-)
[INFO] 2025-08-22 07:02:12,540 django.server:213 - "GET /user-profile/ HTTP/1.1" 200 180(method=- path=-)
[INFO] 2025-08-22 07:02:12,557 django.server:213 - "GET /user-profile/ HTTP/1.1" 200 180(method=- path=-)
[WARNING] 2025-08-22 07:02:12,563 django.server:213 - "GET /favicon.ico HTTP/1.1" 404 7807(method=- path=-)
[INFO] 2025-08-22 07:02:12,584 django.server:213 - "GET /api/params/get/ HTTP/1.1" 200 76(method=- path=-)
[INFO] 2025-08-22 07:02:12,675 django.server:213 - "GET /api/params/get/ HTTP/1.1" 200 76(method=- path=-)
[INFO] 2025-08-22 07:02:12,909 django.server:213 - "GET /api/aircraft_masters/201710264/?include=aircraft_type HTTP/1.1" 200 745(method=- path=-)
[INFO] 2025-08-22 07:02:13,091 django.server:213 - "GET /api/aircraft_masters/201710264/?include=aircraft_type HTTP/1.1" 200 745(method=- path=-)
[INFO] 2025-08-22 07:02:14,679 django.server:213 - "GET /user-profile/ HTTP/1.1" 200 180(method=- path=-)
[INFO] 2025-08-22 07:02:14,702 django.server:213 - "GET /api/params/get/ HTTP/1.1" 200 76(method=- path=-)
[INFO] 2025-08-22 07:02:14,711 django.server:213 - "GET /user-profile/ HTTP/1.1" 200 180(method=- path=-)
[INFO] 2025-08-22 07:02:14,714 django.server:213 - "GET /api/params/get/ HTTP/1.1" 200 76(method=- path=-)
[INFO] 2025-08-22 07:02:14,943 django.server:213 - "GET /api/aircraft_masters/201710264/?include=aircraft_type HTTP/1.1" 200 745(method=- path=-)
[INFO] 2025-08-22 07:02:15,030 django.server:213 - "GET /api/aircraft_masters/201710264/?include=aircraft_type HTTP/1.1" 200 745(method=- path=-)
[WARNING] 2025-08-22 07:03:00,205 django.server:213 - "GET /logo192.png HTTP/1.1" 404 7807(method=- path=-)
[WARNING] 2025-08-22 07:03:00,256 django.server:213 - "GET /favicon.ico HTTP/1.1" 404 7807(method=- path=-)
[INFO] 2025-08-22 07:03:00,262 django.server:213 - "GET /user-profile/ HTTP/1.1" 200 180(method=- path=-)
[INFO] 2025-08-22 07:03:00,303 django.server:213 - "GET /user-profile/ HTTP/1.1" 200 180(method=- path=-)
[INFO] 2025-08-22 07:03:00,319 django.server:213 - "GET /api/params/get/ HTTP/1.1" 200 76(method=- path=-)
[INFO] 2025-08-22 07:03:00,385 django.server:213 - "GET /api/params/get/ HTTP/1.1" 200 76(method=- path=-)
[INFO] 2025-08-22 07:03:00,562 django.server:213 - "GET /api/aircraft_masters/201710264/?include=aircraft_type HTTP/1.1" 200 745(method=- path=-)
[INFO] 2025-08-22 07:03:00,736 django.server:213 - "GET /api/aircraft_masters/201710264/?include=aircraft_type HTTP/1.1" 200 745(method=- path=-)
[INFO] 2025-08-22 07:03:59,075 django.server:213 - "GET /user-profile/ HTTP/1.1" 200 180(method=- path=-)
[INFO] 2025-08-22 07:03:59,096 django.server:213 - "GET /api/params/get/ HTTP/1.1" 200 76(method=- path=-)
[INFO] 2025-08-22 07:03:59,173 django.server:213 - "GET /user-profile/ HTTP/1.1" 200 180(method=- path=-)
[INFO] 2025-08-22 07:03:59,190 django.server:213 - "GET /api/params/get/ HTTP/1.1" 200 76(method=- path=-)
[INFO] 2025-08-22 07:03:59,358 django.server:213 - "GET /api/aircraft_masters/201710264/?include=aircraft_type HTTP/1.1" 200 745(method=- path=-)
[INFO] 2025-08-22 07:03:59,431 django.server:213 - "GET /api/aircraft_masters/201710264/?include=aircraft_type HTTP/1.1" 200 745(method=- path=-)
[WARNING] 2025-08-22 07:04:14,273 django.server:213 - "GET /logo192.png HTTP/1.1" 404 7807(method=- path=-)
[WARNING] 2025-08-22 07:04:14,298 django.server:213 - "GET /favicon.ico HTTP/1.1" 404 7807(method=- path=-)
[INFO] 2025-08-22 07:04:14,303 django.server:213 - "GET /user-profile/ HTTP/1.1" 200 180(method=- path=-)
[INFO] 2025-08-22 07:04:14,308 django.server:213 - "GET /api/params/get/ HTTP/1.1" 200 76(method=- path=-)
[INFO] 2025-08-22 07:04:14,332 django.server:213 - "GET /api/params/get/ HTTP/1.1" 200 76(method=- path=-)
[INFO] 2025-08-22 07:04:14,390 django.server:213 - "GET /user-profile/ HTTP/1.1" 200 180(method=- path=-)
[INFO] 2025-08-22 07:04:14,554 django.server:213 - "GET /api/aircraft_masters/201710264/?include=aircraft_type HTTP/1.1" 200 745(method=- path=-)
[INFO] 2025-08-22 07:04:14,740 django.server:213 - "GET /api/aircraft_masters/201710264/?include=aircraft_type HTTP/1.1" 200 745(method=- path=-)
[INFO] 2025-08-22 07:10:35,410 django.server:213 - "GET /user-profile/ HTTP/1.1" 200 180(method=- path=-)
[WARNING] 2025-08-22 07:10:35,415 django.server:213 - "GET /favicon.ico HTTP/1.1" 404 7807(method=- path=-)
[INFO] 2025-08-22 07:10:35,444 django.server:213 - "GET /api/params/get/ HTTP/1.1" 200 76(method=- path=-)
[WARNING] 2025-08-22 07:10:35,449 django.server:213 - "GET /logo192.png HTTP/1.1" 404 7807(method=- path=-)
[INFO] 2025-08-22 07:10:35,505 django.server:213 - "GET /user-profile/ HTTP/1.1" 200 180(method=- path=-)
[INFO] 2025-08-22 07:10:35,526 django.server:213 - "GET /api/params/get/ HTTP/1.1" 200 76(method=- path=-)
[INFO] 2025-08-22 07:10:35,543 django.server:213 - "GET /api/aircraft_masters/201710264/?include=aircraft_type HTTP/1.1" 200 745(method=- path=-)
[INFO] 2025-08-22 07:10:35,632 django.server:213 - "GET /api/aircraft_masters/201710264/?include=aircraft_type HTTP/1.1" 200 745(method=- path=-)
[WARNING] 2025-08-22 07:11:25,523 django.server:213 - "GET /favicon.ico HTTP/1.1" 404 7807(method=- path=-)
[INFO] 2025-08-22 07:11:25,564 django.server:213 - "GET /user-profile/ HTTP/1.1" 200 180(method=- path=-)
[WARNING] 2025-08-22 07:11:25,570 django.server:213 - "GET /logo192.png HTTP/1.1" 404 7807(method=- path=-)
[INFO] 2025-08-22 07:11:25,574 django.server:213 - "GET /user-profile/ HTTP/1.1" 200 180(method=- path=-)
[INFO] 2025-08-22 07:11:25,602 django.server:213 - "GET /api/params/get/ HTTP/1.1" 200 76(method=- path=-)
[INFO] 2025-08-22 07:11:25,694 django.server:213 - "GET /api/params/get/ HTTP/1.1" 200 76(method=- path=-)
[INFO] 2025-08-22 07:11:25,708 django.server:213 - "GET /api/aircraft_masters/201710264/?include=aircraft_type HTTP/1.1" 200 745(method=- path=-)
[INFO] 2025-08-22 07:11:25,805 django.server:213 - "GET /api/aircraft_masters/201710264/?include=aircraft_type HTTP/1.1" 200 745(method=- path=-)
[INFO] 2025-08-22 07:16:05,638 django.server:213 - "GET /user-profile/ HTTP/1.1" 200 180(method=- path=-)
[INFO] 2025-08-22 07:16:05,660 django.server:213 - "GET /user-profile/ HTTP/1.1" 200 180(method=- path=-)
[INFO] 2025-08-22 07:16:05,664 django.server:213 - "GET /api/params/get/ HTTP/1.1" 200 76(method=- path=-)
[INFO] 2025-08-22 07:16:05,675 django.server:213 - "GET /api/params/get/ HTTP/1.1" 200 76(method=- path=-)
[INFO] 2025-08-22 07:16:05,749 django.server:213 - "GET /api/aircraft_masters/201710264/?include=aircraft_type HTTP/1.1" 200 745(method=- path=-)
[INFO] 2025-08-22 07:16:05,832 django.server:213 - "GET /api/aircraft_masters/201710264/?include=aircraft_type HTTP/1.1" 200 745(method=- path=-)
[WARNING] 2025-08-22 07:16:10,468 django.server:213 - "GET /logo192.png HTTP/1.1" 404 7807(method=- path=-)
[INFO] 2025-08-22 07:16:10,521 django.server:213 - "GET /user-profile/ HTTP/1.1" 200 180(method=- path=-)
[INFO] 2025-08-22 07:16:10,544 django.server:213 - "GET /user-profile/ HTTP/1.1" 200 180(method=- path=-)
[INFO] 2025-08-22 07:16:10,554 django.server:213 - "GET /api/params/get/ HTTP/1.1" 200 76(method=- path=-)
[INFO] 2025-08-22 07:16:10,593 django.server:213 - "GET /api/params/get/ HTTP/1.1" 200 76(method=- path=-)
[WARNING] 2025-08-22 07:16:10,635 django.server:213 - "GET /favicon.ico HTTP/1.1" 404 7807(method=- path=-)
[INFO] 2025-08-22 07:16:10,735 django.server:213 - "GET /api/aircraft_masters/201710264/?include=aircraft_type HTTP/1.1" 200 745(method=- path=-)
[INFO] 2025-08-22 07:16:10,810 django.server:213 - "GET /api/aircraft_masters/201710264/?include=aircraft_type HTTP/1.1" 200 745(method=- path=-)
[WARNING] 2025-08-22 07:16:17,204 django.server:213 - "GET /logo192.png HTTP/1.1" 404 7807(method=- path=-)
[INFO] 2025-08-22 07:16:17,238 django.server:213 - "GET /user-profile/ HTTP/1.1" 200 180(method=- path=-)
[WARNING] 2025-08-22 07:16:17,245 django.server:213 - "GET /favicon.ico HTTP/1.1" 404 7807(method=- path=-)
[INFO] 2025-08-22 07:16:17,249 django.server:213 - "GET /user-profile/ HTTP/1.1" 200 180(method=- path=-)
[INFO] 2025-08-22 07:16:17,259 django.server:213 - "GET /api/params/get/ HTTP/1.1" 200 76(method=- path=-)
[INFO] 2025-08-22 07:16:17,271 django.server:213 - "GET /api/params/get/ HTTP/1.1" 200 76(method=- path=-)
[INFO] 2025-08-22 07:16:17,398 django.server:213 - "GET /api/aircraft_masters/201710264/?include=aircraft_type HTTP/1.1" 200 745(method=- path=-)
[INFO] 2025-08-22 07:16:17,478 django.server:213 - "GET /api/aircraft_masters/201710264/?include=aircraft_type HTTP/1.1" 200 745(method=- path=-)
[INFO] 2025-08-22 07:17:24,419 django.server:213 - "GET /user-profile/ HTTP/1.1" 200 180(method=- path=-)
[INFO] 2025-08-22 07:17:24,439 django.server:213 - "GET /user-profile/ HTTP/1.1" 200 180(method=- path=-)
[INFO] 2025-08-22 07:17:24,443 django.server:213 - "GET /api/params/get/ HTTP/1.1" 200 76(method=- path=-)
[INFO] 2025-08-22 07:17:24,454 django.server:213 - "GET /api/params/get/ HTTP/1.1" 200 76(method=- path=-)
[INFO] 2025-08-22 07:17:24,558 django.server:213 - "GET /api/aircraft_masters/201710264/?include=aircraft_type HTTP/1.1" 200 745(method=- path=-)
[INFO] 2025-08-22 07:17:24,633 django.server:213 - "GET /api/aircraft_masters/201710264/?include=aircraft_type HTTP/1.1" 200 745(method=- path=-)
[WARNING] 2025-08-22 07:21:04,188 django.server:213 - "GET /logo192.png HTTP/1.1" 404 7807(method=- path=-)
[WARNING] 2025-08-22 07:21:04,213 django.server:213 - "GET /favicon.ico HTTP/1.1" 404 7807(method=- path=-)
[INFO] 2025-08-22 07:21:04,250 django.server:213 - "GET /api/params/get/ HTTP/1.1" 200 76(method=- path=-)
[INFO] 2025-08-22 07:21:04,254 django.server:213 - "GET /user-profile/ HTTP/1.1" 200 180(method=- path=-)
[INFO] 2025-08-22 07:21:04,272 django.server:213 - "GET /api/params/get/ HTTP/1.1" 200 76(method=- path=-)
[INFO] 2025-08-22 07:21:04,329 django.server:213 - "GET /user-profile/ HTTP/1.1" 200 180(method=- path=-)
[INFO] 2025-08-22 07:21:04,370 django.server:213 - "GET /api/aircraft_masters/201710264/?include=aircraft_type HTTP/1.1" 200 745(method=- path=-)
[INFO] 2025-08-22 07:21:04,437 django.server:213 - "GET /api/aircraft_masters/201710264/?include=aircraft_type HTTP/1.1" 200 745(method=- path=-)
[INFO] 2025-08-22 07:23:52,706 django.server:213 - "GET /user-profile/ HTTP/1.1" 200 180(method=- path=-)
[INFO] 2025-08-22 07:23:52,713 django.server:213 - "GET /user-profile/ HTTP/1.1" 200 180(method=- path=-)
[INFO] 2025-08-22 07:23:52,720 django.server:213 - "GET /api/params/get/ HTTP/1.1" 200 76(method=- path=-)
[INFO] 2025-08-22 07:23:52,725 django.server:213 - "GET /api/params/get/ HTTP/1.1" 200 76(method=- path=-)
[INFO] 2025-08-22 07:23:52,828 django.server:213 - "GET /api/aircraft_masters/201710264/?include=aircraft_type HTTP/1.1" 200 745(method=- path=-)
[INFO] 2025-08-22 07:23:52,925 django.server:213 - "GET /api/aircraft_masters/201710264/?include=aircraft_type HTTP/1.1" 200 745(method=- path=-)
[WARNING] 2025-08-22 09:29:27,425 django.server:213 - "GET /logo192.png HTTP/1.1" 404 7807(method=- path=-)
[WARNING] 2025-08-22 09:29:27,456 django.server:213 - "GET /favicon.ico HTTP/1.1" 404 7807(method=- path=-)
[INFO] 2025-08-22 09:29:27,462 django.server:213 - "GET /user-profile/ HTTP/1.1" 200 180(method=- path=-)
[INFO] 2025-08-22 09:29:27,466 django.server:213 - "GET /api/params/get/ HTTP/1.1" 200 76(method=- path=-)
[INFO] 2025-08-22 09:29:27,482 django.server:213 - "GET /api/params/get/ HTTP/1.1" 200 76(method=- path=-)
[INFO] 2025-08-22 09:29:27,604 django.server:213 - "GET /api/aircraft_masters/201710264/?include=aircraft_type HTTP/1.1" 200 745(method=- path=-)
[INFO] 2025-08-22 09:29:27,616 django.server:213 - "GET /user-profile/ HTTP/1.1" 200 180(method=- path=-)
[INFO] 2025-08-22 09:29:27,805 django.server:213 - "GET /api/aircraft_masters/201710264/?include=aircraft_type HTTP/1.1" 200 745(method=- path=-)
[INFO] 2025-08-22 09:39:18,218 django.server:213 - "GET /user-profile/ HTTP/1.1" 200 180(method=- path=-)
[INFO] 2025-08-22 09:39:18,251 django.server:213 - "GET /api/params/get/ HTTP/1.1" 200 76(method=- path=-)
[INFO] 2025-08-22 09:39:18,256 django.server:213 - "GET /user-profile/ HTTP/1.1" 200 180(method=- path=-)
[INFO] 2025-08-22 09:39:18,261 django.server:213 - "GET /api/params/get/ HTTP/1.1" 200 76(method=- path=-)
[INFO] 2025-08-22 09:39:18,355 django.server:213 - "GET /api/aircraft_masters/201710264/?include=aircraft_type HTTP/1.1" 200 745(method=- path=-)
[INFO] 2025-08-22 09:39:18,442 django.server:213 - "GET /api/aircraft_masters/201710264/?include=aircraft_type HTTP/1.1" 200 745(method=- path=-)
[INFO] 2025-08-22 09:40:26,895 django.server:213 - "GET /user-profile/ HTTP/1.1" 200 180(method=- path=-)
[INFO] 2025-08-22 09:40:26,903 django.server:213 - "GET /user-profile/ HTTP/1.1" 200 180(method=- path=-)
[INFO] 2025-08-22 09:40:26,921 django.server:213 - "GET /api/params/get/ HTTP/1.1" 200 76(method=- path=-)
[INFO] 2025-08-22 09:40:26,927 django.server:213 - "GET /api/params/get/ HTTP/1.1" 200 76(method=- path=-)
[INFO] 2025-08-22 09:40:27,145 django.server:213 - "GET /api/aircraft_masters/201710264/?include=aircraft_type HTTP/1.1" 200 745(method=- path=-)
[INFO] 2025-08-22 09:40:27,342 django.server:213 - "GET /api/aircraft_masters/201710264/?include=aircraft_type HTTP/1.1" 200 745(method=- path=-)
[INFO] 2025-08-22 09:40:40,862 django.server:213 - "GET /user-profile/ HTTP/1.1" 200 180(method=- path=-)
[INFO] 2025-08-22 09:40:40,867 django.server:213 - "GET /user-profile/ HTTP/1.1" 200 180(method=- path=-)
[INFO] 2025-08-22 09:40:40,874 django.server:213 - "GET /api/params/get/ HTTP/1.1" 200 76(method=- path=-)
[INFO] 2025-08-22 09:40:40,890 django.server:213 - "GET /api/params/get/ HTTP/1.1" 200 76(method=- path=-)
[INFO] 2025-08-22 09:40:40,991 django.server:213 - "GET /api/aircraft_masters/201710264/?include=aircraft_type HTTP/1.1" 200 745(method=- path=-)
[INFO] 2025-08-22 09:40:41,077 django.server:213 - "GET /api/aircraft_masters/201710264/?include=aircraft_type HTTP/1.1" 200 745(method=- path=-)
[INFO] 2025-08-22 09:41:31,355 django.server:213 - "GET /user-profile/ HTTP/1.1" 200 180(method=- path=-)
[INFO] 2025-08-22 09:41:31,396 django.server:213 - "GET /user-profile/ HTTP/1.1" 200 180(method=- path=-)
[INFO] 2025-08-22 09:41:31,400 django.server:213 - "GET /api/params/get/ HTTP/1.1" 200 76(method=- path=-)
[INFO] 2025-08-22 09:41:31,404 django.server:213 - "GET /api/params/get/ HTTP/1.1" 200 76(method=- path=-)
[INFO] 2025-08-22 09:41:31,595 django.server:213 - "GET /api/aircraft_masters/201710264/?include=aircraft_type HTTP/1.1" 200 745(method=- path=-)
[INFO] 2025-08-22 09:41:32,146 django.server:213 - "GET /api/aircraft_masters/201710264/?include=aircraft_type HTTP/1.1" 200 745(method=- path=-)
[INFO] 2025-08-22 09:41:43,467 django.server:213 - "GET /user-profile/ HTTP/1.1" 200 180(method=- path=-)
[INFO] 2025-08-22 09:41:43,485 django.server:213 - "GET /user-profile/ HTTP/1.1" 200 180(method=- path=-)
[INFO] 2025-08-22 09:41:43,493 django.server:213 - "GET /api/params/get/ HTTP/1.1" 200 76(method=- path=-)
[INFO] 2025-08-22 09:41:43,502 django.server:213 - "GET /api/params/get/ HTTP/1.1" 200 76(method=- path=-)
[INFO] 2025-08-22 09:41:43,601 django.server:213 - "GET /api/aircraft_masters/201710264/?include=aircraft_type HTTP/1.1" 200 745(method=- path=-)
[INFO] 2025-08-22 09:41:43,662 django.server:213 - "GET /api/aircraft_masters/201710264/?include=aircraft_type HTTP/1.1" 200 745(method=- path=-)
[INFO] 2025-08-22 09:41:52,571 django.server:213 - "GET /user-profile/ HTTP/1.1" 200 180(method=- path=-)
[INFO] 2025-08-22 09:41:52,611 django.server:213 - "GET /user-profile/ HTTP/1.1" 200 180(method=- path=-)
[INFO] 2025-08-22 09:41:52,626 django.server:213 - "GET /api/params/get/ HTTP/1.1" 200 76(method=- path=-)
[INFO] 2025-08-22 09:41:52,672 django.server:213 - "GET /api/params/get/ HTTP/1.1" 200 76(method=- path=-)
[INFO] 2025-08-22 09:41:52,708 django.server:213 - "GET /api/aircraft_masters/201710264/?include=aircraft_type HTTP/1.1" 200 745(method=- path=-)
[INFO] 2025-08-22 09:41:52,786 django.server:213 - "GET /api/aircraft_masters/201710264/?include=aircraft_type HTTP/1.1" 200 745(method=- path=-)
[INFO] 2025-08-22 09:42:03,284 django.server:213 - "GET /user-profile/ HTTP/1.1" 200 180(method=- path=-)
[INFO] 2025-08-22 09:42:03,304 django.server:213 - "GET /user-profile/ HTTP/1.1" 200 180(method=- path=-)
[INFO] 2025-08-22 09:42:03,309 django.server:213 - "GET /api/params/get/ HTTP/1.1" 200 76(method=- path=-)
[INFO] 2025-08-22 09:42:03,325 django.server:213 - "GET /api/params/get/ HTTP/1.1" 200 76(method=- path=-)
[INFO] 2025-08-22 09:42:03,407 django.server:213 - "GET /api/aircraft_masters/201710264/?include=aircraft_type HTTP/1.1" 200 745(method=- path=-)
[INFO] 2025-08-22 09:42:03,482 django.server:213 - "GET /api/aircraft_masters/201710264/?include=aircraft_type HTTP/1.1" 200 745(method=- path=-)
[INFO] 2025-08-22 09:43:38,152 django.server:213 - "GET /user-profile/ HTTP/1.1" 200 180(method=- path=-)
[INFO] 2025-08-22 09:43:38,158 django.server:213 - "GET /user-profile/ HTTP/1.1" 200 180(method=- path=-)
[INFO] 2025-08-22 09:43:38,172 django.server:213 - "GET /api/params/get/ HTTP/1.1" 200 76(method=- path=-)
[INFO] 2025-08-22 09:43:38,178 django.server:213 - "GET /api/params/get/ HTTP/1.1" 200 76(method=- path=-)
[INFO] 2025-08-22 09:43:38,406 django.server:213 - "GET /api/aircraft_masters/201710264/?include=aircraft_type HTTP/1.1" 200 745(method=- path=-)
[INFO] 2025-08-22 09:43:39,066 django.server:213 - "GET /api/aircraft_masters/201710264/?include=aircraft_type HTTP/1.1" 200 745(method=- path=-)
[INFO] 2025-08-22 09:51:04,022 django.server:213 - "GET /user-profile/ HTTP/1.1" 200 180(method=- path=-)
[INFO] 2025-08-22 09:51:04,051 django.server:213 - "GET /user-profile/ HTTP/1.1" 200 180(method=- path=-)
[INFO] 2025-08-22 09:51:04,054 django.server:213 - "GET /api/params/get/ HTTP/1.1" 200 76(method=- path=-)
[INFO] 2025-08-22 09:51:04,057 django.server:213 - "GET /api/params/get/ HTTP/1.1" 200 76(method=- path=-)
[INFO] 2025-08-22 09:51:04,254 django.server:213 - "GET /api/aircraft_masters/201710264/?include=aircraft_type HTTP/1.1" 200 745(method=- path=-)
[INFO] 2025-08-22 09:51:04,337 django.server:213 - "GET /api/aircraft_masters/201710264/?include=aircraft_type HTTP/1.1" 200 745(method=- path=-)
[INFO] 2025-08-22 09:53:55,087 django.server:213 - "GET /user-profile/ HTTP/1.1" 200 180(method=- path=-)
[INFO] 2025-08-22 09:53:55,100 django.server:213 - "GET /user-profile/ HTTP/1.1" 200 180(method=- path=-)
[INFO] 2025-08-22 09:53:55,106 django.server:213 - "GET /api/params/get/ HTTP/1.1" 200 76(method=- path=-)
[INFO] 2025-08-22 09:53:55,111 django.server:213 - "GET /api/params/get/ HTTP/1.1" 200 76(method=- path=-)
[INFO] 2025-08-22 09:53:55,216 django.server:213 - "GET /api/aircraft_masters/201710264/?include=aircraft_type HTTP/1.1" 200 745(method=- path=-)
[INFO] 2025-08-22 09:53:55,293 django.server:213 - "GET /api/aircraft_masters/201710264/?include=aircraft_type HTTP/1.1" 200 745(method=- path=-)
[INFO] 2025-08-22 09:58:35,210 django.server:213 - "GET /user-profile/ HTTP/1.1" 200 180(method=- path=-)
[INFO] 2025-08-22 09:58:35,245 django.server:213 - "GET /api/params/get/ HTTP/1.1" 200 76(method=- path=-)
[INFO] 2025-08-22 09:58:35,249 django.server:213 - "GET /api/params/get/ HTTP/1.1" 200 76(method=- path=-)
[INFO] 2025-08-22 09:58:35,253 django.server:213 - "GET /user-profile/ HTTP/1.1" 200 180(method=- path=-)
[INFO] 2025-08-22 09:58:35,324 django.server:213 - "GET /api/aircraft_masters/201710264/?include=aircraft_type HTTP/1.1" 200 745(method=- path=-)
[INFO] 2025-08-22 09:58:35,408 django.server:213 - "GET /api/aircraft_masters/201710264/?include=aircraft_type HTTP/1.1" 200 745(method=- path=-)
[INFO] 2025-08-22 09:58:45,922 django.server:213 - "GET /user-profile/ HTTP/1.1" 200 180(method=- path=-)
[INFO] 2025-08-22 09:58:45,930 django.server:213 - "GET /api/params/get/ HTTP/1.1" 200 76(method=- path=-)
[INFO] 2025-08-22 09:58:45,966 django.server:213 - "GET /api/params/get/ HTTP/1.1" 200 76(method=- path=-)
[INFO] 2025-08-22 09:58:46,049 django.server:213 - "GET /user-profile/ HTTP/1.1" 200 180(method=- path=-)
[INFO] 2025-08-22 09:58:46,158 django.server:213 - "GET /api/aircraft_masters/201710264/?include=aircraft_type HTTP/1.1" 200 745(method=- path=-)
[INFO] 2025-08-22 09:58:46,241 django.server:213 - "GET /api/aircraft_masters/201710264/?include=aircraft_type HTTP/1.1" 200 745(method=- path=-)
[INFO] 2025-08-22 09:58:50,076 django.server:213 - "GET /user-profile/ HTTP/1.1" 200 180(method=- path=-)
[INFO] 2025-08-22 09:58:50,149 django.server:213 - "GET /api/params/get/ HTTP/1.1" 200 76(method=- path=-)
[INFO] 2025-08-22 09:58:50,164 django.server:213 - "GET /user-profile/ HTTP/1.1" 200 180(method=- path=-)
[INFO] 2025-08-22 09:58:50,233 django.server:213 - "GET /api/aircraft_masters/201710264/?include=aircraft_type HTTP/1.1" 200 745(method=- path=-)
[INFO] 2025-08-22 09:58:50,240 django.server:213 - "GET /api/params/get/ HTTP/1.1" 200 76(method=- path=-)
[INFO] 2025-08-22 09:58:50,436 django.server:213 - "GET /api/aircraft_masters/201710264/?include=aircraft_type HTTP/1.1" 200 745(method=- path=-)
[INFO] 2025-08-22 10:20:06,315 django.server:213 - "GET /user-profile/ HTTP/1.1" 200 180(method=- path=-)
[INFO] 2025-08-22 10:20:06,335 django.server:213 - "GET /user-profile/ HTTP/1.1" 200 180(method=- path=-)
[INFO] 2025-08-22 10:20:06,340 django.server:213 - "GET /api/params/get/ HTTP/1.1" 200 76(method=- path=-)
[INFO] 2025-08-22 10:20:06,356 django.server:213 - "GET /api/params/get/ HTTP/1.1" 200 76(method=- path=-)
[INFO] 2025-08-22 10:20:06,547 django.server:213 - "GET /api/aircraft_masters/201710264/?include=aircraft_type HTTP/1.1" 200 745(method=- path=-)
[INFO] 2025-08-22 10:20:06,717 django.server:213 - "GET /api/aircraft_masters/201710264/?include=aircraft_type HTTP/1.1" 200 745(method=- path=-)
[INFO] 2025-08-22 10:20:44,534 django.server:213 - "GET /user-profile/ HTTP/1.1" 200 180(method=- path=-)
[INFO] 2025-08-22 10:20:44,542 django.server:213 - "GET /user-profile/ HTTP/1.1" 200 180(method=- path=-)
[INFO] 2025-08-22 10:20:44,553 django.server:213 - "GET /api/params/get/ HTTP/1.1" 200 76(method=- path=-)
[INFO] 2025-08-22 10:20:44,574 django.server:213 - "GET /api/params/get/ HTTP/1.1" 200 76(method=- path=-)
[INFO] 2025-08-22 10:20:44,662 django.server:213 - "GET /api/aircraft_masters/201710264/?include=aircraft_type HTTP/1.1" 200 745(method=- path=-)
[INFO] 2025-08-22 10:20:44,743 django.server:213 - "GET /api/aircraft_masters/201710264/?include=aircraft_type HTTP/1.1" 200 745(method=- path=-)
[INFO] 2025-08-22 11:08:15,177 django.server:213 - "GET /user-profile/ HTTP/1.1" 200 180(method=- path=-)
[INFO] 2025-08-22 11:08:15,191 django.server:213 - "GET /user-profile/ HTTP/1.1" 200 180(method=- path=-)
[INFO] 2025-08-22 11:08:15,202 django.server:213 - "GET /api/params/get/ HTTP/1.1" 200 76(method=- path=-)
[INFO] 2025-08-22 11:08:15,223 django.server:213 - "GET /api/params/get/ HTTP/1.1" 200 76(method=- path=-)
[INFO] 2025-08-22 11:08:15,309 django.server:213 - "GET /api/aircraft_masters/201710264/?include=aircraft_type HTTP/1.1" 200 745(method=- path=-)
[INFO] 2025-08-22 11:08:15,400 django.server:213 - "GET /api/aircraft_masters/201710264/?include=aircraft_type HTTP/1.1" 200 745(method=- path=-)
[INFO] 2025-08-22 11:10:42,224 django.server:213 - "GET /user-profile/ HTTP/1.1" 200 180(method=- path=-)
[INFO] 2025-08-22 11:10:42,235 django.server:213 - "GET /user-profile/ HTTP/1.1" 200 180(method=- path=-)
[INFO] 2025-08-22 11:10:42,238 django.server:213 - "GET /api/params/get/ HTTP/1.1" 200 76(method=- path=-)
[INFO] 2025-08-22 11:10:42,244 django.server:213 - "GET /api/params/get/ HTTP/1.1" 200 76(method=- path=-)
[INFO] 2025-08-22 11:10:42,462 django.server:213 - "GET /api/aircraft_masters/201710264/?include=aircraft_type HTTP/1.1" 200 745(method=- path=-)
[INFO] 2025-08-22 11:10:42,540 django.server:213 - "GET /api/aircraft_masters/201710264/?include=aircraft_type HTTP/1.1" 200 745(method=- path=-)
[INFO] 2025-08-22 11:17:30,980 django.server:213 - "GET /user-profile/ HTTP/1.1" 200 180(method=- path=-)
[INFO] 2025-08-22 11:17:31,008 django.server:213 - "GET /api/params/get/ HTTP/1.1" 200 76(method=- path=-)
[INFO] 2025-08-22 11:17:31,082 django.server:213 - "GET /user-profile/ HTTP/1.1" 200 180(method=- path=-)
[INFO] 2025-08-22 11:17:31,103 django.server:213 - "GET /api/params/get/ HTTP/1.1" 200 76(method=- path=-)
[INFO] 2025-08-22 11:17:31,109 django.server:213 - "GET /api/aircraft_masters/201710264/?include=aircraft_type HTTP/1.1" 200 745(method=- path=-)
[INFO] 2025-08-22 11:17:31,179 django.server:213 - "GET /api/aircraft_masters/201710264/?include=aircraft_type HTTP/1.1" 200 745(method=- path=-)
[INFO] 2025-08-22 11:17:33,817 django.server:213 - "GET /user-profile/ HTTP/1.1" 200 180(method=- path=-)
[INFO] 2025-08-22 11:17:33,854 django.server:213 - "GET /user-profile/ HTTP/1.1" 200 180(method=- path=-)
[INFO] 2025-08-22 11:17:33,860 django.server:213 - "GET /api/params/get/ HTTP/1.1" 200 76(method=- path=-)
[INFO] 2025-08-22 11:17:33,919 django.server:213 - "GET /api/params/get/ HTTP/1.1" 200 76(method=- path=-)
[INFO] 2025-08-22 11:17:33,955 django.server:213 - "GET /api/aircraft_masters/201710264/?include=aircraft_type HTTP/1.1" 200 745(method=- path=-)
[INFO] 2025-08-22 11:17:34,039 django.server:213 - "GET /api/aircraft_masters/201710264/?include=aircraft_type HTTP/1.1" 200 745(method=- path=-)
[INFO] 2025-08-22 11:23:54,533 django.server:213 - "GET /user-profile/ HTTP/1.1" 200 180(method=- path=-)
[INFO] 2025-08-22 11:23:54,542 django.server:213 - "GET /api/params/get/ HTTP/1.1" 200 76(method=- path=-)
[INFO] 2025-08-22 11:23:54,548 django.server:213 - "GET /user-profile/ HTTP/1.1" 200 180(method=- path=-)
[INFO] 2025-08-22 11:23:54,561 django.server:213 - "GET /api/params/get/ HTTP/1.1" 200 76(method=- path=-)
[INFO] 2025-08-22 11:23:54,667 django.server:213 - "GET /api/aircraft_masters/201710264/?include=aircraft_type HTTP/1.1" 200 745(method=- path=-)
[INFO] 2025-08-22 11:23:54,764 django.server:213 - "GET /api/aircraft_masters/201710264/?include=aircraft_type HTTP/1.1" 200 745(method=- path=-)
[INFO] 2025-08-22 11:24:04,566 django.server:213 - "GET /user-profile/ HTTP/1.1" 200 180(method=- path=-)
[INFO] 2025-08-22 11:24:04,589 django.server:213 - "GET /api/params/get/ HTTP/1.1" 200 76(method=- path=-)
[INFO] 2025-08-22 11:24:04,594 django.server:213 - "GET /user-profile/ HTTP/1.1" 200 180(method=- path=-)
[INFO] 2025-08-22 11:24:04,600 django.server:213 - "GET /api/params/get/ HTTP/1.1" 200 76(method=- path=-)
[INFO] 2025-08-22 11:24:04,700 django.server:213 - "GET /api/aircraft_masters/201710264/?include=aircraft_type HTTP/1.1" 200 745(method=- path=-)
[INFO] 2025-08-22 11:24:04,779 django.server:213 - "GET /api/aircraft_masters/201710264/?include=aircraft_type HTTP/1.1" 200 745(method=- path=-)
[INFO] 2025-08-22 11:24:19,967 django.server:213 - "GET /user-profile/ HTTP/1.1" 200 180(method=- path=-)
[INFO] 2025-08-22 11:24:20,000 django.server:213 - "GET /api/params/get/ HTTP/1.1" 200 76(method=- path=-)
[INFO] 2025-08-22 11:24:20,009 django.server:213 - "GET /api/params/get/ HTTP/1.1" 200 76(method=- path=-)
[INFO] 2025-08-22 11:24:20,078 django.server:213 - "GET /user-profile/ HTTP/1.1" 200 180(method=- path=-)
[INFO] 2025-08-22 11:24:20,088 django.server:213 - "GET /api/aircraft_masters/201710264/?include=aircraft_type HTTP/1.1" 200 745(method=- path=-)
[INFO] 2025-08-22 11:24:20,178 django.server:213 - "GET /api/aircraft_masters/201710264/?include=aircraft_type HTTP/1.1" 200 745(method=- path=-)
[INFO] 2025-08-22 11:26:12,585 django.server:213 - "GET /user-profile/ HTTP/1.1" 200 180(method=- path=-)
[INFO] 2025-08-22 11:26:12,606 django.server:213 - "GET /user-profile/ HTTP/1.1" 200 180(method=- path=-)
[INFO] 2025-08-22 11:26:12,617 django.server:213 - "GET /api/params/get/ HTTP/1.1" 200 76(method=- path=-)
[INFO] 2025-08-22 11:26:12,629 django.server:213 - "GET /api/params/get/ HTTP/1.1" 200 76(method=- path=-)
[INFO] 2025-08-22 11:26:12,710 django.server:213 - "GET /api/aircraft_masters/201710264/?include=aircraft_type HTTP/1.1" 200 745(method=- path=-)
[INFO] 2025-08-22 11:26:12,781 django.server:213 - "GET /api/aircraft_masters/201710264/?include=aircraft_type HTTP/1.1" 200 745(method=- path=-)
[INFO] 2025-08-22 11:27:19,959 django.server:213 - "GET /user-profile/ HTTP/1.1" 200 180(method=- path=-)
[INFO] 2025-08-22 11:27:19,969 django.server:213 - "GET /user-profile/ HTTP/1.1" 200 180(method=- path=-)
[INFO] 2025-08-22 11:27:19,979 django.server:213 - "GET /api/params/get/ HTTP/1.1" 200 76(method=- path=-)
[INFO] 2025-08-22 11:27:19,993 django.server:213 - "GET /api/params/get/ HTTP/1.1" 200 76(method=- path=-)
[INFO] 2025-08-22 11:27:20,071 django.server:213 - "GET /api/aircraft_masters/201710264/?include=aircraft_type HTTP/1.1" 200 745(method=- path=-)
[INFO] 2025-08-22 11:27:20,155 django.server:213 - "GET /api/aircraft_masters/201710264/?include=aircraft_type HTTP/1.1" 200 745(method=- path=-)
[INFO] 2025-08-22 11:28:34,267 django.server:213 - "GET /user-profile/ HTTP/1.1" 200 180(method=- path=-)
[INFO] 2025-08-22 11:28:34,296 django.server:213 - "GET /api/params/get/ HTTP/1.1" 200 76(method=- path=-)
[INFO] 2025-08-22 11:28:34,369 django.server:213 - "GET /api/params/get/ HTTP/1.1" 200 76(method=- path=-)
[INFO] 2025-08-22 11:28:34,387 django.server:213 - "GET /user-profile/ HTTP/1.1" 200 180(method=- path=-)
[INFO] 2025-08-22 11:28:34,410 django.server:213 - "GET /api/aircraft_masters/201710264/?include=aircraft_type HTTP/1.1" 200 745(method=- path=-)
[INFO] 2025-08-22 11:28:34,479 django.server:213 - "GET /api/aircraft_masters/201710264/?include=aircraft_type HTTP/1.1" 200 745(method=- path=-)
[INFO] 2025-08-22 11:29:10,556 django.server:213 - "GET /user-profile/ HTTP/1.1" 200 180(method=- path=-)
[INFO] 2025-08-22 11:29:10,572 django.server:213 - "GET /api/params/get/ HTTP/1.1" 200 76(method=- path=-)
[INFO] 2025-08-22 11:29:10,575 django.server:213 - "GET /user-profile/ HTTP/1.1" 200 180(method=- path=-)
[INFO] 2025-08-22 11:29:10,579 django.server:213 - "GET /api/params/get/ HTTP/1.1" 200 76(method=- path=-)
[INFO] 2025-08-22 11:29:10,678 django.server:213 - "GET /api/aircraft_masters/201710264/?include=aircraft_type HTTP/1.1" 200 745(method=- path=-)
[INFO] 2025-08-22 11:29:10,752 django.server:213 - "GET /api/aircraft_masters/201710264/?include=aircraft_type HTTP/1.1" 200 745(method=- path=-)
[INFO] 2025-08-22 11:29:23,052 django.server:213 - "GET /user-profile/ HTTP/1.1" 200 180(method=- path=-)
[INFO] 2025-08-22 11:29:23,062 django.server:213 - "GET /user-profile/ HTTP/1.1" 200 180(method=- path=-)
[INFO] 2025-08-22 11:29:23,067 django.server:213 - "GET /api/params/get/ HTTP/1.1" 200 76(method=- path=-)
[INFO] 2025-08-22 11:29:23,085 django.server:213 - "GET /api/params/get/ HTTP/1.1" 200 76(method=- path=-)
[INFO] 2025-08-22 11:29:23,188 django.server:213 - "GET /api/aircraft_masters/201710264/?include=aircraft_type HTTP/1.1" 200 745(method=- path=-)
[INFO] 2025-08-22 11:29:23,276 django.server:213 - "GET /api/aircraft_masters/201710264/?include=aircraft_type HTTP/1.1" 200 745(method=- path=-)
[INFO] 2025-08-22 11:31:31,088 django.server:213 - "GET /user-profile/ HTTP/1.1" 200 180(method=- path=-)
[INFO] 2025-08-22 11:31:31,095 django.server:213 - "GET /api/params/get/ HTTP/1.1" 200 76(method=- path=-)
[INFO] 2025-08-22 11:31:31,197 django.server:213 - "GET /user-profile/ HTTP/1.1" 200 180(method=- path=-)
[INFO] 2025-08-22 11:31:31,231 django.server:213 - "GET /api/aircraft_masters/201710264/?include=aircraft_type HTTP/1.1" 200 745(method=- path=-)
[INFO] 2025-08-22 11:31:31,235 django.server:213 - "GET /api/params/get/ HTTP/1.1" 200 76(method=- path=-)
[INFO] 2025-08-22 11:31:31,411 django.server:213 - "GET /api/aircraft_masters/201710264/?include=aircraft_type HTTP/1.1" 200 745(method=- path=-)
[INFO] 2025-08-22 11:31:59,984 django.server:213 - "GET /user-profile/ HTTP/1.1" 200 180(method=- path=-)
[INFO] 2025-08-22 11:31:59,995 django.server:213 - "GET /user-profile/ HTTP/1.1" 200 180(method=- path=-)
[INFO] 2025-08-22 11:32:00,016 django.server:213 - "GET /api/params/get/ HTTP/1.1" 200 76(method=- path=-)
[INFO] 2025-08-22 11:32:00,021 django.server:213 - "GET /api/params/get/ HTTP/1.1" 200 76(method=- path=-)
[INFO] 2025-08-22 11:32:00,116 django.server:213 - "GET /api/aircraft_masters/201710264/?include=aircraft_type HTTP/1.1" 200 745(method=- path=-)
[INFO] 2025-08-22 11:32:00,193 django.server:213 - "GET /api/aircraft_masters/201710264/?include=aircraft_type HTTP/1.1" 200 745(method=- path=-)
[INFO] 2025-08-22 11:32:11,061 django.server:213 - "GET /user-profile/ HTTP/1.1" 200 180(method=- path=-)
[INFO] 2025-08-22 11:32:11,104 django.server:213 - "GET /user-profile/ HTTP/1.1" 200 180(method=- path=-)
[INFO] 2025-08-22 11:32:11,150 django.server:213 - "GET /api/params/get/ HTTP/1.1" 200 76(method=- path=-)
[INFO] 2025-08-22 11:32:11,154 django.server:213 - "GET /api/params/get/ HTTP/1.1" 200 76(method=- path=-)
[INFO] 2025-08-22 11:32:11,288 django.server:213 - "GET /api/aircraft_masters/201710264/?include=aircraft_type HTTP/1.1" 200 745(method=- path=-)
[INFO] 2025-08-22 11:32:11,970 django.server:213 - "GET /api/aircraft_masters/201710264/?include=aircraft_type HTTP/1.1" 200 745(method=- path=-)
[INFO] 2025-08-22 11:32:34,266 django.server:213 - "GET /user-profile/ HTTP/1.1" 200 180(method=- path=-)
[INFO] 2025-08-22 11:32:34,296 django.server:213 - "GET /user-profile/ HTTP/1.1" 200 180(method=- path=-)
[INFO] 2025-08-22 11:32:34,309 django.server:213 - "GET /api/params/get/ HTTP/1.1" 200 76(method=- path=-)
[INFO] 2025-08-22 11:32:34,321 django.server:213 - "GET /api/params/get/ HTTP/1.1" 200 76(method=- path=-)
[INFO] 2025-08-22 11:32:34,395 django.server:213 - "GET /api/aircraft_masters/201710264/?include=aircraft_type HTTP/1.1" 200 745(method=- path=-)
[INFO] 2025-08-22 11:32:34,492 django.server:213 - "GET /api/aircraft_masters/201710264/?include=aircraft_type HTTP/1.1" 200 745(method=- path=-)
[INFO] 2025-08-22 11:33:01,175 django.server:213 - "GET /user-profile/ HTTP/1.1" 200 180(method=- path=-)
[INFO] 2025-08-22 11:33:01,203 django.server:213 - "GET /user-profile/ HTTP/1.1" 200 180(method=- path=-)
[INFO] 2025-08-22 11:33:01,212 django.server:213 - "GET /api/params/get/ HTTP/1.1" 200 76(method=- path=-)
[INFO] 2025-08-22 11:33:01,228 django.server:213 - "GET /api/params/get/ HTTP/1.1" 200 76(method=- path=-)
[INFO] 2025-08-22 11:33:01,307 django.server:213 - "GET /api/aircraft_masters/201710264/?include=aircraft_type HTTP/1.1" 200 745(method=- path=-)
[INFO] 2025-08-22 11:33:01,402 django.server:213 - "GET /api/aircraft_masters/201710264/?include=aircraft_type HTTP/1.1" 200 745(method=- path=-)
[INFO] 2025-08-22 11:33:16,295 django.server:213 - "GET /user-profile/ HTTP/1.1" 200 180(method=- path=-)
[INFO] 2025-08-22 11:33:16,323 django.server:213 - "GET /user-profile/ HTTP/1.1" 200 180(method=- path=-)
[INFO] 2025-08-22 11:33:16,326 django.server:213 - "GET /api/params/get/ HTTP/1.1" 200 76(method=- path=-)
[INFO] 2025-08-22 11:33:16,332 django.server:213 - "GET /api/params/get/ HTTP/1.1" 200 76(method=- path=-)
[INFO] 2025-08-22 11:33:16,527 django.server:213 - "GET /api/aircraft_masters/201710264/?include=aircraft_type HTTP/1.1" 200 745(method=- path=-)
[INFO] 2025-08-22 11:33:16,601 django.server:213 - "GET /api/aircraft_masters/201710264/?include=aircraft_type HTTP/1.1" 200 745(method=- path=-)
[INFO] 2025-08-22 11:33:19,551 django.server:213 - "GET /user-profile/ HTTP/1.1" 200 180(method=- path=-)
[INFO] 2025-08-22 11:33:19,566 django.server:213 - "GET /user-profile/ HTTP/1.1" 200 180(method=- path=-)
[INFO] 2025-08-22 11:33:19,576 django.server:213 - "GET /api/params/get/ HTTP/1.1" 200 76(method=- path=-)
[INFO] 2025-08-22 11:33:19,587 django.server:213 - "GET /api/params/get/ HTTP/1.1" 200 76(method=- path=-)
[INFO] 2025-08-22 11:33:19,671 django.server:213 - "GET /api/aircraft_masters/201710264/?include=aircraft_type HTTP/1.1" 200 745(method=- path=-)
[INFO] 2025-08-22 11:33:19,768 django.server:213 - "GET /api/aircraft_masters/201710264/?include=aircraft_type HTTP/1.1" 200 745(method=- path=-)
[INFO] 2025-08-22 11:33:35,060 django.server:213 - "GET /user-profile/ HTTP/1.1" 200 180(method=- path=-)
[INFO] 2025-08-22 11:33:35,090 django.server:213 - "GET /user-profile/ HTTP/1.1" 200 180(method=- path=-)
[INFO] 2025-08-22 11:33:35,112 django.server:213 - "GET /api/params/get/ HTTP/1.1" 200 76(method=- path=-)
[INFO] 2025-08-22 11:33:35,151 django.server:213 - "GET /api/params/get/ HTTP/1.1" 200 76(method=- path=-)
[INFO] 2025-08-22 11:33:35,198 django.server:213 - "GET /api/aircraft_masters/201710264/?include=aircraft_type HTTP/1.1" 200 745(method=- path=-)
[INFO] 2025-08-22 11:33:35,289 django.server:213 - "GET /api/aircraft_masters/201710264/?include=aircraft_type HTTP/1.1" 200 745(method=- path=-)
[INFO] 2025-08-22 11:33:38,584 django.server:213 - "GET /user-profile/ HTTP/1.1" 200 180(method=- path=-)
[INFO] 2025-08-22 11:33:38,625 django.server:213 - "GET /api/params/get/ HTTP/1.1" 200 76(method=- path=-)
[INFO] 2025-08-22 11:33:38,714 django.server:213 - "GET /api/aircraft_masters/201710264/?include=aircraft_type HTTP/1.1" 200 745(method=- path=-)
[INFO] 2025-08-22 11:33:38,718 django.server:213 - "GET /user-profile/ HTTP/1.1" 200 180(method=- path=-)
[INFO] 2025-08-22 11:33:38,727 django.server:213 - "GET /api/params/get/ HTTP/1.1" 200 76(method=- path=-)
[INFO] 2025-08-22 11:33:38,886 django.server:213 - "GET /api/aircraft_masters/201710264/?include=aircraft_type HTTP/1.1" 200 745(method=- path=-)
[INFO] 2025-08-22 11:33:45,717 django.server:213 - "GET /user-profile/ HTTP/1.1" 200 180(method=- path=-)
[INFO] 2025-08-22 11:33:45,764 django.server:213 - "GET /api/params/get/ HTTP/1.1" 200 76(method=- path=-)
[INFO] 2025-08-22 11:33:45,777 django.server:213 - "GET /user-profile/ HTTP/1.1" 200 180(method=- path=-)
[INFO] 2025-08-22 11:33:45,809 django.server:213 - "GET /api/params/get/ HTTP/1.1" 200 76(method=- path=-)
[INFO] 2025-08-22 11:33:45,848 django.server:213 - "GET /api/aircraft_masters/201710264/?include=aircraft_type HTTP/1.1" 200 745(method=- path=-)
[INFO] 2025-08-22 11:33:46,031 django.server:213 - "GET /api/aircraft_masters/201710264/?include=aircraft_type HTTP/1.1" 200 745(method=- path=-)
[INFO] 2025-08-22 11:34:10,135 django.server:213 - "GET /api/leadingParticularsOfAircraft/201710264 HTTP/1.1" 301 0(method=- path=-)
[INFO] 2025-08-22 11:34:10,318 django.server:213 - "GET /api/leadingParticularsOfAircraft/201710264/ HTTP/1.1" 200 2589(method=- path=-)
[INFO] 2025-08-22 11:37:52,024 django.server:213 - "GET /user-profile/ HTTP/1.1" 200 180(method=- path=-)
[INFO] 2025-08-22 11:37:52,035 django.server:213 - "GET /user-profile/ HTTP/1.1" 200 180(method=- path=-)
[INFO] 2025-08-22 11:37:52,038 django.server:213 - "GET /api/params/get/ HTTP/1.1" 200 76(method=- path=-)
[INFO] 2025-08-22 11:37:52,045 django.server:213 - "GET /api/params/get/ HTTP/1.1" 200 76(method=- path=-)
[INFO] 2025-08-22 11:37:52,198 django.server:213 - "GET /api/aircraft_masters/201710264/?include=aircraft_type HTTP/1.1" 200 745(method=- path=-)
[INFO] 2025-08-22 11:37:52,371 django.server:213 - "GET /api/aircraft_masters/201710264/?include=aircraft_type HTTP/1.1" 200 745(method=- path=-)
[INFO] 2025-08-22 11:39:00,013 django.server:213 - "GET /user-profile/ HTTP/1.1" 200 180(method=- path=-)
[INFO] 2025-08-22 11:39:00,031 django.server:213 - "GET /user-profile/ HTTP/1.1" 200 180(method=- path=-)
[INFO] 2025-08-22 11:39:00,038 django.server:213 - "GET /api/params/get/ HTTP/1.1" 200 76(method=- path=-)
[INFO] 2025-08-22 11:39:00,051 django.server:213 - "GET /api/params/get/ HTTP/1.1" 200 76(method=- path=-)
[INFO] 2025-08-22 11:39:00,152 django.server:213 - "GET /api/aircraft_masters/201710264/?include=aircraft_type HTTP/1.1" 200 745(method=- path=-)
[INFO] 2025-08-22 11:39:00,217 django.server:213 - "GET /api/aircraft_masters/201710264/?include=aircraft_type HTTP/1.1" 200 745(method=- path=-)
[INFO] 2025-08-22 11:39:05,501 django.server:213 - "GET /user-profile/ HTTP/1.1" 200 180(method=- path=-)
[INFO] 2025-08-22 11:39:05,519 django.server:213 - "GET /user-profile/ HTTP/1.1" 200 180(method=- path=-)
[INFO] 2025-08-22 11:39:05,523 django.server:213 - "GET /api/params/get/ HTTP/1.1" 200 76(method=- path=-)
[INFO] 2025-08-22 11:39:05,543 django.server:213 - "GET /api/params/get/ HTTP/1.1" 200 76(method=- path=-)
[INFO] 2025-08-22 11:39:05,665 django.server:213 - "GET /api/aircraft_masters/201710264/?include=aircraft_type HTTP/1.1" 200 745(method=- path=-)
[INFO] 2025-08-22 11:39:05,765 django.server:213 - "GET /api/aircraft_masters/201710264/?include=aircraft_type HTTP/1.1" 200 745(method=- path=-)
[INFO] 2025-08-22 11:49:21,063 django.server:213 - "GET /user-profile/ HTTP/1.1" 200 180(method=- path=-)
[INFO] 2025-08-22 11:49:21,068 django.server:213 - "GET /user-profile/ HTTP/1.1" 200 180(method=- path=-)
[INFO] 2025-08-22 11:49:21,175 django.server:213 - "GET /api/params/get/ HTTP/1.1" 200 76(method=- path=-)
[INFO] 2025-08-22 11:49:21,197 django.server:213 - "GET /api/params/get/ HTTP/1.1" 200 76(method=- path=-)
[INFO] 2025-08-22 11:49:21,231 django.server:213 - "GET /api/aircraft_masters/201710264/?include=aircraft_type HTTP/1.1" 200 745(method=- path=-)
[INFO] 2025-08-22 11:49:21,316 django.server:213 - "GET /api/aircraft_masters/201710264/?include=aircraft_type HTTP/1.1" 200 745(method=- path=-)
[INFO] 2025-08-22 11:50:09,341 django.server:213 - "GET /user-profile/ HTTP/1.1" 200 180(method=- path=-)
[INFO] 2025-08-22 11:50:09,348 django.server:213 - "GET /user-profile/ HTTP/1.1" 200 180(method=- path=-)
[INFO] 2025-08-22 11:50:09,359 django.server:213 - "GET /api/params/get/ HTTP/1.1" 200 76(method=- path=-)
[INFO] 2025-08-22 11:50:09,474 django.server:213 - "GET /api/params/get/ HTTP/1.1" 200 76(method=- path=-)
[INFO] 2025-08-22 11:51:11,477 django.server:213 - "GET /user-profile/ HTTP/1.1" 200 180(method=- path=-)
[INFO] 2025-08-22 11:51:11,493 django.server:213 - "GET /api/params/get/ HTTP/1.1" 200 76(method=- path=-)
[INFO] 2025-08-22 11:51:11,505 django.server:213 - "GET /user-profile/ HTTP/1.1" 200 180(method=- path=-)
[INFO] 2025-08-22 11:51:11,515 django.server:213 - "GET /api/params/get/ HTTP/1.1" 200 76(method=- path=-)
[INFO] 2025-08-22 11:51:11,632 django.server:213 - "GET /api/aircraft_masters/201710264/?include=aircraft_type HTTP/1.1" 200 745(method=- path=-)
[INFO] 2025-08-22 11:51:11,707 django.server:213 - "GET /api/aircraft_masters/201710264/?include=aircraft_type HTTP/1.1" 200 745(method=- path=-)
[WARNING] 2025-08-22 11:51:20,212 django.server:213 - "GET /installHook.js.map HTTP/1.1" 404 7828(method=- path=-)
[INFO] 2025-08-22 11:52:35,473 django.server:213 - "GET /user-profile/ HTTP/1.1" 200 180(method=- path=-)
[INFO] 2025-08-22 11:52:35,493 django.server:213 - "GET /api/params/get/ HTTP/1.1" 200 76(method=- path=-)
[INFO] 2025-08-22 11:52:35,497 django.server:213 - "GET /user-profile/ HTTP/1.1" 200 180(method=- path=-)
[INFO] 2025-08-22 11:52:35,623 django.server:213 - "GET /api/params/get/ HTTP/1.1" 200 76(method=- path=-)
[INFO] 2025-08-22 11:52:35,774 django.server:213 - "GET /api/aircraft_masters/201710264/?include=aircraft_type HTTP/1.1" 200 745(method=- path=-)
[INFO] 2025-08-22 11:52:35,854 django.server:213 - "GET /api/aircraft_masters/201710264/?include=aircraft_type HTTP/1.1" 200 745(method=- path=-)
[WARNING] 2025-08-22 11:52:35,903 django.server:213 - "GET /installHook.js.map HTTP/1.1" 404 7828(method=- path=-)
[ERROR] 2025-08-22 11:57:30,057 django.request:248 - Internal Server Error: /api/system/(method=- path=-)
Traceback (most recent call last):
  File "/home/dev11/Videos/e700/backend/venv/lib/python3.12/site-packages/django/core/handlers/exception.py", line 55, in inner
    response = get_response(request)
               ^^^^^^^^^^^^^^^^^^^^^
  File "/home/dev11/Videos/e700/backend/venv/lib/python3.12/site-packages/django/core/handlers/base.py", line 197, in _get_response
    response = wrapped_callback(request, *callback_args, **callback_kwargs)
               ^^^^^^^^^^^^^^^^^^^^^^^^^^^^^^^^^^^^^^^^^^^^^^^^^^^^^^^^^^^^
  File "/home/dev11/Videos/e700/backend/venv/lib/python3.12/site-packages/django/views/decorators/csrf.py", line 65, in _view_wrapper
    return view_func(request, *args, **kwargs)
           ^^^^^^^^^^^^^^^^^^^^^^^^^^^^^^^^^^^
  File "/home/dev11/Videos/e700/backend/venv/lib/python3.12/site-packages/rest_framework/viewsets.py", line 125, in view
    return self.dispatch(request, *args, **kwargs)
           ^^^^^^^^^^^^^^^^^^^^^^^^^^^^^^^^^^^^^^^
  File "/home/dev11/Videos/e700/backend/venv/lib/python3.12/site-packages/rest_framework/views.py", line 515, in dispatch
    response = self.handle_exception(exc)
               ^^^^^^^^^^^^^^^^^^^^^^^^^^
  File "/home/dev11/Videos/e700/backend/venv/lib/python3.12/site-packages/rest_framework/views.py", line 475, in handle_exception
    self.raise_uncaught_exception(exc)
  File "/home/dev11/Videos/e700/backend/venv/lib/python3.12/site-packages/rest_framework/views.py", line 486, in raise_uncaught_exception
    raise exc
  File "/home/dev11/Videos/e700/backend/venv/lib/python3.12/site-packages/rest_framework/views.py", line 512, in dispatch
    response = handler(request, *args, **kwargs)
               ^^^^^^^^^^^^^^^^^^^^^^^^^^^^^^^^^
  File "/home/dev11/Videos/e700/backend/userprofile/views.py", line 334, in list
    queryset = Model.objects.all()
               ^^^^^^^^^^^^^
AttributeError: 'NoneType' object has no attribute 'objects'
[ERROR] 2025-08-22 11:57:30,058 django.db.backends:35 - SQL queries executed for GET /api/system/:(method=- path=-)
[ERROR] 2025-08-22 11:57:30,058 django.db.backends:39 -   (0.002) SELECT "django_session"."session_key", "django_session"."session_data", "django_session"."expire_date" FROM "django_session" WHERE ("django_session"."expire_date" > '2025-08-22T11:57:29.974605+00:00'::timestamptz AND "django_session"."session_key" = '9w6egfyu5w9e1q9v52npwjlntvn4gcw2') LIMIT 21(method=- path=-)
[ERROR] 2025-08-22 11:57:30,059 django.server:213 - "GET /api/system/ HTTP/1.1" 500 99404(method=- path=-)
[INFO] 2025-08-22 11:59:37,404 django.server:213 - "GET /api/systems/ HTTP/1.1" 200 11361(method=- path=-)
[INFO] 2025-08-22 11:59:37,411 django.server:213 - "GET /api/aircraft_roles/ HTTP/1.1" 200 766(method=- path=-)
[INFO] 2025-08-22 11:59:37,528 django.server:213 - "GET /api/items/ HTTP/1.1" 200 1325187(method=- path=-)
[INFO] 2025-08-22 11:59:45,186 django.server:213 - "GET /user-profile/ HTTP/1.1" 200 180(method=- path=-)
[INFO] 2025-08-22 11:59:45,212 django.server:213 - "GET /user-profile/ HTTP/1.1" 200 180(method=- path=-)
[INFO] 2025-08-22 11:59:45,217 django.server:213 - "GET /api/params/get/ HTTP/1.1" 200 76(method=- path=-)
[INFO] 2025-08-22 11:59:45,232 django.server:213 - "GET /api/params/get/ HTTP/1.1" 200 76(method=- path=-)
[WARNING] 2025-08-22 11:59:45,377 django.server:213 - "GET /installHook.js.map HTTP/1.1" 404 7828(method=- path=-)
[INFO] 2025-08-22 11:59:45,414 django.server:213 - "GET /api/aircraft_masters/201710264/?include=aircraft_type HTTP/1.1" 200 745(method=- path=-)
[INFO] 2025-08-22 11:59:45,426 django.server:213 - "GET /api/systems/ HTTP/1.1" 200 11361(method=- path=-)
[INFO] 2025-08-22 11:59:45,570 django.server:213 - "GET /api/aircraft_roles/ HTTP/1.1" 200 766(method=- path=-)
[INFO] 2025-08-22 11:59:45,605 django.server:213 - "GET /api/items/ HTTP/1.1" 200 1325187(method=- path=-)
[INFO] 2025-08-22 11:59:45,614 django.server:213 - "GET /api/aircraft_masters/201710264/?include=aircraft_type HTTP/1.1" 200 745(method=- path=-)
[INFO] 2025-08-22 11:59:45,618 django.server:213 - "GET /api/systems/ HTTP/1.1" 200 11361(method=- path=-)
[INFO] 2025-08-22 11:59:45,655 django.server:213 - "GET /api/aircraft_roles/ HTTP/1.1" 200 766(method=- path=-)
[INFO] 2025-08-22 11:59:45,770 django.server:213 - "GET /api/items/ HTTP/1.1" 200 1325187(method=- path=-)
[INFO] 2025-08-22 12:01:58,634 django.server:213 - "GET /api/systems/?aircraft_type_id=202500008 HTTP/1.1" 200 1430(method=- path=-)
[INFO] 2025-08-22 12:01:58,784 django.server:213 - "GET /api/aircraft_roles/ HTTP/1.1" 200 766(method=- path=-)
[INFO] 2025-08-22 12:01:58,789 django.server:213 - "GET /api/items/ HTTP/1.1" 200 1325187(method=- path=-)
[INFO] 2025-08-22 12:03:32,334 django.server:213 - "GET /user-profile/ HTTP/1.1" 200 180(method=- path=-)
[INFO] 2025-08-22 12:03:32,348 django.server:213 - "GET /api/params/get/ HTTP/1.1" 200 76(method=- path=-)
[INFO] 2025-08-22 12:03:32,358 django.server:213 - "GET /user-profile/ HTTP/1.1" 200 180(method=- path=-)
[INFO] 2025-08-22 12:03:32,368 django.server:213 - "GET /api/params/get/ HTTP/1.1" 200 76(method=- path=-)
[INFO] 2025-08-22 12:03:32,549 django.server:213 - "GET /api/aircraft_masters/201710264/?include=aircraft_type HTTP/1.1" 200 745(method=- path=-)
[INFO] 2025-08-22 12:03:32,562 django.server:213 - "GET /api/systems/?aircraft_type_id=202500008 HTTP/1.1" 200 1430(method=- path=-)
[INFO] 2025-08-22 12:03:32,611 django.server:213 - "GET /api/aircraft_roles/?aircraft_type_id=202500008 HTTP/1.1" 200 57(method=- path=-)
[INFO] 2025-08-22 12:03:32,617 django.server:213 - "GET /api/items/?store_type_id=202500008 HTTP/1.1" 200 2(method=- path=-)
[INFO] 2025-08-22 12:03:32,715 django.server:213 - "GET /api/items/?store_type_id=202500008 HTTP/1.1" 200 2(method=- path=-)
[INFO] 2025-08-22 12:03:32,729 django.server:213 - "GET /api/aircraft_masters/201710264/?include=aircraft_type HTTP/1.1" 200 745(method=- path=-)
[INFO] 2025-08-22 12:03:32,756 django.server:213 - "GET /api/systems/?aircraft_type_id=202500008 HTTP/1.1" 200 1430(method=- path=-)
[WARNING] 2025-08-22 12:03:32,795 django.server:213 - "GET /installHook.js.map HTTP/1.1" 404 7828(method=- path=-)
[INFO] 2025-08-22 12:03:32,802 django.server:213 - "GET /api/aircraft_roles/?aircraft_type_id=202500008 HTTP/1.1" 200 57(method=- path=-)
[INFO] 2025-08-22 12:04:27,627 django.server:213 - "OPTIONS /logout/ HTTP/1.1" 200 0(method=- path=-)
[INFO] 2025-08-22 12:04:27,712 django.server:213 - "POST /api/params/set/ HTTP/1.1" 200 33(method=- path=-)
[INFO] 2025-08-22 12:04:27,730 django.server:213 - "POST /logout/ HTTP/1.1" 200 49(method=- path=-)
[INFO] 2025-08-22 12:04:27,845 django.server:213 - "GET /api/aircraft-type-details HTTP/1.1" 200 4335(method=- path=-)
[INFO] 2025-08-22 12:04:27,858 django.server:213 - "GET /api/aircraft-type-details HTTP/1.1" 200 4335(method=- path=-)
[INFO] 2025-08-22 12:04:27,863 django.server:213 - "GET /csrf/ HTTP/1.1" 200 47(method=- path=-)
[INFO] 2025-08-22 12:04:27,868 django.server:213 - "GET /csrf/ HTTP/1.1" 200 47(method=- path=-)
[INFO] 2025-08-22 12:04:34,704 django.server:213 - "POST /login/ HTTP/1.1" 200 180(method=- path=-)
[INFO] 2025-08-22 12:04:34,820 django.server:213 - "GET /api/aircraft-type-details HTTP/1.1" 200 4335(method=- path=-)
[INFO] 2025-08-22 12:04:34,840 django.server:213 - "GET /api/aircraft-type-details HTTP/1.1" 200 4335(method=- path=-)
[INFO] 2025-08-22 12:04:35,109 django.server:213 - "GET /api/aircraft_masters/?include=aircraft_type HTTP/1.1" 200 285542(method=- path=-)
[INFO] 2025-08-22 12:04:35,514 django.server:213 - "GET /api/aircraft_masters/?include=aircraft_type HTTP/1.1" 200 285542(method=- path=-)
[INFO] 2025-08-22 12:04:37,315 django.server:213 - "GET /api/aircraft-details/202500005 HTTP/1.1" 200 21706(method=- path=-)
[INFO] 2025-08-22 12:04:43,533 django.server:213 - "POST /api/params/set/ HTTP/1.1" 200 95(method=- path=-)
[INFO] 2025-08-22 12:04:59,078 django.server:213 - "GET /api/systems/?aircraft_type_id=202500005 HTTP/1.1" 200 684(method=- path=-)
[INFO] 2025-08-22 12:04:59,146 django.server:213 - "GET /api/aircraft_roles/?aircraft_type_id=202500005 HTTP/1.1" 200 61(method=- path=-)
[INFO] 2025-08-22 12:04:59,200 django.server:213 - "GET /api/systems/?aircraft_type_id=202500005 HTTP/1.1" 200 684(method=- path=-)
[INFO] 2025-08-22 12:04:59,207 django.server:213 - "GET /api/items/?store_type_id=202500005 HTTP/1.1" 200 1325187(method=- path=-)
[INFO] 2025-08-22 12:04:59,266 django.server:213 - "GET /api/aircraft_roles/?aircraft_type_id=202500005 HTTP/1.1" 200 61(method=- path=-)
[INFO] 2025-08-22 12:04:59,380 django.server:213 - "GET /api/items/?store_type_id=202500005 HTTP/1.1" 200 1325187(method=- path=-)
[INFO] 2025-08-22 12:06:19,982 django.server:213 - "GET /user-profile/ HTTP/1.1" 200 180(method=- path=-)
[INFO] 2025-08-22 12:06:19,988 django.server:213 - "GET /user-profile/ HTTP/1.1" 200 180(method=- path=-)
[INFO] 2025-08-22 12:06:19,995 django.server:213 - "GET /api/params/get/ HTTP/1.1" 200 76(method=- path=-)
[INFO] 2025-08-22 12:06:20,009 django.server:213 - "GET /api/params/get/ HTTP/1.1" 200 76(method=- path=-)
[INFO] 2025-08-22 12:06:20,163 django.server:213 - "GET /api/systems/ HTTP/1.1" 200 11361(method=- path=-)
[INFO] 2025-08-22 12:06:20,315 django.server:213 - "GET /api/aircraft_roles/ HTTP/1.1" 200 766(method=- path=-)
[INFO] 2025-08-22 12:06:20,316 django.server:213 - "GET /api/systems/ HTTP/1.1" 200 11361(method=- path=-)
[INFO] 2025-08-22 12:06:20,357 django.server:213 - "GET /api/items/ HTTP/1.1" 200 1325187(method=- path=-)
[WARNING] 2025-08-22 12:06:20,409 django.server:213 - "GET /installHook.js.map HTTP/1.1" 404 7828(method=- path=-)
[INFO] 2025-08-22 12:06:20,422 django.server:213 - "GET /api/aircraft_roles/ HTTP/1.1" 200 766(method=- path=-)
[INFO] 2025-08-22 12:06:20,548 django.server:213 - "GET /api/items/ HTTP/1.1" 200 1325187(method=- path=-)
[INFO] 2025-08-22 12:06:20,703 django.server:213 - "GET /api/aircraft_masters/?include=aircraft_type HTTP/1.1" 200 285542(method=- path=-)
[INFO] 2025-08-22 12:06:21,083 django.server:213 - "GET /api/aircraft_masters/?include=aircraft_type HTTP/1.1" 200 285542(method=- path=-)
[INFO] 2025-08-22 12:06:28,452 django.server:213 - "GET /user-profile/ HTTP/1.1" 200 180(method=- path=-)
[INFO] 2025-08-22 12:06:28,473 django.server:213 - "GET /api/params/get/ HTTP/1.1" 200 76(method=- path=-)
[INFO] 2025-08-22 12:06:28,480 django.server:213 - "GET /user-profile/ HTTP/1.1" 200 180(method=- path=-)
[INFO] 2025-08-22 12:06:28,494 django.server:213 - "GET /api/params/get/ HTTP/1.1" 200 76(method=- path=-)
[INFO] 2025-08-22 12:06:28,621 django.server:213 - "GET /api/aircraft_masters/201710168/?include=aircraft_type HTTP/1.1" 200 829(method=- path=-)
[INFO] 2025-08-22 12:06:28,673 django.server:213 - "GET /api/systems/?aircraft_type_id=202500005 HTTP/1.1" 200 684(method=- path=-)
[INFO] 2025-08-22 12:06:28,705 django.server:213 - "GET /api/aircraft_roles/?aircraft_type_id=202500005 HTTP/1.1" 200 61(method=- path=-)
[INFO] 2025-08-22 12:06:28,796 django.server:213 - "GET /api/aircraft_masters/201710168/?include=aircraft_type HTTP/1.1" 200 829(method=- path=-)
[WARNING] 2025-08-22 12:06:28,810 django.server:213 - "GET /installHook.js.map HTTP/1.1" 404 7828(method=- path=-)
[INFO] 2025-08-22 12:06:28,814 django.server:213 - "GET /api/aircraft_roles/?aircraft_type_id=202500005 HTTP/1.1" 200 61(method=- path=-)
[INFO] 2025-08-22 12:06:28,819 django.server:213 - "GET /api/items/?store_type_id=202500005 HTTP/1.1" 200 1325187(method=- path=-)
[INFO] 2025-08-22 12:06:28,880 django.server:213 - "GET /api/systems/?aircraft_type_id=202500005 HTTP/1.1" 200 684(method=- path=-)
[INFO] 2025-08-22 12:06:29,050 django.server:213 - "GET /api/items/?store_type_id=202500005 HTTP/1.1" 200 1325187(method=- path=-)
[INFO] 2025-08-22 12:20:11,104 django.server:213 - "GET /user-profile/ HTTP/1.1" 200 180(method=- path=-)
[INFO] 2025-08-22 12:20:11,135 django.server:213 - "GET /user-profile/ HTTP/1.1" 200 180(method=- path=-)
[INFO] 2025-08-22 12:20:11,149 django.server:213 - "GET /api/params/get/ HTTP/1.1" 200 76(method=- path=-)
[INFO] 2025-08-22 12:20:11,166 django.server:213 - "GET /api/params/get/ HTTP/1.1" 200 76(method=- path=-)
[INFO] 2025-08-22 12:20:13,628 django.server:213 - "GET /user-profile/ HTTP/1.1" 200 180(method=- path=-)
[INFO] 2025-08-22 12:20:13,657 django.server:213 - "GET /user-profile/ HTTP/1.1" 200 180(method=- path=-)
[INFO] 2025-08-22 12:20:13,669 django.server:213 - "GET /api/params/get/ HTTP/1.1" 200 76(method=- path=-)
[INFO] 2025-08-22 12:20:13,788 django.server:213 - "GET /api/params/get/ HTTP/1.1" 200 76(method=- path=-)
[WARNING] 2025-08-22 12:20:14,063 django.server:213 - "GET /installHook.js.map HTTP/1.1" 404 7828(method=- path=-)
[INFO] 2025-08-22 12:21:48,515 django.server:213 - "GET /user-profile/ HTTP/1.1" 200 180(method=- path=-)
[INFO] 2025-08-22 12:21:48,525 django.server:213 - "GET /api/params/get/ HTTP/1.1" 200 76(method=- path=-)
[INFO] 2025-08-22 12:21:48,549 django.server:213 - "GET /api/params/get/ HTTP/1.1" 200 76(method=- path=-)
[INFO] 2025-08-22 12:21:48,635 django.server:213 - "GET /user-profile/ HTTP/1.1" 200 180(method=- path=-)
[INFO] 2025-08-22 12:21:48,737 django.server:213 - "GET /api/aircraft_masters/201710168/?include=aircraft_type HTTP/1.1" 200 829(method=- path=-)
[INFO] 2025-08-22 12:21:48,816 django.server:213 - "GET /api/aircraft_roles/?aircraft_type_id=202500005 HTTP/1.1" 200 61(method=- path=-)
[INFO] 2025-08-22 12:21:48,827 django.server:213 - "GET /api/systems/?aircraft_type_id=202500005 HTTP/1.1" 200 684(method=- path=-)
[INFO] 2025-08-22 12:21:48,883 django.server:213 - "GET /api/items/?store_type_id=202500005 HTTP/1.1" 200 1325187(method=- path=-)
[INFO] 2025-08-22 12:21:48,932 django.server:213 - "GET /api/aircraft_masters/201710168/?include=aircraft_type HTTP/1.1" 200 829(method=- path=-)
[INFO] 2025-08-22 12:21:48,938 django.server:213 - "GET /api/aircraft_roles/?aircraft_type_id=202500005 HTTP/1.1" 200 61(method=- path=-)
[INFO] 2025-08-22 12:21:48,967 django.server:213 - "GET /api/systems/?aircraft_type_id=202500005 HTTP/1.1" 200 684(method=- path=-)
[WARNING] 2025-08-22 12:21:49,065 django.server:213 - "GET /installHook.js.map HTTP/1.1" 404 7828(method=- path=-)
[INFO] 2025-08-22 12:21:49,067 django.server:213 - "GET /api/items/?store_type_id=202500005 HTTP/1.1" 200 1325187(method=- path=-)
[INFO] 2025-08-22 12:22:17,908 django.server:213 - "GET /api/params/get/ HTTP/1.1" 200 76(method=- path=-)
[INFO] 2025-08-22 12:22:17,946 django.server:213 - "GET /user-profile/ HTTP/1.1" 200 180(method=- path=-)
[INFO] 2025-08-22 12:22:17,963 django.server:213 - "GET /user-profile/ HTTP/1.1" 200 180(method=- path=-)
[INFO] 2025-08-22 12:22:17,973 django.server:213 - "GET /api/params/get/ HTTP/1.1" 200 76(method=- path=-)
[INFO] 2025-08-22 12:22:18,139 django.server:213 - "GET /api/aircraft_masters/201710168/?include=aircraft_type HTTP/1.1" 200 829(method=- path=-)
[INFO] 2025-08-22 12:22:18,205 django.server:213 - "GET /api/systems/?aircraft_type_id=202500005 HTTP/1.1" 200 684(method=- path=-)
[INFO] 2025-08-22 12:22:18,216 django.server:213 - "GET /api/aircraft_roles/?aircraft_type_id=202500005 HTTP/1.1" 200 61(method=- path=-)
[INFO] 2025-08-22 12:22:18,284 django.server:213 - "GET /api/aircraft_masters/201710168/?include=aircraft_type HTTP/1.1" 200 829(method=- path=-)
[INFO] 2025-08-22 12:22:18,303 django.server:213 - "GET /api/items/?store_type_id=202500005 HTTP/1.1" 200 1325187(method=- path=-)
[INFO] 2025-08-22 12:22:18,332 django.server:213 - "GET /api/systems/?aircraft_type_id=202500005 HTTP/1.1" 200 684(method=- path=-)
[INFO] 2025-08-22 12:22:18,356 django.server:213 - "GET /api/aircraft_roles/?aircraft_type_id=202500005 HTTP/1.1" 200 61(method=- path=-)
[WARNING] 2025-08-22 12:22:18,366 django.server:213 - "GET /installHook.js.map HTTP/1.1" 404 7828(method=- path=-)
[INFO] 2025-08-22 12:22:18,509 django.server:213 - "GET /api/items/?store_type_id=202500005 HTTP/1.1" 200 1325187(method=- path=-)
[INFO] 2025-08-22 12:22:56,380 django.server:213 - "GET /user-profile/ HTTP/1.1" 200 180(method=- path=-)
[INFO] 2025-08-22 12:22:56,394 django.server:213 - "GET /api/params/get/ HTTP/1.1" 200 76(method=- path=-)
[INFO] 2025-08-22 12:22:56,398 django.server:213 - "GET /user-profile/ HTTP/1.1" 200 180(method=- path=-)
[INFO] 2025-08-22 12:22:56,416 django.server:213 - "GET /api/params/get/ HTTP/1.1" 200 76(method=- path=-)
[INFO] 2025-08-22 12:22:56,573 django.server:213 - "GET /api/aircraft_masters/201710168/?include=aircraft_type HTTP/1.1" 200 829(method=- path=-)
[INFO] 2025-08-22 12:22:56,603 django.server:213 - "GET /api/aircraft_roles/?aircraft_type_id=202500005 HTTP/1.1" 200 61(method=- path=-)
[INFO] 2025-08-22 12:22:56,708 django.server:213 - "GET /api/items/?store_type_id=202500005 HTTP/1.1" 200 1325187(method=- path=-)
[INFO] 2025-08-22 12:22:56,714 django.server:213 - "GET /api/systems/?aircraft_type_id=202500005 HTTP/1.1" 200 684(method=- path=-)
[WARNING] 2025-08-22 12:22:57,179 django.server:213 - "GET /installHook.js.map HTTP/1.1" 404 7828(method=- path=-)
[INFO] 2025-08-22 12:22:57,258 django.server:213 - "GET /api/aircraft_masters/201710168/?include=aircraft_type HTTP/1.1" 200 829(method=- path=-)
[INFO] 2025-08-22 12:22:57,277 django.server:213 - "GET /api/aircraft_roles/?aircraft_type_id=202500005 HTTP/1.1" 200 61(method=- path=-)
[INFO] 2025-08-22 12:22:57,288 django.server:213 - "GET /api/systems/?aircraft_type_id=202500005 HTTP/1.1" 200 684(method=- path=-)
[INFO] 2025-08-22 12:22:57,381 django.server:213 - "GET /api/items/?store_type_id=202500005 HTTP/1.1" 200 1325187(method=- path=-)
[INFO] 2025-08-22 12:24:33,107 django.server:213 - "GET /user-profile/ HTTP/1.1" 200 180(method=- path=-)
[INFO] 2025-08-22 12:24:33,134 django.server:213 - "GET /user-profile/ HTTP/1.1" 200 180(method=- path=-)
[INFO] 2025-08-22 12:24:33,149 django.server:213 - "GET /api/params/get/ HTTP/1.1" 200 76(method=- path=-)
[INFO] 2025-08-22 12:24:33,168 django.server:213 - "GET /api/params/get/ HTTP/1.1" 200 76(method=- path=-)
[WARNING] 2025-08-22 12:24:33,231 django.server:213 - "GET /installHook.js.map HTTP/1.1" 404 7828(method=- path=-)
[INFO] 2025-08-22 12:26:04,220 django.server:213 - "GET /api/params/get/ HTTP/1.1" 200 76(method=- path=-)
[INFO] 2025-08-22 12:26:04,250 django.server:213 - "GET /user-profile/ HTTP/1.1" 200 180(method=- path=-)
[INFO] 2025-08-22 12:26:04,256 django.server:213 - "GET /user-profile/ HTTP/1.1" 200 180(method=- path=-)
[INFO] 2025-08-22 12:26:04,272 django.server:213 - "GET /api/params/get/ HTTP/1.1" 200 76(method=- path=-)
[INFO] 2025-08-22 12:30:26,025 django.server:213 - "GET /user-profile/ HTTP/1.1" 200 180(method=- path=-)
[INFO] 2025-08-22 12:30:26,036 django.server:213 - "GET /api/params/get/ HTTP/1.1" 200 76(method=- path=-)
[INFO] 2025-08-22 12:30:26,056 django.server:213 - "GET /user-profile/ HTTP/1.1" 200 180(method=- path=-)
[INFO] 2025-08-22 12:30:26,153 django.server:213 - "GET /api/params/get/ HTTP/1.1" 200 76(method=- path=-)
[INFO] 2025-08-22 12:30:26,251 django.server:213 - "GET /api/aircraft_masters/201710168/?include=aircraft_type HTTP/1.1" 200 829(method=- path=-)
[INFO] 2025-08-22 12:30:26,341 django.server:213 - "GET /api/systems/?aircraft_type_id=202500005 HTTP/1.1" 200 684(method=- path=-)
[INFO] 2025-08-22 12:30:26,392 django.server:213 - "GET /api/aircraft_roles/?aircraft_type_id=202500005 HTTP/1.1" 200 61(method=- path=-)
[INFO] 2025-08-22 12:30:26,460 django.server:213 - "GET /api/items/?store_type_id=202500005 HTTP/1.1" 200 1325187(method=- path=-)
[INFO] 2025-08-22 12:30:26,468 django.server:213 - "GET /api/aircraft_masters/201710168/?include=aircraft_type HTTP/1.1" 200 829(method=- path=-)
[INFO] 2025-08-22 12:30:26,527 django.server:213 - "GET /api/systems/?aircraft_type_id=202500005 HTTP/1.1" 200 684(method=- path=-)
[WARNING] 2025-08-22 12:30:26,533 django.server:213 - "GET /installHook.js.map HTTP/1.1" 404 7828(method=- path=-)
[INFO] 2025-08-22 12:30:26,533 django.server:213 - "GET /api/aircraft_roles/?aircraft_type_id=202500005 HTTP/1.1" 200 61(method=- path=-)
[INFO] 2025-08-22 12:30:26,651 django.server:213 - "GET /api/items/?store_type_id=202500005 HTTP/1.1" 200 1325187(method=- path=-)
[INFO] 2025-08-22 12:32:41,828 django.server:213 - "GET /user-profile/ HTTP/1.1" 200 180(method=- path=-)
[INFO] 2025-08-22 12:32:41,840 django.server:213 - "GET /user-profile/ HTTP/1.1" 200 180(method=- path=-)
[INFO] 2025-08-22 12:32:41,860 django.server:213 - "GET /api/params/get/ HTTP/1.1" 200 76(method=- path=-)
[INFO] 2025-08-22 12:32:41,998 django.server:213 - "GET /api/params/get/ HTTP/1.1" 200 76(method=- path=-)
[INFO] 2025-08-22 12:32:42,039 django.server:213 - "GET /api/aircraft_masters/201710168/?include=aircraft_type HTTP/1.1" 200 829(method=- path=-)
[INFO] 2025-08-22 12:32:42,045 django.server:213 - "GET /api/systems/?aircraft_type_id=202500005 HTTP/1.1" 200 684(method=- path=-)
[INFO] 2025-08-22 12:32:42,053 django.server:213 - "GET /api/aircraft_roles/?aircraft_type_id=202500005 HTTP/1.1" 200 61(method=- path=-)
[INFO] 2025-08-22 12:32:42,194 django.server:213 - "GET /api/items/?store_type_id=202500005 HTTP/1.1" 200 1325187(method=- path=-)
[WARNING] 2025-08-22 12:32:42,601 django.server:213 - "GET /installHook.js.map HTTP/1.1" 404 7828(method=- path=-)
[INFO] 2025-08-22 12:32:42,672 django.server:213 - "GET /api/aircraft_masters/201710168/?include=aircraft_type HTTP/1.1" 200 829(method=- path=-)
[INFO] 2025-08-22 12:32:42,705 django.server:213 - "GET /api/systems/?aircraft_type_id=202500005 HTTP/1.1" 200 684(method=- path=-)
[INFO] 2025-08-22 12:32:42,715 django.server:213 - "GET /api/aircraft_roles/?aircraft_type_id=202500005 HTTP/1.1" 200 61(method=- path=-)
[INFO] 2025-08-22 12:32:42,842 django.server:213 - "GET /api/items/?store_type_id=202500005 HTTP/1.1" 200 1325187(method=- path=-)
[INFO] 2025-08-22 12:32:44,797 django.server:213 - "GET /user-profile/ HTTP/1.1" 200 180(method=- path=-)
[INFO] 2025-08-22 12:32:44,814 django.server:213 - "GET /user-profile/ HTTP/1.1" 200 180(method=- path=-)
[INFO] 2025-08-22 12:32:44,822 django.server:213 - "GET /api/params/get/ HTTP/1.1" 200 76(method=- path=-)
[INFO] 2025-08-22 12:32:44,839 django.server:213 - "GET /api/params/get/ HTTP/1.1" 200 76(method=- path=-)
[INFO] 2025-08-22 12:32:44,997 django.server:213 - "GET /api/aircraft_masters/201710168/?include=aircraft_type HTTP/1.1" 200 829(method=- path=-)
[INFO] 2025-08-22 12:32:45,108 django.server:213 - "GET /api/systems/?aircraft_type_id=202500005 HTTP/1.1" 200 684(method=- path=-)
[WARNING] 2025-08-22 12:32:45,132 django.server:213 - "GET /installHook.js.map HTTP/1.1" 404 7828(method=- path=-)
[INFO] 2025-08-22 12:32:45,132 django.server:213 - "GET /api/aircraft_roles/?aircraft_type_id=202500005 HTTP/1.1" 200 61(method=- path=-)
[INFO] 2025-08-22 12:32:45,192 django.server:213 - "GET /api/items/?store_type_id=202500005 HTTP/1.1" 200 1325187(method=- path=-)
[INFO] 2025-08-22 12:32:45,220 django.server:213 - "GET /api/aircraft_masters/201710168/?include=aircraft_type HTTP/1.1" 200 829(method=- path=-)
[INFO] 2025-08-22 12:32:45,239 django.server:213 - "GET /api/systems/?aircraft_type_id=202500005 HTTP/1.1" 200 684(method=- path=-)
[INFO] 2025-08-22 12:32:45,281 django.server:213 - "GET /api/aircraft_roles/?aircraft_type_id=202500005 HTTP/1.1" 200 61(method=- path=-)
[INFO] 2025-08-22 12:32:45,409 django.server:213 - "GET /api/items/?store_type_id=202500005 HTTP/1.1" 200 1325187(method=- path=-)
[INFO] 2025-08-23 03:12:23,276 django.utils.autoreload:667 - Watching for file changes with StatReloader(method=- path=-)
[WARNING] 2025-08-23 03:12:31,019 django.server:213 - "GET /user-profile/ HTTP/1.1" 401 46(method=- path=-)
[WARNING] 2025-08-23 03:12:31,019 django.server:213 - "GET /user-profile/ HTTP/1.1" 401 46(method=- path=-)
[INFO] 2025-08-23 03:12:31,764 django.server:213 - "GET /api/params/get/ HTTP/1.1" 200 14(method=- path=-)
[INFO] 2025-08-23 03:12:31,775 django.server:213 - "GET /api/params/get/ HTTP/1.1" 200 14(method=- path=-)
[WARNING] 2025-08-23 03:12:31,791 django.server:213 - "GET /favicon.ico HTTP/1.1" 404 7807(method=- path=-)
[WARNING] 2025-08-23 03:12:31,791 django.server:213 - "GET /logo192.png HTTP/1.1" 404 7807(method=- path=-)
[INFO] 2025-08-23 03:12:35,182 django.server:213 - "GET /csrf/ HTTP/1.1" 200 47(method=- path=-)
[INFO] 2025-08-23 03:12:35,185 django.server:213 - "GET /csrf/ HTTP/1.1" 200 47(method=- path=-)
[INFO] 2025-08-23 03:12:59,706 django.server:213 - "OPTIONS /login/ HTTP/1.1" 200 0(method=- path=-)
[INFO] 2025-08-23 03:13:00,123 django.server:213 - "POST /login/ HTTP/1.1" 200 180(method=- path=-)
[INFO] 2025-08-23 03:13:00,269 django.server:213 - "GET /api/aircraft-type-details HTTP/1.1" 200 4335(method=- path=-)
[INFO] 2025-08-23 03:13:00,278 django.server:213 - "GET /api/aircraft-type-details HTTP/1.1" 200 4335(method=- path=-)
[INFO] 2025-08-23 03:13:00,535 django.server:213 - "GET /api/aircraft_masters/?include=aircraft_type HTTP/1.1" 200 285542(method=- path=-)
[INFO] 2025-08-23 03:13:00,939 django.server:213 - "GET /api/aircraft_masters/?include=aircraft_type HTTP/1.1" 200 285542(method=- path=-)
[INFO] 2025-08-23 03:13:02,858 django.server:213 - "GET /api/aircraft-details/202500008 HTTP/1.1" 200 11092(method=- path=-)
[INFO] 2025-08-23 03:13:06,276 django.server:213 - "POST /api/params/set/ HTTP/1.1" 200 95(method=- path=-)
[INFO] 2025-08-23 03:14:07,202 django.server:213 - "GET /user-profile/ HTTP/1.1" 200 180(method=- path=-)
[INFO] 2025-08-23 03:14:07,220 django.server:213 - "GET /api/params/get/ HTTP/1.1" 200 76(method=- path=-)
[INFO] 2025-08-23 03:14:07,224 django.server:213 - "GET /user-profile/ HTTP/1.1" 200 180(method=- path=-)
[INFO] 2025-08-23 03:14:07,237 django.server:213 - "GET /api/params/get/ HTTP/1.1" 200 76(method=- path=-)
[INFO] 2025-08-23 03:14:07,732 django.server:213 - "GET /api/aircraft_masters/?include=aircraft_type HTTP/1.1" 200 285542(method=- path=-)
[INFO] 2025-08-23 03:14:08,129 django.server:213 - "GET /api/aircraft_masters/?include=aircraft_type HTTP/1.1" 200 285542(method=- path=-)
[INFO] 2025-08-23 03:14:14,202 django.server:213 - "GET /api/systems/?aircraft_type_id=202500008 HTTP/1.1" 200 1430(method=- path=-)
[INFO] 2025-08-23 03:14:14,243 django.server:213 - "GET /api/aircraft_roles/?aircraft_type_id=202500008 HTTP/1.1" 200 57(method=- path=-)
[INFO] 2025-08-23 03:14:14,273 django.server:213 - "GET /api/items/?store_type_id=202500008 HTTP/1.1" 200 2(method=- path=-)
[INFO] 2025-08-23 03:14:14,287 django.server:213 - "GET /api/systems/?aircraft_type_id=202500008 HTTP/1.1" 200 1430(method=- path=-)
[INFO] 2025-08-23 03:14:14,309 django.server:213 - "GET /api/aircraft_roles/?aircraft_type_id=202500008 HTTP/1.1" 200 57(method=- path=-)
[INFO] 2025-08-23 03:14:14,341 django.server:213 - "GET /api/items/?store_type_id=202500008 HTTP/1.1" 200 2(method=- path=-)
[WARNING] 2025-08-23 03:16:26,906 django.server:213 - "GET /installHook.js.map HTTP/1.1" 404 7828(method=- path=-)
[INFO] 2025-08-23 03:16:46,312 django.server:213 - "OPTIONS /logout/ HTTP/1.1" 200 0(method=- path=-)
[INFO] 2025-08-23 03:16:46,396 django.server:213 - "POST /api/params/set/ HTTP/1.1" 200 33(method=- path=-)
[INFO] 2025-08-23 03:16:46,420 django.server:213 - "POST /logout/ HTTP/1.1" 200 49(method=- path=-)
[INFO] 2025-08-23 03:16:46,527 django.server:213 - "GET /csrf/ HTTP/1.1" 200 47(method=- path=-)
[INFO] 2025-08-23 03:16:46,529 django.server:213 - "GET /csrf/ HTTP/1.1" 200 47(method=- path=-)
[INFO] 2025-08-23 03:16:46,547 django.server:213 - "GET /api/aircraft-type-details HTTP/1.1" 200 4335(method=- path=-)
[INFO] 2025-08-23 03:16:46,593 django.server:213 - "GET /api/aircraft-type-details HTTP/1.1" 200 4335(method=- path=-)
[INFO] 2025-08-23 03:16:46,600 django.server:213 - "GET /csrf/ HTTP/1.1" 200 47(method=- path=-)
[INFO] 2025-08-23 03:16:46,603 django.server:213 - "GET /csrf/ HTTP/1.1" 200 47(method=- path=-)
[INFO] 2025-08-23 03:16:56,579 django.server:213 - "POST /login/ HTTP/1.1" 200 180(method=- path=-)
[INFO] 2025-08-23 03:16:56,693 django.server:213 - "GET /api/aircraft-type-details HTTP/1.1" 200 4335(method=- path=-)
[INFO] 2025-08-23 03:16:56,709 django.server:213 - "GET /api/aircraft-type-details HTTP/1.1" 200 4335(method=- path=-)
[INFO] 2025-08-23 03:16:57,005 django.server:213 - "GET /api/aircraft_masters/?include=aircraft_type HTTP/1.1" 200 285542(method=- path=-)
[INFO] 2025-08-23 03:16:57,493 django.server:213 - "GET /api/aircraft_masters/?include=aircraft_type HTTP/1.1" 200 285542(method=- path=-)
[INFO] 2025-08-23 03:16:58,710 django.server:213 - "GET /api/aircraft-details/202500008 HTTP/1.1" 200 11092(method=- path=-)
[INFO] 2025-08-23 03:18:00,228 django.server:213 - "GET /api/aircraft-details/202500005 HTTP/1.1" 200 21706(method=- path=-)
[INFO] 2025-08-23 03:18:03,402 django.server:213 - "POST /api/params/set/ HTTP/1.1" 200 95(method=- path=-)
[INFO] 2025-08-23 03:18:07,957 django.server:213 - "GET /csrf/ HTTP/1.1" 200 47(method=- path=-)
[INFO] 2025-08-23 03:18:07,995 django.server:213 - "GET /user-profile/ HTTP/1.1" 200 180(method=- path=-)
[INFO] 2025-08-23 03:18:08,001 django.server:213 - "GET /api/params/get/ HTTP/1.1" 200 76(method=- path=-)
[INFO] 2025-08-23 03:18:08,010 django.server:213 - "GET /csrf/ HTTP/1.1" 200 47(method=- path=-)
[INFO] 2025-08-23 03:18:08,030 django.server:213 - "GET /user-profile/ HTTP/1.1" 200 180(method=- path=-)
[INFO] 2025-08-23 03:18:08,074 django.server:213 - "GET /api/params/get/ HTTP/1.1" 200 76(method=- path=-)
[INFO] 2025-08-23 03:18:08,158 django.server:213 - "GET /api/aircraft-type-details HTTP/1.1" 200 4335(method=- path=-)
[INFO] 2025-08-23 03:18:08,272 django.server:213 - "GET /api/aircraft-type-details HTTP/1.1" 200 4335(method=- path=-)
[INFO] 2025-08-23 03:18:08,457 django.server:213 - "GET /api/aircraft_masters/?include=aircraft_type HTTP/1.1" 200 285542(method=- path=-)
[INFO] 2025-08-23 03:18:08,842 django.server:213 - "GET /api/aircraft_masters/?include=aircraft_type HTTP/1.1" 200 285542(method=- path=-)
[INFO] 2025-08-23 03:18:10,668 django.server:213 - "GET /api/aircraft-details/202500005 HTTP/1.1" 200 21706(method=- path=-)
[INFO] 2025-08-23 03:18:13,962 django.server:213 - "POST /api/params/set/ HTTP/1.1" 200 95(method=- path=-)
[INFO] 2025-08-23 03:19:02,605 django.server:213 - "GET /user-profile/ HTTP/1.1" 200 180(method=- path=-)
[INFO] 2025-08-23 03:19:02,611 django.server:213 - "GET /user-profile/ HTTP/1.1" 200 180(method=- path=-)
[INFO] 2025-08-23 03:19:02,616 django.server:213 - "GET /api/params/get/ HTTP/1.1" 200 76(method=- path=-)
[INFO] 2025-08-23 03:19:02,622 django.server:213 - "GET /api/params/get/ HTTP/1.1" 200 76(method=- path=-)
[INFO] 2025-08-23 03:19:02,744 django.server:213 - "GET /api/aircraft_masters/201710168/?include=aircraft_type HTTP/1.1" 200 829(method=- path=-)
[INFO] 2025-08-23 03:19:02,825 django.server:213 - "GET /api/aircraft_masters/201710168/?include=aircraft_type HTTP/1.1" 200 829(method=- path=-)
[INFO] 2025-08-23 03:19:17,547 django.server:213 - "GET /user-profile/ HTTP/1.1" 200 180(method=- path=-)
[INFO] 2025-08-23 03:19:17,563 django.server:213 - "GET /api/params/get/ HTTP/1.1" 200 76(method=- path=-)
[INFO] 2025-08-23 03:19:17,568 django.server:213 - "GET /user-profile/ HTTP/1.1" 200 180(method=- path=-)
[INFO] 2025-08-23 03:19:17,582 django.server:213 - "GET /api/params/get/ HTTP/1.1" 200 76(method=- path=-)
[INFO] 2025-08-23 03:19:17,693 django.server:213 - "GET /api/aircraft_masters/201710168/?include=aircraft_type HTTP/1.1" 200 829(method=- path=-)
[INFO] 2025-08-23 03:19:17,783 django.server:213 - "GET /api/aircraft_masters/201710168/?include=aircraft_type HTTP/1.1" 200 829(method=- path=-)
[INFO] 2025-08-23 03:19:27,821 django.server:213 - "GET /user-profile/ HTTP/1.1" 200 180(method=- path=-)
[INFO] 2025-08-23 03:19:27,834 django.server:213 - "GET /api/params/get/ HTTP/1.1" 200 76(method=- path=-)
[INFO] 2025-08-23 03:19:27,840 django.server:213 - "GET /user-profile/ HTTP/1.1" 200 180(method=- path=-)
[INFO] 2025-08-23 03:19:27,846 django.server:213 - "GET /api/params/get/ HTTP/1.1" 200 76(method=- path=-)
[INFO] 2025-08-23 03:19:27,931 django.server:213 - "GET /api/aircraft_masters/201710168/?include=aircraft_type HTTP/1.1" 200 829(method=- path=-)
[INFO] 2025-08-23 03:19:28,020 django.server:213 - "GET /api/aircraft_masters/201710168/?include=aircraft_type HTTP/1.1" 200 829(method=- path=-)
[INFO] 2025-08-23 03:19:31,160 django.server:213 - "GET /user-profile/ HTTP/1.1" 200 180(method=- path=-)
[INFO] 2025-08-23 03:19:31,179 django.server:213 - "GET /api/params/get/ HTTP/1.1" 200 76(method=- path=-)
[INFO] 2025-08-23 03:19:31,186 django.server:213 - "GET /user-profile/ HTTP/1.1" 200 180(method=- path=-)
[INFO] 2025-08-23 03:19:31,196 django.server:213 - "GET /api/params/get/ HTTP/1.1" 200 76(method=- path=-)
[WARNING] 2025-08-23 03:19:31,418 django.server:213 - "GET /installHook.js.map HTTP/1.1" 404 7828(method=- path=-)
[INFO] 2025-08-23 03:19:31,741 django.server:213 - "GET /api/aircraft_masters/?include=aircraft_type HTTP/1.1" 200 285542(method=- path=-)
[INFO] 2025-08-23 03:19:32,183 django.server:213 - "GET /api/aircraft_masters/?include=aircraft_type HTTP/1.1" 200 285542(method=- path=-)
[INFO] 2025-08-23 03:20:16,165 django.server:213 - "GET /api/systems/?aircraft_type_id=202500005 HTTP/1.1" 200 684(method=- path=-)
[INFO] 2025-08-23 03:20:16,242 django.server:213 - "GET /api/aircraft_roles/?aircraft_type_id=202500005 HTTP/1.1" 200 61(method=- path=-)
[INFO] 2025-08-23 03:20:16,301 django.server:213 - "GET /api/systems/?aircraft_type_id=202500005 HTTP/1.1" 200 684(method=- path=-)
[INFO] 2025-08-23 03:20:16,321 django.server:213 - "GET /api/items/?store_type_id=202500005 HTTP/1.1" 200 1325187(method=- path=-)
[INFO] 2025-08-23 03:20:16,394 django.server:213 - "GET /api/aircraft_roles/?aircraft_type_id=202500005 HTTP/1.1" 200 61(method=- path=-)
[INFO] 2025-08-23 03:20:16,507 django.server:213 - "GET /api/items/?store_type_id=202500005 HTTP/1.1" 200 1325187(method=- path=-)
[INFO] 2025-08-23 03:51:26,784 django.server:213 - "GET /user-profile/ HTTP/1.1" 200 180(method=- path=-)
[INFO] 2025-08-23 03:51:26,799 django.server:213 - "GET /user-profile/ HTTP/1.1" 200 180(method=- path=-)
[INFO] 2025-08-23 03:51:26,806 django.server:213 - "GET /api/params/get/ HTTP/1.1" 200 76(method=- path=-)
[INFO] 2025-08-23 03:51:26,820 django.server:213 - "GET /api/params/get/ HTTP/1.1" 200 76(method=- path=-)
[WARNING] 2025-08-23 03:51:27,190 django.server:213 - "GET /installHook.js.map HTTP/1.1" 404 7828(method=- path=-)
[INFO] 2025-08-23 03:52:58,954 django.server:213 - "GET /user-profile/ HTTP/1.1" 200 180(method=- path=-)
[INFO] 2025-08-23 03:52:58,960 django.server:213 - "GET /api/params/get/ HTTP/1.1" 200 76(method=- path=-)
[INFO] 2025-08-23 03:52:58,964 django.server:213 - "GET /user-profile/ HTTP/1.1" 200 180(method=- path=-)
[INFO] 2025-08-23 03:52:58,969 django.server:213 - "GET /api/params/get/ HTTP/1.1" 200 76(method=- path=-)
[INFO] 2025-08-23 03:52:59,129 django.server:213 - "GET /api/aircraft_masters/201710168/?include=aircraft_type HTTP/1.1" 200 829(method=- path=-)
[INFO] 2025-08-23 03:52:59,204 django.server:213 - "GET /api/aircraft_roles/?aircraft_type_id=202500005 HTTP/1.1" 200 61(method=- path=-)
[INFO] 2025-08-23 03:52:59,204 django.server:213 - "GET /api/systems/?aircraft_type_id=202500005 HTTP/1.1" 200 684(method=- path=-)
[INFO] 2025-08-23 03:52:59,266 django.server:213 - "GET /api/items/?store_type_id=202500005 HTTP/1.1" 200 1325187(method=- path=-)
[INFO] 2025-08-23 03:52:59,311 django.server:213 - "GET /api/aircraft_roles/?aircraft_type_id=202500005 HTTP/1.1" 200 61(method=- path=-)
[INFO] 2025-08-23 03:52:59,334 django.server:213 - "GET /api/systems/?aircraft_type_id=202500005 HTTP/1.1" 200 684(method=- path=-)
[INFO] 2025-08-23 03:52:59,344 django.server:213 - "GET /api/aircraft_masters/201710168/?include=aircraft_type HTTP/1.1" 200 829(method=- path=-)
[INFO] 2025-08-23 03:52:59,478 django.server:213 - "GET /api/items/?store_type_id=202500005 HTTP/1.1" 200 1325187(method=- path=-)
[INFO] 2025-08-23 03:53:30,324 django.server:213 - "GET /user-profile/ HTTP/1.1" 200 180(method=- path=-)
[INFO] 2025-08-23 03:53:30,340 django.server:213 - "GET /api/params/get/ HTTP/1.1" 200 76(method=- path=-)
[INFO] 2025-08-23 03:53:30,362 django.server:213 - "GET /user-profile/ HTTP/1.1" 200 180(method=- path=-)
[INFO] 2025-08-23 03:53:30,376 django.server:213 - "GET /api/params/get/ HTTP/1.1" 200 76(method=- path=-)
[WARNING] 2025-08-23 03:53:30,460 django.server:213 - "GET /installHook.js.map HTTP/1.1" 404 7828(method=- path=-)
[INFO] 2025-08-23 03:53:30,515 django.server:213 - "GET /api/aircraft_masters/201710168/?include=aircraft_type HTTP/1.1" 200 829(method=- path=-)
[INFO] 2025-08-23 03:53:30,544 django.server:213 - "GET /api/systems/?aircraft_type_id=202500005 HTTP/1.1" 200 684(method=- path=-)
[INFO] 2025-08-23 03:53:30,609 django.server:213 - "GET /api/aircraft_roles/?aircraft_type_id=202500005 HTTP/1.1" 200 61(method=- path=-)
[INFO] 2025-08-23 03:53:30,663 django.server:213 - "GET /api/systems/?aircraft_type_id=202500005 HTTP/1.1" 200 684(method=- path=-)
[INFO] 2025-08-23 03:53:30,765 django.server:213 - "GET /api/aircraft_roles/?aircraft_type_id=202500005 HTTP/1.1" 200 61(method=- path=-)
[INFO] 2025-08-23 03:53:30,780 django.server:213 - "GET /api/aircraft_masters/201710168/?include=aircraft_type HTTP/1.1" 200 829(method=- path=-)
[INFO] 2025-08-23 03:53:30,800 django.server:213 - "GET /api/items/?store_type_id=202500005 HTTP/1.1" 200 1325187(method=- path=-)
[INFO] 2025-08-23 03:53:30,996 django.server:213 - "GET /api/items/?store_type_id=202500005 HTTP/1.1" 200 1325187(method=- path=-)
[WARNING] 2025-08-23 03:55:08,120 django.server:213 - "GET /installHook.js.map HTTP/1.1" 404 7828(method=- path=-)
[WARNING] 2025-08-23 04:08:51,002 django.server:213 - "GET /installHook.js.map HTTP/1.1" 404 7828(method=- path=-)
[INFO] 2025-08-23 04:13:07,385 django.server:213 - "GET /user-profile/ HTTP/1.1" 200 180(method=- path=-)
[INFO] 2025-08-23 04:13:07,399 django.server:213 - "GET /api/params/get/ HTTP/1.1" 200 76(method=- path=-)
[INFO] 2025-08-23 04:13:07,408 django.server:213 - "GET /api/params/get/ HTTP/1.1" 200 76(method=- path=-)
[INFO] 2025-08-23 04:13:07,549 django.server:213 - "GET /user-profile/ HTTP/1.1" 200 180(method=- path=-)
[INFO] 2025-08-23 04:13:07,604 django.server:213 - "GET /api/aircraft_masters/201710168/?include=aircraft_type HTTP/1.1" 200 829(method=- path=-)
[INFO] 2025-08-23 04:13:07,634 django.server:213 - "GET /api/systems/?aircraft_type_id=202500005 HTTP/1.1" 200 684(method=- path=-)
[INFO] 2025-08-23 04:13:07,739 django.server:213 - "GET /api/aircraft_roles/?aircraft_type_id=202500005 HTTP/1.1" 200 61(method=- path=-)
[INFO] 2025-08-23 04:13:07,809 django.server:213 - "GET /api/systems/?aircraft_type_id=202500005 HTTP/1.1" 200 684(method=- path=-)
[WARNING] 2025-08-23 04:13:07,810 django.server:213 - "GET /installHook.js.map HTTP/1.1" 404 7828(method=- path=-)
[INFO] 2025-08-23 04:13:07,810 django.server:213 - "GET /api/aircraft_masters/201710168/?include=aircraft_type HTTP/1.1" 200 829(method=- path=-)
[INFO] 2025-08-23 04:13:07,815 django.server:213 - "GET /api/items/?store_type_id=202500005 HTTP/1.1" 200 1325187(method=- path=-)
[INFO] 2025-08-23 04:13:07,819 django.server:213 - "GET /api/aircraft_roles/?aircraft_type_id=202500005 HTTP/1.1" 200 61(method=- path=-)
[INFO] 2025-08-23 04:13:08,008 django.server:213 - "GET /api/items/?store_type_id=202500005 HTTP/1.1" 200 1325187(method=- path=-)
[INFO] 2025-08-23 04:13:26,864 django.server:213 - "GET /user-profile/ HTTP/1.1" 200 180(method=- path=-)
[INFO] 2025-08-23 04:13:26,889 django.server:213 - "GET /user-profile/ HTTP/1.1" 200 180(method=- path=-)
[INFO] 2025-08-23 04:13:26,892 django.server:213 - "GET /api/params/get/ HTTP/1.1" 200 76(method=- path=-)
[INFO] 2025-08-23 04:13:26,902 django.server:213 - "GET /api/params/get/ HTTP/1.1" 200 76(method=- path=-)
[INFO] 2025-08-23 04:13:27,051 django.server:213 - "GET /api/aircraft_masters/201710168/?include=aircraft_type HTTP/1.1" 200 829(method=- path=-)
[INFO] 2025-08-23 04:13:27,135 django.server:213 - "GET /api/aircraft_roles/?aircraft_type_id=202500005 HTTP/1.1" 200 61(method=- path=-)
[INFO] 2025-08-23 04:13:27,135 django.server:213 - "GET /api/systems/?aircraft_type_id=202500005 HTTP/1.1" 200 684(method=- path=-)
[WARNING] 2025-08-23 04:13:27,182 django.server:213 - "GET /installHook.js.map HTTP/1.1" 404 7828(method=- path=-)
[INFO] 2025-08-23 04:13:27,195 django.server:213 - "GET /api/aircraft_masters/201710168/?include=aircraft_type HTTP/1.1" 200 829(method=- path=-)
[INFO] 2025-08-23 04:13:27,201 django.server:213 - "GET /api/items/?store_type_id=202500005 HTTP/1.1" 200 1325187(method=- path=-)
[INFO] 2025-08-23 04:13:27,205 django.server:213 - "GET /api/systems/?aircraft_type_id=202500005 HTTP/1.1" 200 684(method=- path=-)
[INFO] 2025-08-23 04:13:27,228 django.server:213 - "GET /api/aircraft_roles/?aircraft_type_id=202500005 HTTP/1.1" 200 61(method=- path=-)
[INFO] 2025-08-23 04:13:27,483 django.server:213 - "GET /api/items/?store_type_id=202500005 HTTP/1.1" 200 1325187(method=- path=-)
[INFO] 2025-08-23 04:23:25,444 django.server:213 - "GET /user-profile/ HTTP/1.1" 200 180(method=- path=-)
[INFO] 2025-08-23 04:23:25,486 django.server:213 - "GET /api/params/get/ HTTP/1.1" 200 76(method=- path=-)
[INFO] 2025-08-23 04:23:25,489 django.server:213 - "GET /api/params/get/ HTTP/1.1" 200 76(method=- path=-)
[INFO] 2025-08-23 04:23:25,492 django.server:213 - "GET /user-profile/ HTTP/1.1" 200 180(method=- path=-)
[WARNING] 2025-08-23 04:23:25,564 django.server:213 - "GET /installHook.js.map HTTP/1.1" 404 7828(method=- path=-)
[INFO] 2025-08-23 04:23:25,635 django.server:213 - "GET /api/aircraft_masters/201710168/?include=aircraft_type HTTP/1.1" 200 829(method=- path=-)
[INFO] 2025-08-23 04:23:25,676 django.server:213 - "GET /api/systems/?aircraft_type_id=202500005 HTTP/1.1" 200 684(method=- path=-)
[INFO] 2025-08-23 04:23:25,690 django.server:213 - "GET /api/aircraft_roles/?aircraft_type_id=202500005 HTTP/1.1" 200 61(method=- path=-)
[INFO] 2025-08-23 04:23:25,814 django.server:213 - "GET /api/aircraft_masters/201710168/?include=aircraft_type HTTP/1.1" 200 829(method=- path=-)
[INFO] 2025-08-23 04:23:25,821 django.server:213 - "GET /api/items/?store_type_id=202500005 HTTP/1.1" 200 1325187(method=- path=-)
[INFO] 2025-08-23 04:23:25,860 django.server:213 - "GET /api/systems/?aircraft_type_id=202500005 HTTP/1.1" 200 684(method=- path=-)
[INFO] 2025-08-23 04:23:26,015 django.server:213 - "GET /api/aircraft_roles/?aircraft_type_id=202500005 HTTP/1.1" 200 61(method=- path=-)
[INFO] 2025-08-23 04:23:26,032 django.server:213 - "GET /api/items/?store_type_id=202500005 HTTP/1.1" 200 1325187(method=- path=-)
[INFO] 2025-08-23 04:29:21,223 django.server:213 - "GET /user-profile/ HTTP/1.1" 200 180(method=- path=-)
[INFO] 2025-08-23 04:29:21,234 django.server:213 - "GET /user-profile/ HTTP/1.1" 200 180(method=- path=-)
[INFO] 2025-08-23 04:29:21,243 django.server:213 - "GET /api/params/get/ HTTP/1.1" 200 76(method=- path=-)
[INFO] 2025-08-23 04:29:21,263 django.server:213 - "GET /api/params/get/ HTTP/1.1" 200 76(method=- path=-)
[WARNING] 2025-08-23 04:29:21,341 django.server:213 - "GET /installHook.js.map HTTP/1.1" 404 7828(method=- path=-)
[INFO] 2025-08-23 04:29:21,440 django.server:213 - "GET /api/aircraft_masters/201710168/?include=aircraft_type HTTP/1.1" 200 829(method=- path=-)
[INFO] 2025-08-23 04:29:21,527 django.server:213 - "GET /api/systems/?aircraft_type_id=202500005 HTTP/1.1" 200 684(method=- path=-)
[INFO] 2025-08-23 04:29:21,538 django.server:213 - "GET /api/aircraft_roles/?aircraft_type_id=202500005 HTTP/1.1" 200 61(method=- path=-)
[INFO] 2025-08-23 04:29:21,582 django.server:213 - "GET /api/items/?store_type_id=202500005 HTTP/1.1" 200 1325187(method=- path=-)
[INFO] 2025-08-23 04:29:21,646 django.server:213 - "GET /api/aircraft_masters/201710168/?include=aircraft_type HTTP/1.1" 200 829(method=- path=-)
[INFO] 2025-08-23 04:29:21,651 django.server:213 - "GET /api/aircraft_roles/?aircraft_type_id=202500005 HTTP/1.1" 200 61(method=- path=-)
[INFO] 2025-08-23 04:29:21,806 django.server:213 - "GET /api/systems/?aircraft_type_id=202500005 HTTP/1.1" 200 684(method=- path=-)
[INFO] 2025-08-23 04:29:21,812 django.server:213 - "GET /api/items/?store_type_id=202500005 HTTP/1.1" 200 1325187(method=- path=-)
[INFO] 2025-08-23 04:29:29,298 django.server:213 - "GET /user-profile/ HTTP/1.1" 200 180(method=- path=-)
[INFO] 2025-08-23 04:29:29,325 django.server:213 - "GET /api/params/get/ HTTP/1.1" 200 76(method=- path=-)
[INFO] 2025-08-23 04:29:29,339 django.server:213 - "GET /user-profile/ HTTP/1.1" 200 180(method=- path=-)
[INFO] 2025-08-23 04:29:29,362 django.server:213 - "GET /api/params/get/ HTTP/1.1" 200 76(method=- path=-)
[INFO] 2025-08-23 04:29:29,503 django.server:213 - "GET /api/systems/?aircraft_type_id=202500005 HTTP/1.1" 200 684(method=- path=-)
[INFO] 2025-08-23 04:29:29,536 django.server:213 - "GET /api/aircraft_roles/?aircraft_type_id=202500005 HTTP/1.1" 200 61(method=- path=-)
[WARNING] 2025-08-23 04:29:29,644 django.server:213 - "GET /installHook.js.map HTTP/1.1" 404 7828(method=- path=-)
[INFO] 2025-08-23 04:29:29,644 django.server:213 - "GET /api/aircraft_masters/201710168/?include=aircraft_type HTTP/1.1" 200 829(method=- path=-)
[INFO] 2025-08-23 04:29:29,650 django.server:213 - "GET /api/items/?store_type_id=202500005 HTTP/1.1" 200 1325187(method=- path=-)
[INFO] 2025-08-23 04:29:29,680 django.server:213 - "GET /api/systems/?aircraft_type_id=202500005 HTTP/1.1" 200 684(method=- path=-)
[INFO] 2025-08-23 04:29:29,715 django.server:213 - "GET /api/aircraft_roles/?aircraft_type_id=202500005 HTTP/1.1" 200 61(method=- path=-)
[INFO] 2025-08-23 04:29:29,725 django.server:213 - "GET /api/aircraft_masters/201710168/?include=aircraft_type HTTP/1.1" 200 829(method=- path=-)
[INFO] 2025-08-23 04:29:29,830 django.server:213 - "GET /api/items/?store_type_id=202500005 HTTP/1.1" 200 1325187(method=- path=-)
[INFO] 2025-08-23 04:29:46,048 django.server:213 - "GET /user-profile/ HTTP/1.1" 200 180(method=- path=-)
[INFO] 2025-08-23 04:29:46,087 django.server:213 - "GET /api/params/get/ HTTP/1.1" 200 76(method=- path=-)
[INFO] 2025-08-23 04:29:46,105 django.server:213 - "GET /user-profile/ HTTP/1.1" 200 180(method=- path=-)
[INFO] 2025-08-23 04:29:46,117 django.server:213 - "GET /api/params/get/ HTTP/1.1" 200 76(method=- path=-)
[INFO] 2025-08-23 04:29:46,241 django.server:213 - "GET /api/aircraft_roles/?aircraft_type_id=202500005 HTTP/1.1" 200 61(method=- path=-)
[INFO] 2025-08-23 04:29:46,360 django.server:213 - "GET /api/aircraft_roles/?aircraft_type_id=202500005 HTTP/1.1" 200 61(method=- path=-)
[WARNING] 2025-08-23 04:29:46,368 django.server:213 - "GET /installHook.js.map HTTP/1.1" 404 7828(method=- path=-)
[INFO] 2025-08-23 04:29:46,369 django.server:213 - "GET /api/items/?store_type_id=202500005 HTTP/1.1" 200 1325187(method=- path=-)
[INFO] 2025-08-23 04:29:46,372 django.server:213 - "GET /api/aircraft_masters/201710168/?include=aircraft_type HTTP/1.1" 200 829(method=- path=-)
[INFO] 2025-08-23 04:29:46,377 django.server:213 - "GET /api/systems/?aircraft_type_id=202500005 HTTP/1.1" 200 684(method=- path=-)
[INFO] 2025-08-23 04:29:46,500 django.server:213 - "GET /api/systems/?aircraft_type_id=202500005 HTTP/1.1" 200 684(method=- path=-)
[INFO] 2025-08-23 04:29:46,629 django.server:213 - "GET /api/aircraft_masters/201710168/?include=aircraft_type HTTP/1.1" 200 829(method=- path=-)
[INFO] 2025-08-23 04:29:46,636 django.server:213 - "GET /api/items/?store_type_id=202500005 HTTP/1.1" 200 1325187(method=- path=-)
[INFO] 2025-08-23 04:42:53,673 django.server:213 - "GET /user-profile/ HTTP/1.1" 200 180(method=- path=-)
[INFO] 2025-08-23 04:42:53,697 django.server:213 - "GET /api/params/get/ HTTP/1.1" 200 76(method=- path=-)
[INFO] 2025-08-23 04:42:53,708 django.server:213 - "GET /api/params/get/ HTTP/1.1" 200 76(method=- path=-)
[INFO] 2025-08-23 04:42:53,857 django.server:213 - "GET /user-profile/ HTTP/1.1" 200 180(method=- path=-)
[INFO] 2025-08-23 04:42:53,902 django.server:213 - "GET /api/aircraft_masters/201710168/?include=aircraft_type HTTP/1.1" 200 829(method=- path=-)
[INFO] 2025-08-23 04:42:53,942 django.server:213 - "GET /api/systems/?aircraft_type_id=202500005 HTTP/1.1" 200 684(method=- path=-)
[INFO] 2025-08-23 04:42:53,947 django.server:213 - "GET /api/aircraft_roles/?aircraft_type_id=202500005 HTTP/1.1" 200 61(method=- path=-)
[INFO] 2025-08-23 04:42:53,989 django.server:213 - "GET /api/aircraft_masters/201710168/?include=aircraft_type HTTP/1.1" 200 829(method=- path=-)
[WARNING] 2025-08-23 04:42:54,035 django.server:213 - "GET /installHook.js.map HTTP/1.1" 404 7828(method=- path=-)
[INFO] 2025-08-23 04:42:54,135 django.server:213 - "GET /api/items/?store_type_id=202500005 HTTP/1.1" 200 1325187(method=- path=-)
[INFO] 2025-08-23 04:42:54,142 django.server:213 - "GET /api/systems/?aircraft_type_id=202500005 HTTP/1.1" 200 684(method=- path=-)
[INFO] 2025-08-23 04:42:54,163 django.server:213 - "GET /api/aircraft_roles/?aircraft_type_id=202500005 HTTP/1.1" 200 61(method=- path=-)
[INFO] 2025-08-23 04:42:54,294 django.server:213 - "GET /api/items/?store_type_id=202500005 HTTP/1.1" 200 1325187(method=- path=-)
[INFO] 2025-08-23 04:43:10,252 django.server:213 - "GET /user-profile/ HTTP/1.1" 200 180(method=- path=-)
[INFO] 2025-08-23 04:43:10,275 django.server:213 - "GET /user-profile/ HTTP/1.1" 200 180(method=- path=-)
[INFO] 2025-08-23 04:43:10,296 django.server:213 - "GET /api/params/get/ HTTP/1.1" 200 76(method=- path=-)
[INFO] 2025-08-23 04:43:10,405 django.server:213 - "GET /api/params/get/ HTTP/1.1" 200 76(method=- path=-)
[INFO] 2025-08-23 04:43:10,450 django.server:213 - "GET /api/aircraft_masters/201710168/?include=aircraft_type HTTP/1.1" 200 829(method=- path=-)
[INFO] 2025-08-23 04:43:10,455 django.server:213 - "GET /api/systems/?aircraft_type_id=202500005 HTTP/1.1" 200 684(method=- path=-)
[INFO] 2025-08-23 04:43:10,497 django.server:213 - "GET /api/aircraft_roles/?aircraft_type_id=202500005 HTTP/1.1" 200 61(method=- path=-)
[INFO] 2025-08-23 04:43:10,566 django.server:213 - "GET /api/aircraft_roles/?aircraft_type_id=202500005 HTTP/1.1" 200 61(method=- path=-)
[WARNING] 2025-08-23 04:43:10,679 django.server:213 - "GET /installHook.js.map HTTP/1.1" 404 7828(method=- path=-)
[INFO] 2025-08-23 04:43:10,681 django.server:213 - "GET /api/aircraft_masters/201710168/?include=aircraft_type HTTP/1.1" 200 829(method=- path=-)
[INFO] 2025-08-23 04:43:10,687 django.server:213 - "GET /api/items/?store_type_id=202500005 HTTP/1.1" 200 1325187(method=- path=-)
[INFO] 2025-08-23 04:43:10,691 django.server:213 - "GET /api/systems/?aircraft_type_id=202500005 HTTP/1.1" 200 684(method=- path=-)
[INFO] 2025-08-23 04:43:10,902 django.server:213 - "GET /api/items/?store_type_id=202500005 HTTP/1.1" 200 1325187(method=- path=-)
[INFO] 2025-08-23 04:45:28,766 django.server:213 - "GET /user-profile/ HTTP/1.1" 200 180(method=- path=-)
[INFO] 2025-08-23 04:45:28,792 django.server:213 - "GET /api/params/get/ HTTP/1.1" 200 76(method=- path=-)
[INFO] 2025-08-23 04:45:28,798 django.server:213 - "GET /api/params/get/ HTTP/1.1" 200 76(method=- path=-)
[INFO] 2025-08-23 04:45:28,807 django.server:213 - "GET /user-profile/ HTTP/1.1" 200 180(method=- path=-)
[INFO] 2025-08-23 04:45:28,970 django.server:213 - "GET /api/aircraft_masters/201710168/?include=aircraft_type HTTP/1.1" 200 829(method=- path=-)
[INFO] 2025-08-23 04:45:28,988 django.server:213 - "GET /api/systems/?aircraft_type_id=202500005 HTTP/1.1" 200 684(method=- path=-)
[INFO] 2025-08-23 04:45:29,057 django.server:213 - "GET /api/aircraft_roles/?aircraft_type_id=202500005 HTTP/1.1" 200 61(method=- path=-)
[INFO] 2025-08-23 04:45:29,105 django.server:213 - "GET /api/items/?store_type_id=202500005 HTTP/1.1" 200 1325187(method=- path=-)
[INFO] 2025-08-23 04:45:29,171 django.server:213 - "GET /api/aircraft_roles/?aircraft_type_id=202500005 HTTP/1.1" 200 61(method=- path=-)
[INFO] 2025-08-23 04:45:29,183 django.server:213 - "GET /api/aircraft_masters/201710168/?include=aircraft_type HTTP/1.1" 200 829(method=- path=-)
[WARNING] 2025-08-23 04:45:29,204 django.server:213 - "GET /installHook.js.map HTTP/1.1" 404 7828(method=- path=-)
[INFO] 2025-08-23 04:45:29,207 django.server:213 - "GET /api/systems/?aircraft_type_id=202500005 HTTP/1.1" 200 684(method=- path=-)
[INFO] 2025-08-23 04:45:29,288 django.server:213 - "GET /api/items/?store_type_id=202500005 HTTP/1.1" 200 1325187(method=- path=-)
[INFO] 2025-08-23 04:55:21,508 django.server:213 - "GET /user-profile/ HTTP/1.1" 200 180(method=- path=-)
[INFO] 2025-08-23 04:55:21,532 django.server:213 - "GET /user-profile/ HTTP/1.1" 200 180(method=- path=-)
[INFO] 2025-08-23 04:55:21,537 django.server:213 - "GET /api/params/get/ HTTP/1.1" 200 76(method=- path=-)
[INFO] 2025-08-23 04:55:21,547 django.server:213 - "GET /api/params/get/ HTTP/1.1" 200 76(method=- path=-)
[INFO] 2025-08-23 04:55:21,724 django.server:213 - "GET /api/aircraft_masters/201710168/?include=aircraft_type HTTP/1.1" 200 829(method=- path=-)
[INFO] 2025-08-23 04:55:21,740 django.server:213 - "GET /api/systems/?aircraft_type_id=202500005 HTTP/1.1" 200 684(method=- path=-)
[INFO] 2025-08-23 04:55:21,851 django.server:213 - "GET /api/aircraft_roles/?aircraft_type_id=202500005 HTTP/1.1" 200 61(method=- path=-)
[INFO] 2025-08-23 04:55:21,893 django.server:213 - "GET /api/items/?store_type_id=202500005 HTTP/1.1" 200 1325187(method=- path=-)
[INFO] 2025-08-23 04:55:21,898 django.server:213 - "GET /api/systems/?aircraft_type_id=202500005 HTTP/1.1" 200 684(method=- path=-)
[INFO] 2025-08-23 04:55:21,919 django.server:213 - "GET /api/aircraft_roles/?aircraft_type_id=202500005 HTTP/1.1" 200 61(method=- path=-)
[INFO] 2025-08-23 04:55:21,923 django.server:213 - "GET /api/aircraft_masters/201710168/?include=aircraft_type HTTP/1.1" 200 829(method=- path=-)
[WARNING] 2025-08-23 04:55:21,971 django.server:213 - "GET /installHook.js.map HTTP/1.1" 404 7828(method=- path=-)
[INFO] 2025-08-23 04:55:22,216 django.server:213 - "GET /api/items/?store_type_id=202500005 HTTP/1.1" 200 1325187(method=- path=-)
[INFO] 2025-08-23 04:56:19,062 django.server:213 - "GET /user-profile/ HTTP/1.1" 200 180(method=- path=-)
[INFO] 2025-08-23 04:56:19,079 django.server:213 - "GET /user-profile/ HTTP/1.1" 200 180(method=- path=-)
[WARNING] 2025-08-23 04:56:19,431 django.server:213 - "GET /installHook.js.map HTTP/1.1" 404 7828(method=- path=-)
[INFO] 2025-08-23 04:56:19,498 django.server:213 - "GET /api/params/get/ HTTP/1.1" 200 76(method=- path=-)
[INFO] 2025-08-23 04:56:19,536 django.server:213 - "GET /api/aircraft_masters/201710168/?include=aircraft_type HTTP/1.1" 200 829(method=- path=-)
[INFO] 2025-08-23 04:56:19,542 django.server:213 - "GET /api/params/get/ HTTP/1.1" 200 76(method=- path=-)
[INFO] 2025-08-23 04:56:19,546 django.server:213 - "GET /api/systems/?aircraft_type_id=202500005 HTTP/1.1" 200 684(method=- path=-)
[INFO] 2025-08-23 04:56:19,706 django.server:213 - "GET /api/items/?store_type_id=202500005 HTTP/1.1" 200 1325187(method=- path=-)
[INFO] 2025-08-23 04:56:19,731 django.server:213 - "GET /api/aircraft_roles/?aircraft_type_id=202500005 HTTP/1.1" 200 61(method=- path=-)
[INFO] 2025-08-23 04:56:19,777 django.server:213 - "GET /api/aircraft_masters/201710168/?include=aircraft_type HTTP/1.1" 200 829(method=- path=-)
[INFO] 2025-08-23 04:56:19,886 django.server:213 - "GET /api/aircraft_roles/?aircraft_type_id=202500005 HTTP/1.1" 200 61(method=- path=-)
[INFO] 2025-08-23 04:56:19,913 django.server:213 - "GET /api/systems/?aircraft_type_id=202500005 HTTP/1.1" 200 684(method=- path=-)
[INFO] 2025-08-23 04:56:19,918 django.server:213 - "GET /api/items/?store_type_id=202500005 HTTP/1.1" 200 1325187(method=- path=-)
[INFO] 2025-08-23 06:13:24,599 django.server:213 - "GET /user-profile/ HTTP/1.1" 200 180(method=- path=-)
[INFO] 2025-08-23 06:13:24,610 django.server:213 - "GET /api/params/get/ HTTP/1.1" 200 76(method=- path=-)
[INFO] 2025-08-23 06:13:24,633 django.server:213 - "GET /api/params/get/ HTTP/1.1" 200 76(method=- path=-)
[INFO] 2025-08-23 06:13:24,696 django.server:213 - "GET /user-profile/ HTTP/1.1" 200 180(method=- path=-)
[WARNING] 2025-08-23 06:13:24,708 django.server:213 - "GET /installHook.js.map HTTP/1.1" 404 7828(method=- path=-)
[INFO] 2025-08-23 06:13:32,501 django.server:213 - "GET /user-profile/ HTTP/1.1" 200 180(method=- path=-)
[INFO] 2025-08-23 06:13:32,512 django.server:213 - "GET /api/params/get/ HTTP/1.1" 200 76(method=- path=-)
[INFO] 2025-08-23 06:13:32,523 django.server:213 - "GET /user-profile/ HTTP/1.1" 200 180(method=- path=-)
[INFO] 2025-08-23 06:13:32,534 django.server:213 - "GET /api/params/get/ HTTP/1.1" 200 76(method=- path=-)
[INFO] 2025-08-23 06:13:50,316 django.server:213 - "GET /api/params/get/ HTTP/1.1" 200 76(method=- path=-)
[INFO] 2025-08-23 06:13:50,341 django.server:213 - "GET /user-profile/ HTTP/1.1" 200 180(method=- path=-)
[INFO] 2025-08-23 06:13:50,345 django.server:213 - "GET /user-profile/ HTTP/1.1" 200 180(method=- path=-)
[INFO] 2025-08-23 06:13:50,476 django.server:213 - "GET /api/params/get/ HTTP/1.1" 200 76(method=- path=-)
[INFO] 2025-08-23 06:13:50,527 django.server:213 - "GET /api/aircraft_masters/201710168/?include=aircraft_type HTTP/1.1" 200 829(method=- path=-)
[INFO] 2025-08-23 06:13:50,547 django.server:213 - "GET /api/systems/?aircraft_type_id=202500005 HTTP/1.1" 200 684(method=- path=-)
[INFO] 2025-08-23 06:13:50,642 django.server:213 - "GET /api/aircraft_roles/?aircraft_type_id=202500005 HTTP/1.1" 200 61(method=- path=-)
[INFO] 2025-08-23 06:13:50,701 django.server:213 - "GET /api/systems/?aircraft_type_id=202500005 HTTP/1.1" 200 684(method=- path=-)
[INFO] 2025-08-23 06:13:50,709 django.server:213 - "GET /api/items/?store_type_id=202500005 HTTP/1.1" 200 1325187(method=- path=-)
[INFO] 2025-08-23 06:13:50,761 django.server:213 - "GET /api/aircraft_masters/201710168/?include=aircraft_type HTTP/1.1" 200 829(method=- path=-)
[INFO] 2025-08-23 06:13:50,768 django.server:213 - "GET /api/aircraft_roles/?aircraft_type_id=202500005 HTTP/1.1" 200 61(method=- path=-)
[INFO] 2025-08-23 06:13:50,869 django.server:213 - "GET /api/items/?store_type_id=202500005 HTTP/1.1" 200 1325187(method=- path=-)
[INFO] 2025-08-23 06:13:52,614 django.server:213 - "GET /user-profile/ HTTP/1.1" 200 180(method=- path=-)
[INFO] 2025-08-23 06:13:52,634 django.server:213 - "GET /user-profile/ HTTP/1.1" 200 180(method=- path=-)
[INFO] 2025-08-23 06:13:52,644 django.server:213 - "GET /api/params/get/ HTTP/1.1" 200 76(method=- path=-)
[INFO] 2025-08-23 06:13:52,652 django.server:213 - "GET /api/params/get/ HTTP/1.1" 200 76(method=- path=-)
[INFO] 2025-08-23 06:13:52,798 django.server:213 - "GET /api/aircraft_masters/201710168/?include=aircraft_type HTTP/1.1" 200 829(method=- path=-)
[INFO] 2025-08-23 06:13:52,860 django.server:213 - "GET /api/systems/?aircraft_type_id=202500005 HTTP/1.1" 200 684(method=- path=-)
[INFO] 2025-08-23 06:13:52,876 django.server:213 - "GET /api/aircraft_roles/?aircraft_type_id=202500005 HTTP/1.1" 200 61(method=- path=-)
[INFO] 2025-08-23 06:13:52,935 django.server:213 - "GET /api/aircraft_masters/201710168/?include=aircraft_type HTTP/1.1" 200 829(method=- path=-)
[INFO] 2025-08-23 06:13:52,943 django.server:213 - "GET /api/systems/?aircraft_type_id=202500005 HTTP/1.1" 200 684(method=- path=-)
[INFO] 2025-08-23 06:13:53,019 django.server:213 - "GET /api/aircraft_roles/?aircraft_type_id=202500005 HTTP/1.1" 200 61(method=- path=-)
[WARNING] 2025-08-23 06:13:53,063 django.server:213 - "GET /installHook.js.map HTTP/1.1" 404 7828(method=- path=-)
[INFO] 2025-08-23 06:13:53,064 django.server:213 - "GET /api/items/?store_type_id=202500005 HTTP/1.1" 200 1325187(method=- path=-)
[INFO] 2025-08-23 06:13:53,330 django.server:213 - "GET /api/items/?store_type_id=202500005 HTTP/1.1" 200 1325187(method=- path=-)
[INFO] 2025-08-23 06:14:09,443 django.server:213 - "GET /user-profile/ HTTP/1.1" 200 180(method=- path=-)
[INFO] 2025-08-23 06:14:09,476 django.server:213 - "GET /api/params/get/ HTTP/1.1" 200 76(method=- path=-)
[INFO] 2025-08-23 06:14:09,495 django.server:213 - "GET /api/params/get/ HTTP/1.1" 200 76(method=- path=-)
[INFO] 2025-08-23 06:14:09,511 django.server:213 - "GET /user-profile/ HTTP/1.1" 200 180(method=- path=-)
[INFO] 2025-08-23 06:14:09,640 django.server:213 - "GET /api/aircraft_masters/201710168/?include=aircraft_type HTTP/1.1" 200 829(method=- path=-)
[INFO] 2025-08-23 06:14:09,655 django.server:213 - "GET /api/systems/?aircraft_type_id=202500005 HTTP/1.1" 200 684(method=- path=-)
[INFO] 2025-08-23 06:14:09,733 django.server:213 - "GET /api/aircraft_roles/?aircraft_type_id=202500005 HTTP/1.1" 200 61(method=- path=-)
[WARNING] 2025-08-23 06:14:09,777 django.server:213 - "GET /installHook.js.map HTTP/1.1" 404 7828(method=- path=-)
[INFO] 2025-08-23 06:14:09,781 django.server:213 - "GET /api/items/?store_type_id=202500005 HTTP/1.1" 200 1325187(method=- path=-)
[INFO] 2025-08-23 06:14:09,788 django.server:213 - "GET /api/aircraft_masters/201710168/?include=aircraft_type HTTP/1.1" 200 829(method=- path=-)
[INFO] 2025-08-23 06:14:09,793 django.server:213 - "GET /api/systems/?aircraft_type_id=202500005 HTTP/1.1" 200 684(method=- path=-)
[INFO] 2025-08-23 06:14:09,815 django.server:213 - "GET /api/aircraft_roles/?aircraft_type_id=202500005 HTTP/1.1" 200 61(method=- path=-)
[INFO] 2025-08-23 06:14:09,985 django.server:213 - "GET /api/items/?store_type_id=202500005 HTTP/1.1" 200 1325187(method=- path=-)
[INFO] 2025-08-23 06:14:14,251 django.server:213 - "GET /api/params/get/ HTTP/1.1" 200 76(method=- path=-)
[INFO] 2025-08-23 06:14:14,279 django.server:213 - "GET /user-profile/ HTTP/1.1" 200 180(method=- path=-)
[INFO] 2025-08-23 06:14:14,305 django.server:213 - "GET /api/params/get/ HTTP/1.1" 200 76(method=- path=-)
[INFO] 2025-08-23 06:14:14,309 django.server:213 - "GET /user-profile/ HTTP/1.1" 200 180(method=- path=-)
[INFO] 2025-08-23 06:14:14,468 django.server:213 - "GET /api/aircraft_masters/201710168/?include=aircraft_type HTTP/1.1" 200 829(method=- path=-)
[WARNING] 2025-08-23 06:14:14,510 django.server:213 - "GET /installHook.js.map HTTP/1.1" 404 7828(method=- path=-)
[INFO] 2025-08-23 06:14:14,561 django.server:213 - "GET /api/systems/?aircraft_type_id=202500005 HTTP/1.1" 200 684(method=- path=-)
[INFO] 2025-08-23 06:14:14,567 django.server:213 - "GET /api/aircraft_roles/?aircraft_type_id=202500005 HTTP/1.1" 200 61(method=- path=-)
[INFO] 2025-08-23 06:14:14,602 django.server:213 - "GET /api/aircraft_masters/201710168/?include=aircraft_type HTTP/1.1" 200 829(method=- path=-)
[INFO] 2025-08-23 06:14:14,630 django.server:213 - "GET /api/items/?store_type_id=202500005 HTTP/1.1" 200 1325187(method=- path=-)
[INFO] 2025-08-23 06:14:14,830 django.server:213 - "GET /api/systems/?aircraft_type_id=202500005 HTTP/1.1" 200 684(method=- path=-)
[INFO] 2025-08-23 06:14:14,835 django.server:213 - "GET /api/items/?store_type_id=202500005 HTTP/1.1" 200 1325187(method=- path=-)
[INFO] 2025-08-23 06:14:14,839 django.server:213 - "GET /api/aircraft_roles/?aircraft_type_id=202500005 HTTP/1.1" 200 61(method=- path=-)
[INFO] 2025-08-23 06:17:56,733 django.server:213 - "GET /user-profile/ HTTP/1.1" 200 180(method=- path=-)
[INFO] 2025-08-23 06:17:56,755 django.server:213 - "GET /user-profile/ HTTP/1.1" 200 180(method=- path=-)
[INFO] 2025-08-23 06:17:56,760 django.server:213 - "GET /api/params/get/ HTTP/1.1" 200 76(method=- path=-)
[INFO] 2025-08-23 06:17:56,765 django.server:213 - "GET /api/params/get/ HTTP/1.1" 200 76(method=- path=-)
[INFO] 2025-08-23 06:17:56,905 django.server:213 - "GET /api/aircraft_masters/201710168/?include=aircraft_type HTTP/1.1" 200 829(method=- path=-)
[INFO] 2025-08-23 06:17:56,931 django.server:213 - "GET /api/systems/?aircraft_type_id=202500005 HTTP/1.1" 200 684(method=- path=-)
[INFO] 2025-08-23 06:17:56,977 django.server:213 - "GET /api/aircraft_roles/?aircraft_type_id=202500005 HTTP/1.1" 200 61(method=- path=-)
[INFO] 2025-08-23 06:17:57,031 django.server:213 - "GET /api/systems/?aircraft_type_id=202500005 HTTP/1.1" 200 684(method=- path=-)
[INFO] 2025-08-23 06:17:57,151 django.server:213 - "GET /api/aircraft_masters/201710168/?include=aircraft_type HTTP/1.1" 200 829(method=- path=-)
[INFO] 2025-08-23 06:17:57,158 django.server:213 - "GET /api/items/?store_type_id=202500005 HTTP/1.1" 200 1325187(method=- path=-)
[INFO] 2025-08-23 06:17:57,172 django.server:213 - "GET /api/aircraft_roles/?aircraft_type_id=202500005 HTTP/1.1" 200 61(method=- path=-)
[INFO] 2025-08-23 06:17:57,322 django.server:213 - "GET /api/items/?store_type_id=202500005 HTTP/1.1" 200 1325187(method=- path=-)
[INFO] 2025-08-23 06:17:58,899 django.server:213 - "GET /user-profile/ HTTP/1.1" 200 180(method=- path=-)
[INFO] 2025-08-23 06:17:58,914 django.server:213 - "GET /api/params/get/ HTTP/1.1" 200 76(method=- path=-)
[INFO] 2025-08-23 06:17:58,930 django.server:213 - "GET /user-profile/ HTTP/1.1" 200 180(method=- path=-)
[INFO] 2025-08-23 06:17:58,935 django.server:213 - "GET /api/params/get/ HTTP/1.1" 200 76(method=- path=-)
[INFO] 2025-08-23 06:17:59,131 django.server:213 - "GET /api/aircraft_masters/201710168/?include=aircraft_type HTTP/1.1" 200 829(method=- path=-)
[INFO] 2025-08-23 06:17:59,145 django.server:213 - "GET /api/systems/?aircraft_type_id=202500005 HTTP/1.1" 200 684(method=- path=-)
[INFO] 2025-08-23 06:17:59,292 django.server:213 - "GET /api/aircraft_roles/?aircraft_type_id=202500005 HTTP/1.1" 200 61(method=- path=-)
[INFO] 2025-08-23 06:17:59,302 django.server:213 - "GET /api/items/?store_type_id=202500005 HTTP/1.1" 200 1325187(method=- path=-)
[INFO] 2025-08-23 06:17:59,316 django.server:213 - "GET /api/aircraft_masters/201710168/?include=aircraft_type HTTP/1.1" 200 829(method=- path=-)
[INFO] 2025-08-23 06:17:59,348 django.server:213 - "GET /api/systems/?aircraft_type_id=202500005 HTTP/1.1" 200 684(method=- path=-)
[INFO] 2025-08-23 06:17:59,386 django.server:213 - "GET /api/aircraft_roles/?aircraft_type_id=202500005 HTTP/1.1" 200 61(method=- path=-)
[WARNING] 2025-08-23 06:17:59,396 django.server:213 - "GET /installHook.js.map HTTP/1.1" 404 7828(method=- path=-)
[INFO] 2025-08-23 06:17:59,489 django.server:213 - "GET /api/items/?store_type_id=202500005 HTTP/1.1" 200 1325187(method=- path=-)
[INFO] 2025-08-23 06:18:09,580 django.server:213 - "GET /user-profile/ HTTP/1.1" 200 180(method=- path=-)
[INFO] 2025-08-23 06:18:09,595 django.server:213 - "GET /api/params/get/ HTTP/1.1" 200 76(method=- path=-)
[INFO] 2025-08-23 06:18:09,604 django.server:213 - "GET /user-profile/ HTTP/1.1" 200 180(method=- path=-)
[INFO] 2025-08-23 06:18:09,630 django.server:213 - "GET /api/params/get/ HTTP/1.1" 200 76(method=- path=-)
[INFO] 2025-08-23 06:18:09,754 django.server:213 - "GET /api/aircraft_masters/201710168/?include=aircraft_type HTTP/1.1" 200 829(method=- path=-)
[INFO] 2025-08-23 06:18:09,828 django.server:213 - "GET /api/systems/?aircraft_type_id=202500005 HTTP/1.1" 200 684(method=- path=-)
[WARNING] 2025-08-23 06:18:09,873 django.server:213 - "GET /installHook.js.map HTTP/1.1" 404 7828(method=- path=-)
[INFO] 2025-08-23 06:18:09,873 django.server:213 - "GET /api/items/?store_type_id=202500005 HTTP/1.1" 200 1325187(method=- path=-)
[INFO] 2025-08-23 06:18:09,923 django.server:213 - "GET /api/aircraft_roles/?aircraft_type_id=202500005 HTTP/1.1" 200 61(method=- path=-)
[INFO] 2025-08-23 06:18:09,929 django.server:213 - "GET /api/systems/?aircraft_type_id=202500005 HTTP/1.1" 200 684(method=- path=-)
[INFO] 2025-08-23 06:18:10,011 django.server:213 - "GET /api/aircraft_masters/201710168/?include=aircraft_type HTTP/1.1" 200 829(method=- path=-)
[INFO] 2025-08-23 06:18:10,038 django.server:213 - "GET /api/aircraft_roles/?aircraft_type_id=202500005 HTTP/1.1" 200 61(method=- path=-)
[INFO] 2025-08-23 06:18:10,044 django.server:213 - "GET /api/items/?store_type_id=202500005 HTTP/1.1" 200 1325187(method=- path=-)
[INFO] 2025-08-23 06:29:05,011 django.server:213 - "GET /user-profile/ HTTP/1.1" 200 180(method=- path=-)
[INFO] 2025-08-23 06:29:05,490 django.server:213 - "GET /api/systems/?aircraft_type_id=202500005 HTTP/1.1" 200 684(method=- path=-)
[INFO] 2025-08-23 06:29:05,499 django.server:213 - "GET /api/aircraft_roles/?aircraft_type_id=202500005 HTTP/1.1" 200 61(method=- path=-)
[INFO] 2025-08-23 06:29:05,633 django.server:213 - "GET /user-profile/ HTTP/1.1" 200 180(method=- path=-)
[INFO] 2025-08-23 06:29:05,645 django.server:213 - "GET /api/aircraft_roles/?aircraft_type_id=202500005 HTTP/1.1" 200 61(method=- path=-)
[INFO] 2025-08-23 06:29:05,649 django.server:213 - "GET /api/systems/?aircraft_type_id=202500005 HTTP/1.1" 200 684(method=- path=-)
[INFO] 2025-08-23 06:29:05,653 django.server:213 - "GET /api/items/?store_type_id=202500005 HTTP/1.1" 200 1325187(method=- path=-)
[INFO] 2025-08-23 06:29:05,822 django.server:213 - "GET /api/items/?store_type_id=202500005 HTTP/1.1" 200 1325187(method=- path=-)
[INFO] 2025-08-23 06:33:48,472 django.server:213 - "GET /user-profile/ HTTP/1.1" 200 180(method=- path=-)
[INFO] 2025-08-23 06:33:48,487 django.server:213 - "GET /api/params/get/ HTTP/1.1" 200 76(method=- path=-)
[INFO] 2025-08-23 06:33:48,494 django.server:213 - "GET /api/params/get/ HTTP/1.1" 200 76(method=- path=-)
[INFO] 2025-08-23 06:33:48,511 django.server:213 - "GET /user-profile/ HTTP/1.1" 200 180(method=- path=-)
[WARNING] 2025-08-23 06:33:48,567 django.server:213 - "GET /installHook.js.map HTTP/1.1" 404 7828(method=- path=-)
[INFO] 2025-08-23 06:33:48,689 django.server:213 - "GET /api/aircraft_masters/201710168/?include=aircraft_type HTTP/1.1" 200 829(method=- path=-)
[INFO] 2025-08-23 06:33:48,698 django.server:213 - "GET /api/systems/?aircraft_type_id=202500005 HTTP/1.1" 200 684(method=- path=-)
[INFO] 2025-08-23 06:33:48,814 django.server:213 - "GET /api/aircraft_masters/201710168/?include=aircraft_type HTTP/1.1" 200 829(method=- path=-)
[INFO] 2025-08-23 06:33:48,818 django.server:213 - "GET /api/items/?store_type_id=202500005 HTTP/1.1" 200 1325187(method=- path=-)
[INFO] 2025-08-23 06:33:48,821 django.server:213 - "GET /api/aircraft_roles/?aircraft_type_id=202500005 HTTP/1.1" 200 61(method=- path=-)
[INFO] 2025-08-23 06:33:48,876 django.server:213 - "GET /api/systems/?aircraft_type_id=202500005 HTTP/1.1" 200 684(method=- path=-)
[INFO] 2025-08-23 06:33:48,910 django.server:213 - "GET /api/aircraft_roles/?aircraft_type_id=202500005 HTTP/1.1" 200 61(method=- path=-)
[INFO] 2025-08-23 06:33:49,036 django.server:213 - "GET /api/items/?store_type_id=202500005 HTTP/1.1" 200 1325187(method=- path=-)
[INFO] 2025-08-23 06:44:10,028 django.server:213 - "GET /user-profile/ HTTP/1.1" 200 180(method=- path=-)
[INFO] 2025-08-23 06:44:10,063 django.server:213 - "GET /api/params/get/ HTTP/1.1" 200 76(method=- path=-)
[INFO] 2025-08-23 06:44:10,070 django.server:213 - "GET /api/params/get/ HTTP/1.1" 200 76(method=- path=-)
[INFO] 2025-08-23 06:44:10,085 django.server:213 - "GET /user-profile/ HTTP/1.1" 200 180(method=- path=-)
[INFO] 2025-08-23 06:44:10,252 django.server:213 - "GET /api/aircraft_masters/201710168/?include=aircraft_type HTTP/1.1" 200 829(method=- path=-)
[INFO] 2025-08-23 06:44:10,344 django.server:213 - "GET /api/systems/?aircraft_type_id=202500005 HTTP/1.1" 200 684(method=- path=-)
[INFO] 2025-08-23 06:44:10,367 django.server:213 - "GET /api/aircraft_roles/?aircraft_type_id=202500005 HTTP/1.1" 200 61(method=- path=-)
[WARNING] 2025-08-23 06:44:10,431 django.server:213 - "GET /installHook.js.map HTTP/1.1" 404 7828(method=- path=-)
[INFO] 2025-08-23 06:44:10,445 django.server:213 - "GET /api/aircraft_masters/201710168/?include=aircraft_type HTTP/1.1" 200 829(method=- path=-)
[INFO] 2025-08-23 06:44:10,455 django.server:213 - "GET /api/items/?store_type_id=202500005 HTTP/1.1" 200 1325187(method=- path=-)
[INFO] 2025-08-23 06:44:10,468 django.server:213 - "GET /api/systems/?aircraft_type_id=202500005 HTTP/1.1" 200 684(method=- path=-)
[INFO] 2025-08-23 06:44:10,484 django.server:213 - "GET /api/aircraft_roles/?aircraft_type_id=202500005 HTTP/1.1" 200 61(method=- path=-)
[INFO] 2025-08-23 06:44:10,649 django.server:213 - "GET /api/items/?store_type_id=202500005 HTTP/1.1" 200 1325187(method=- path=-)
[INFO] 2025-08-23 06:45:05,870 django.server:213 - "GET /api/params/get/ HTTP/1.1" 200 76(method=- path=-)
[INFO] 2025-08-23 06:45:05,889 django.server:213 - "GET /user-profile/ HTTP/1.1" 200 180(method=- path=-)
[INFO] 2025-08-23 06:45:05,893 django.server:213 - "GET /user-profile/ HTTP/1.1" 200 180(method=- path=-)
[INFO] 2025-08-23 06:45:05,899 django.server:213 - "GET /api/params/get/ HTTP/1.1" 200 76(method=- path=-)
[INFO] 2025-08-23 06:45:06,068 django.server:213 - "GET /api/aircraft_masters/201710168/?include=aircraft_type HTTP/1.1" 200 829(method=- path=-)
[INFO] 2025-08-23 06:45:06,157 django.server:213 - "GET /api/systems/?aircraft_type_id=202500005 HTTP/1.1" 200 684(method=- path=-)
[INFO] 2025-08-23 06:45:06,173 django.server:213 - "GET /api/aircraft_roles/?aircraft_type_id=202500005 HTTP/1.1" 200 61(method=- path=-)
[WARNING] 2025-08-23 06:45:06,245 django.server:213 - "GET /installHook.js.map HTTP/1.1" 404 7828(method=- path=-)
[INFO] 2025-08-23 06:45:06,250 django.server:213 - "GET /api/items/?store_type_id=202500005 HTTP/1.1" 200 1325187(method=- path=-)
[INFO] 2025-08-23 06:45:06,270 django.server:213 - "GET /api/systems/?aircraft_type_id=202500005 HTTP/1.1" 200 684(method=- path=-)
[INFO] 2025-08-23 06:45:06,277 django.server:213 - "GET /api/aircraft_masters/201710168/?include=aircraft_type HTTP/1.1" 200 829(method=- path=-)
[INFO] 2025-08-23 06:45:06,326 django.server:213 - "GET /api/aircraft_roles/?aircraft_type_id=202500005 HTTP/1.1" 200 61(method=- path=-)
[INFO] 2025-08-23 06:45:06,568 django.server:213 - "GET /api/items/?store_type_id=202500005 HTTP/1.1" 200 1325187(method=- path=-)
[INFO] 2025-08-23 06:46:02,743 django.server:213 - "GET /user-profile/ HTTP/1.1" 200 180(method=- path=-)
[INFO] 2025-08-23 06:46:02,768 django.server:213 - "GET /user-profile/ HTTP/1.1" 200 180(method=- path=-)
[INFO] 2025-08-23 06:46:02,783 django.server:213 - "GET /api/params/get/ HTTP/1.1" 200 76(method=- path=-)
[INFO] 2025-08-23 06:46:02,789 django.server:213 - "GET /api/params/get/ HTTP/1.1" 200 76(method=- path=-)
[INFO] 2025-08-23 06:46:02,946 django.server:213 - "GET /api/aircraft_masters/201710168/?include=aircraft_type HTTP/1.1" 200 829(method=- path=-)
[INFO] 2025-08-23 06:46:02,958 django.server:213 - "GET /api/systems/?aircraft_type_id=202500005 HTTP/1.1" 200 684(method=- path=-)
[INFO] 2025-08-23 06:46:03,043 django.server:213 - "GET /api/aircraft_roles/?aircraft_type_id=202500005 HTTP/1.1" 200 61(method=- path=-)
[INFO] 2025-08-23 06:46:03,096 django.server:213 - "GET /api/systems/?aircraft_type_id=202500005 HTTP/1.1" 200 684(method=- path=-)
[INFO] 2025-08-23 06:46:03,105 django.server:213 - "GET /api/items/?store_type_id=202500005 HTTP/1.1" 200 1325187(method=- path=-)
[INFO] 2025-08-23 06:46:03,125 django.server:213 - "GET /api/aircraft_masters/201710168/?include=aircraft_type HTTP/1.1" 200 829(method=- path=-)
[INFO] 2025-08-23 06:46:03,146 django.server:213 - "GET /api/aircraft_roles/?aircraft_type_id=202500005 HTTP/1.1" 200 61(method=- path=-)
[WARNING] 2025-08-23 06:46:03,177 django.server:213 - "GET /installHook.js.map HTTP/1.1" 404 7828(method=- path=-)
[INFO] 2025-08-23 06:46:03,414 django.server:213 - "GET /api/items/?store_type_id=202500005 HTTP/1.1" 200 1325187(method=- path=-)
[INFO] 2025-08-23 06:47:13,538 django.utils.autoreload:265 - /home/dev11/Videos/e700/backend/userprofile/models/lim_defr_def_logs.py changed, reloading.(method=- path=-)
[INFO] 2025-08-23 06:47:13,828 django.utils.autoreload:667 - Watching for file changes with StatReloader(method=- path=-)
[INFO] 2025-08-23 06:48:09,951 django.server:213 - "GET /api/systems/?aircraft_type_id=202500005 HTTP/1.1" 200 684(method=- path=-)
[INFO] 2025-08-23 06:48:09,978 django.server:213 - "GET /api/aircraft_roles/?aircraft_type_id=202500005 HTTP/1.1" 200 61(method=- path=-)
[INFO] 2025-08-23 06:48:10,081 django.server:213 - "GET /api/items/?store_type_id=202500005 HTTP/1.1" 200 1325187(method=- path=-)
[ERROR] 2025-08-23 06:48:10,089 django.request:248 - Internal Server Error: /api/lim_def_def_logs/(method=- path=-)
Traceback (most recent call last):
  File "/home/dev11/Videos/e700/backend/venv/lib/python3.12/site-packages/django/core/handlers/exception.py", line 55, in inner
    response = get_response(request)
               ^^^^^^^^^^^^^^^^^^^^^
  File "/home/dev11/Videos/e700/backend/venv/lib/python3.12/site-packages/django/core/handlers/base.py", line 197, in _get_response
    response = wrapped_callback(request, *callback_args, **callback_kwargs)
               ^^^^^^^^^^^^^^^^^^^^^^^^^^^^^^^^^^^^^^^^^^^^^^^^^^^^^^^^^^^^
  File "/home/dev11/Videos/e700/backend/venv/lib/python3.12/site-packages/django/views/decorators/csrf.py", line 65, in _view_wrapper
    return view_func(request, *args, **kwargs)
           ^^^^^^^^^^^^^^^^^^^^^^^^^^^^^^^^^^^
  File "/home/dev11/Videos/e700/backend/venv/lib/python3.12/site-packages/rest_framework/viewsets.py", line 125, in view
    return self.dispatch(request, *args, **kwargs)
           ^^^^^^^^^^^^^^^^^^^^^^^^^^^^^^^^^^^^^^^
  File "/home/dev11/Videos/e700/backend/venv/lib/python3.12/site-packages/rest_framework/views.py", line 515, in dispatch
    response = self.handle_exception(exc)
               ^^^^^^^^^^^^^^^^^^^^^^^^^^
  File "/home/dev11/Videos/e700/backend/venv/lib/python3.12/site-packages/rest_framework/views.py", line 475, in handle_exception
    self.raise_uncaught_exception(exc)
  File "/home/dev11/Videos/e700/backend/venv/lib/python3.12/site-packages/rest_framework/views.py", line 486, in raise_uncaught_exception
    raise exc
  File "/home/dev11/Videos/e700/backend/venv/lib/python3.12/site-packages/rest_framework/views.py", line 512, in dispatch
    response = handler(request, *args, **kwargs)
               ^^^^^^^^^^^^^^^^^^^^^^^^^^^^^^^^^
  File "/home/dev11/Videos/e700/backend/userprofile/views.py", line 334, in list
    queryset = Model.objects.all()
               ^^^^^^^^^^^^^
AttributeError: 'NoneType' object has no attribute 'objects'
[ERROR] 2025-08-23 06:48:10,090 django.db.backends:35 - SQL queries executed for GET /api/lim_def_def_logs/:(method=- path=-)
[ERROR] 2025-08-23 06:48:10,091 django.db.backends:39 -   (0.002) SELECT "django_session"."session_key", "django_session"."session_data", "django_session"."expire_date" FROM "django_session" WHERE ("django_session"."expire_date" > '2025-08-23T06:48:09.856116+00:00'::timestamptz AND "django_session"."session_key" = 'pct1e61y4zc6h69njt783fxxx811tvej') LIMIT 21(method=- path=-)
[ERROR] 2025-08-23 06:48:10,091 django.server:213 - "GET /api/lim_def_def_logs/ HTTP/1.1" 500 99634(method=- path=-)
[INFO] 2025-08-23 06:54:40,044 django.server:213 - "GET /user-profile/ HTTP/1.1" 200 180(method=- path=-)
[INFO] 2025-08-23 06:54:40,062 django.server:213 - "GET /api/params/get/ HTTP/1.1" 200 76(method=- path=-)
[INFO] 2025-08-23 06:54:40,075 django.server:213 - "GET /user-profile/ HTTP/1.1" 200 180(method=- path=-)
[INFO] 2025-08-23 06:54:40,139 django.server:213 - "GET /api/params/get/ HTTP/1.1" 200 76(method=- path=-)
[INFO] 2025-08-23 06:54:40,233 django.server:213 - "GET /api/aircraft_masters/201710168/?include=aircraft_type HTTP/1.1" 200 829(method=- path=-)
[INFO] 2025-08-23 06:54:40,275 django.server:213 - "GET /api/systems/?aircraft_type_id=202500005 HTTP/1.1" 200 684(method=- path=-)
[INFO] 2025-08-23 06:54:40,295 django.server:213 - "GET /api/aircraft_roles/?aircraft_type_id=202500005 HTTP/1.1" 200 61(method=- path=-)
[ERROR] 2025-08-23 06:54:40,430 django.request:248 - Internal Server Error: /api/lim_def_def_logs/(method=- path=-)
Traceback (most recent call last):
  File "/home/dev11/Videos/e700/backend/venv/lib/python3.12/site-packages/django/core/handlers/exception.py", line 55, in inner
    response = get_response(request)
               ^^^^^^^^^^^^^^^^^^^^^
  File "/home/dev11/Videos/e700/backend/venv/lib/python3.12/site-packages/django/core/handlers/base.py", line 197, in _get_response
    response = wrapped_callback(request, *callback_args, **callback_kwargs)
               ^^^^^^^^^^^^^^^^^^^^^^^^^^^^^^^^^^^^^^^^^^^^^^^^^^^^^^^^^^^^
  File "/home/dev11/Videos/e700/backend/venv/lib/python3.12/site-packages/django/views/decorators/csrf.py", line 65, in _view_wrapper
    return view_func(request, *args, **kwargs)
           ^^^^^^^^^^^^^^^^^^^^^^^^^^^^^^^^^^^
  File "/home/dev11/Videos/e700/backend/venv/lib/python3.12/site-packages/rest_framework/viewsets.py", line 125, in view
    return self.dispatch(request, *args, **kwargs)
           ^^^^^^^^^^^^^^^^^^^^^^^^^^^^^^^^^^^^^^^
  File "/home/dev11/Videos/e700/backend/venv/lib/python3.12/site-packages/rest_framework/views.py", line 515, in dispatch
    response = self.handle_exception(exc)
               ^^^^^^^^^^^^^^^^^^^^^^^^^^
  File "/home/dev11/Videos/e700/backend/venv/lib/python3.12/site-packages/rest_framework/views.py", line 475, in handle_exception
    self.raise_uncaught_exception(exc)
  File "/home/dev11/Videos/e700/backend/venv/lib/python3.12/site-packages/rest_framework/views.py", line 486, in raise_uncaught_exception
    raise exc
  File "/home/dev11/Videos/e700/backend/venv/lib/python3.12/site-packages/rest_framework/views.py", line 512, in dispatch
    response = handler(request, *args, **kwargs)
               ^^^^^^^^^^^^^^^^^^^^^^^^^^^^^^^^^
  File "/home/dev11/Videos/e700/backend/userprofile/views.py", line 334, in list
    queryset = Model.objects.all()
               ^^^^^^^^^^^^^
AttributeError: 'NoneType' object has no attribute 'objects'
[ERROR] 2025-08-23 06:54:40,441 django.request:248 - Internal Server Error: /api/lim_def_def_logs/(method=- path=-)
Traceback (most recent call last):
  File "/home/dev11/Videos/e700/backend/venv/lib/python3.12/site-packages/django/core/handlers/exception.py", line 55, in inner
    response = get_response(request)
               ^^^^^^^^^^^^^^^^^^^^^
  File "/home/dev11/Videos/e700/backend/venv/lib/python3.12/site-packages/django/core/handlers/base.py", line 197, in _get_response
    response = wrapped_callback(request, *callback_args, **callback_kwargs)
               ^^^^^^^^^^^^^^^^^^^^^^^^^^^^^^^^^^^^^^^^^^^^^^^^^^^^^^^^^^^^
  File "/home/dev11/Videos/e700/backend/venv/lib/python3.12/site-packages/django/views/decorators/csrf.py", line 65, in _view_wrapper
    return view_func(request, *args, **kwargs)
           ^^^^^^^^^^^^^^^^^^^^^^^^^^^^^^^^^^^
  File "/home/dev11/Videos/e700/backend/venv/lib/python3.12/site-packages/rest_framework/viewsets.py", line 125, in view
    return self.dispatch(request, *args, **kwargs)
           ^^^^^^^^^^^^^^^^^^^^^^^^^^^^^^^^^^^^^^^
  File "/home/dev11/Videos/e700/backend/venv/lib/python3.12/site-packages/rest_framework/views.py", line 515, in dispatch
    response = self.handle_exception(exc)
               ^^^^^^^^^^^^^^^^^^^^^^^^^^
  File "/home/dev11/Videos/e700/backend/venv/lib/python3.12/site-packages/rest_framework/views.py", line 475, in handle_exception
    self.raise_uncaught_exception(exc)
  File "/home/dev11/Videos/e700/backend/venv/lib/python3.12/site-packages/rest_framework/views.py", line 486, in raise_uncaught_exception
    raise exc
  File "/home/dev11/Videos/e700/backend/venv/lib/python3.12/site-packages/rest_framework/views.py", line 512, in dispatch
    response = handler(request, *args, **kwargs)
               ^^^^^^^^^^^^^^^^^^^^^^^^^^^^^^^^^
  File "/home/dev11/Videos/e700/backend/userprofile/views.py", line 334, in list
    queryset = Model.objects.all()
               ^^^^^^^^^^^^^
AttributeError: 'NoneType' object has no attribute 'objects'
[ERROR] 2025-08-23 06:54:40,441 django.db.backends:35 - SQL queries executed for GET /api/lim_def_def_logs/:(method=- path=-)
[ERROR] 2025-08-23 06:54:40,442 django.db.backends:35 - SQL queries executed for GET /api/lim_def_def_logs/:(method=- path=-)
[ERROR] 2025-08-23 06:54:40,443 django.db.backends:39 -   (0.005) SELECT "django_session"."session_key", "django_session"."session_data", "django_session"."expire_date" FROM "django_session" WHERE ("django_session"."expire_date" > '2025-08-23T06:54:40.156044+00:00'::timestamptz AND "django_session"."session_key" = 'pct1e61y4zc6h69njt783fxxx811tvej') LIMIT 21(method=- path=-)
[INFO] 2025-08-23 06:54:40,443 django.server:213 - "GET /api/aircraft_masters/201710168/?include=aircraft_type HTTP/1.1" 200 829(method=- path=-)
[ERROR] 2025-08-23 06:54:40,443 django.db.backends:39 -   (0.009) SELECT "django_session"."session_key", "django_session"."session_data", "django_session"."expire_date" FROM "django_session" WHERE ("django_session"."expire_date" > '2025-08-23T06:54:40.236144+00:00'::timestamptz AND "django_session"."session_key" = 'pct1e61y4zc6h69njt783fxxx811tvej') LIMIT 21(method=- path=-)
[INFO] 2025-08-23 06:54:40,443 django.server:213 - "GET /api/items/?store_type_id=202500005 HTTP/1.1" 200 1325187(method=- path=-)
[ERROR] 2025-08-23 06:54:40,444 django.server:213 - "GET /api/lim_def_def_logs/ HTTP/1.1" 500 99634(method=- path=-)
[ERROR] 2025-08-23 06:54:40,444 django.server:213 - "GET /api/lim_def_def_logs/ HTTP/1.1" 500 99634(method=- path=-)
[WARNING] 2025-08-23 06:54:40,510 django.server:213 - "GET /installHook.js.map HTTP/1.1" 404 7828(method=- path=-)
[INFO] 2025-08-23 06:54:40,529 django.server:213 - "GET /api/aircraft_roles/?aircraft_type_id=202500005 HTTP/1.1" 200 61(method=- path=-)
[INFO] 2025-08-23 06:54:40,636 django.server:213 - "GET /api/systems/?aircraft_type_id=202500005 HTTP/1.1" 200 684(method=- path=-)
[INFO] 2025-08-23 06:54:40,644 django.server:213 - "GET /api/items/?store_type_id=202500005 HTTP/1.1" 200 1325187(method=- path=-)
[INFO] 2025-08-23 06:55:34,698 django.server:213 - "GET /user-profile/ HTTP/1.1" 200 180(method=- path=-)
[INFO] 2025-08-23 06:55:34,709 django.server:213 - "GET /user-profile/ HTTP/1.1" 200 180(method=- path=-)
[INFO] 2025-08-23 06:55:34,714 django.server:213 - "GET /api/params/get/ HTTP/1.1" 200 76(method=- path=-)
[INFO] 2025-08-23 06:55:34,725 django.server:213 - "GET /api/params/get/ HTTP/1.1" 200 76(method=- path=-)
[INFO] 2025-08-23 06:55:34,923 django.server:213 - "GET /api/aircraft_masters/201710168/?include=aircraft_type HTTP/1.1" 200 829(method=- path=-)
[INFO] 2025-08-23 06:55:34,939 django.server:213 - "GET /api/systems/?aircraft_type_id=202500005 HTTP/1.1" 200 684(method=- path=-)
[INFO] 2025-08-23 06:55:35,028 django.server:213 - "GET /api/aircraft_roles/?aircraft_type_id=202500005 HTTP/1.1" 200 61(method=- path=-)
[ERROR] 2025-08-23 06:55:35,068 django.request:248 - Internal Server Error: /api/lim_def_def_logs/(method=- path=-)
Traceback (most recent call last):
  File "/home/dev11/Videos/e700/backend/venv/lib/python3.12/site-packages/django/core/handlers/exception.py", line 55, in inner
    response = get_response(request)
               ^^^^^^^^^^^^^^^^^^^^^
  File "/home/dev11/Videos/e700/backend/venv/lib/python3.12/site-packages/django/core/handlers/base.py", line 197, in _get_response
    response = wrapped_callback(request, *callback_args, **callback_kwargs)
               ^^^^^^^^^^^^^^^^^^^^^^^^^^^^^^^^^^^^^^^^^^^^^^^^^^^^^^^^^^^^
  File "/home/dev11/Videos/e700/backend/venv/lib/python3.12/site-packages/django/views/decorators/csrf.py", line 65, in _view_wrapper
    return view_func(request, *args, **kwargs)
           ^^^^^^^^^^^^^^^^^^^^^^^^^^^^^^^^^^^
  File "/home/dev11/Videos/e700/backend/venv/lib/python3.12/site-packages/rest_framework/viewsets.py", line 125, in view
    return self.dispatch(request, *args, **kwargs)
           ^^^^^^^^^^^^^^^^^^^^^^^^^^^^^^^^^^^^^^^
  File "/home/dev11/Videos/e700/backend/venv/lib/python3.12/site-packages/rest_framework/views.py", line 515, in dispatch
    response = self.handle_exception(exc)
               ^^^^^^^^^^^^^^^^^^^^^^^^^^
  File "/home/dev11/Videos/e700/backend/venv/lib/python3.12/site-packages/rest_framework/views.py", line 475, in handle_exception
    self.raise_uncaught_exception(exc)
  File "/home/dev11/Videos/e700/backend/venv/lib/python3.12/site-packages/rest_framework/views.py", line 486, in raise_uncaught_exception
    raise exc
  File "/home/dev11/Videos/e700/backend/venv/lib/python3.12/site-packages/rest_framework/views.py", line 512, in dispatch
    response = handler(request, *args, **kwargs)
               ^^^^^^^^^^^^^^^^^^^^^^^^^^^^^^^^^
  File "/home/dev11/Videos/e700/backend/userprofile/views.py", line 334, in list
    queryset = Model.objects.all()
               ^^^^^^^^^^^^^
AttributeError: 'NoneType' object has no attribute 'objects'
[ERROR] 2025-08-23 06:55:35,070 django.db.backends:35 - SQL queries executed for GET /api/lim_def_def_logs/:(method=- path=-)
[ERROR] 2025-08-23 06:55:35,070 django.db.backends:39 -   (0.007) SELECT "django_session"."session_key", "django_session"."session_data", "django_session"."expire_date" FROM "django_session" WHERE ("django_session"."expire_date" > '2025-08-23T06:55:34.813661+00:00'::timestamptz AND "django_session"."session_key" = 'pct1e61y4zc6h69njt783fxxx811tvej') LIMIT 21(method=- path=-)
[ERROR] 2025-08-23 06:55:35,070 django.server:213 - "GET /api/lim_def_def_logs/ HTTP/1.1" 500 99634(method=- path=-)
[INFO] 2025-08-23 06:55:35,070 django.server:213 - "GET /api/items/?store_type_id=202500005 HTTP/1.1" 200 1325187(method=- path=-)
[ERROR] 2025-08-23 06:55:35,118 django.request:248 - Internal Server Error: /api/lim_def_def_logs/(method=- path=-)
Traceback (most recent call last):
  File "/home/dev11/Videos/e700/backend/venv/lib/python3.12/site-packages/django/core/handlers/exception.py", line 55, in inner
    response = get_response(request)
               ^^^^^^^^^^^^^^^^^^^^^
  File "/home/dev11/Videos/e700/backend/venv/lib/python3.12/site-packages/django/core/handlers/base.py", line 197, in _get_response
    response = wrapped_callback(request, *callback_args, **callback_kwargs)
               ^^^^^^^^^^^^^^^^^^^^^^^^^^^^^^^^^^^^^^^^^^^^^^^^^^^^^^^^^^^^
  File "/home/dev11/Videos/e700/backend/venv/lib/python3.12/site-packages/django/views/decorators/csrf.py", line 65, in _view_wrapper
    return view_func(request, *args, **kwargs)
           ^^^^^^^^^^^^^^^^^^^^^^^^^^^^^^^^^^^
  File "/home/dev11/Videos/e700/backend/venv/lib/python3.12/site-packages/rest_framework/viewsets.py", line 125, in view
    return self.dispatch(request, *args, **kwargs)
           ^^^^^^^^^^^^^^^^^^^^^^^^^^^^^^^^^^^^^^^
  File "/home/dev11/Videos/e700/backend/venv/lib/python3.12/site-packages/rest_framework/views.py", line 515, in dispatch
    response = self.handle_exception(exc)
               ^^^^^^^^^^^^^^^^^^^^^^^^^^
  File "/home/dev11/Videos/e700/backend/venv/lib/python3.12/site-packages/rest_framework/views.py", line 475, in handle_exception
    self.raise_uncaught_exception(exc)
  File "/home/dev11/Videos/e700/backend/venv/lib/python3.12/site-packages/rest_framework/views.py", line 486, in raise_uncaught_exception
    raise exc
  File "/home/dev11/Videos/e700/backend/venv/lib/python3.12/site-packages/rest_framework/views.py", line 512, in dispatch
    response = handler(request, *args, **kwargs)
               ^^^^^^^^^^^^^^^^^^^^^^^^^^^^^^^^^
  File "/home/dev11/Videos/e700/backend/userprofile/views.py", line 334, in list
    queryset = Model.objects.all()
               ^^^^^^^^^^^^^
AttributeError: 'NoneType' object has no attribute 'objects'
[ERROR] 2025-08-23 06:55:35,118 django.db.backends:35 - SQL queries executed for GET /api/lim_def_def_logs/:(method=- path=-)
[ERROR] 2025-08-23 06:55:35,118 django.db.backends:39 -   (0.002) SELECT "django_session"."session_key", "django_session"."session_data", "django_session"."expire_date" FROM "django_session" WHERE ("django_session"."expire_date" > '2025-08-23T06:55:34.926172+00:00'::timestamptz AND "django_session"."session_key" = 'pct1e61y4zc6h69njt783fxxx811tvej') LIMIT 21(method=- path=-)
[ERROR] 2025-08-23 06:55:35,119 django.server:213 - "GET /api/lim_def_def_logs/ HTTP/1.1" 500 99634(method=- path=-)
[INFO] 2025-08-23 06:55:35,119 django.server:213 - "GET /api/aircraft_masters/201710168/?include=aircraft_type HTTP/1.1" 200 829(method=- path=-)
[INFO] 2025-08-23 06:55:35,178 django.server:213 - "GET /api/systems/?aircraft_type_id=202500005 HTTP/1.1" 200 684(method=- path=-)
[INFO] 2025-08-23 06:55:35,184 django.server:213 - "GET /api/aircraft_roles/?aircraft_type_id=202500005 HTTP/1.1" 200 61(method=- path=-)
[WARNING] 2025-08-23 06:55:35,198 django.server:213 - "GET /installHook.js.map HTTP/1.1" 404 7828(method=- path=-)
[INFO] 2025-08-23 06:55:35,395 django.server:213 - "GET /api/items/?store_type_id=202500005 HTTP/1.1" 200 1325187(method=- path=-)
[ERROR] 2025-08-23 06:56:13,337 django.db.backends:35 - SQL queries executed for POST /api/lim_def_def_logs/:(method=- path=-)
[ERROR] 2025-08-23 06:56:13,338 django.db.backends:39 -   (0.002) SELECT "django_session"."session_key", "django_session"."session_data", "django_session"."expire_date" FROM "django_session" WHERE ("django_session"."expire_date" > '2025-08-23T06:56:13.153841+00:00'::timestamptz AND "django_session"."session_key" = 'pct1e61y4zc6h69njt783fxxx811tvej') LIMIT 21(method=- path=-)
[WARNING] 2025-08-23 06:56:13,344 django.server:213 - "POST /api/lim_def_def_logs/ HTTP/1.1" 404 27(method=- path=-)
[INFO] 2025-08-23 06:56:47,989 django.server:213 - "GET /user-profile/ HTTP/1.1" 200 180(method=- path=-)
[INFO] 2025-08-23 06:56:50,088 django.server:213 - "GET /api/items/?store_type_id=202500005 HTTP/1.1" 200 1325187(method=- path=-)
[INFO] 2025-08-23 06:56:50,094 django.server:213 - "GET /api/systems/?aircraft_type_id=202500005 HTTP/1.1" 200 684(method=- path=-)
[INFO] 2025-08-23 06:56:50,101 django.server:213 - "GET /api/aircraft_roles/?aircraft_type_id=202500005 HTTP/1.1" 200 61(method=- path=-)
[INFO] 2025-08-23 06:56:50,137 django.server:213 - "GET /api/lim_defr_def_logs/ HTTP/1.1" 200 2(method=- path=-)
[INFO] 2025-08-23 06:56:50,276 django.server:213 - "GET /api/systems/?aircraft_type_id=202500005 HTTP/1.1" 200 684(method=- path=-)
[INFO] 2025-08-23 06:56:50,388 django.server:213 - "GET /api/lim_defr_def_logs/ HTTP/1.1" 200 2(method=- path=-)
[INFO] 2025-08-23 06:56:50,394 django.server:213 - "GET /api/items/?store_type_id=202500005 HTTP/1.1" 200 1325187(method=- path=-)
[INFO] 2025-08-23 06:56:50,397 django.server:213 - "GET /api/aircraft_roles/?aircraft_type_id=202500005 HTTP/1.1" 200 61(method=- path=-)
[INFO] 2025-08-23 06:57:09,982 django.server:213 - "POST /api/lim_defr_def_logs/ HTTP/1.1" 201 450(method=- path=-)
[INFO] 2025-08-23 06:59:07,156 django.server:213 - "POST /api/lim_defr_def_logs/ HTTP/1.1" 201 450(method=- path=-)
[INFO] 2025-08-23 06:59:20,749 django.server:213 - "GET /api/params/get/ HTTP/1.1" 200 76(method=- path=-)
[INFO] 2025-08-23 06:59:20,770 django.server:213 - "GET /user-profile/ HTTP/1.1" 200 180(method=- path=-)
[INFO] 2025-08-23 06:59:20,781 django.server:213 - "GET /user-profile/ HTTP/1.1" 200 180(method=- path=-)
[INFO] 2025-08-23 06:59:20,789 django.server:213 - "GET /api/params/get/ HTTP/1.1" 200 76(method=- path=-)
[INFO] 2025-08-23 06:59:20,993 django.server:213 - "GET /api/aircraft_masters/201710168/?include=aircraft_type HTTP/1.1" 200 829(method=- path=-)
[INFO] 2025-08-23 06:59:21,013 django.server:213 - "GET /api/systems/?aircraft_type_id=202500005 HTTP/1.1" 200 684(method=- path=-)
[INFO] 2025-08-23 06:59:21,035 django.server:213 - "GET /api/lim_defr_def_logs/ HTTP/1.1" 200 903(method=- path=-)
[INFO] 2025-08-23 06:59:21,142 django.server:213 - "GET /api/aircraft_masters/201710168/?include=aircraft_type HTTP/1.1" 200 829(method=- path=-)
[INFO] 2025-08-23 06:59:21,142 django.server:213 - "GET /api/systems/?aircraft_type_id=202500005 HTTP/1.1" 200 684(method=- path=-)
[INFO] 2025-08-23 06:59:21,147 django.server:213 - "GET /api/items/?store_type_id=202500005 HTTP/1.1" 200 1325187(method=- path=-)
[INFO] 2025-08-23 06:59:21,150 django.server:213 - "GET /api/aircraft_roles/?aircraft_type_id=202500005 HTTP/1.1" 200 61(method=- path=-)
[WARNING] 2025-08-23 06:59:21,208 django.server:213 - "GET /installHook.js.map HTTP/1.1" 404 7828(method=- path=-)
[INFO] 2025-08-23 06:59:21,248 django.server:213 - "GET /api/aircraft_roles/?aircraft_type_id=202500005 HTTP/1.1" 200 61(method=- path=-)
[INFO] 2025-08-23 06:59:21,260 django.server:213 - "GET /api/lim_defr_def_logs/ HTTP/1.1" 200 903(method=- path=-)
[INFO] 2025-08-23 06:59:21,379 django.server:213 - "GET /api/items/?store_type_id=202500005 HTTP/1.1" 200 1325187(method=- path=-)
[INFO] 2025-08-23 06:59:46,452 django.server:213 - "POST /api/lim_defr_def_logs/ HTTP/1.1" 201 455(method=- path=-)
[INFO] 2025-08-23 07:00:38,278 django.server:213 - "GET /user-profile/ HTTP/1.1" 200 180(method=- path=-)
[INFO] 2025-08-23 07:00:38,285 django.server:213 - "GET /api/params/get/ HTTP/1.1" 200 76(method=- path=-)
[INFO] 2025-08-23 07:00:38,298 django.server:213 - "GET /user-profile/ HTTP/1.1" 200 180(method=- path=-)
[INFO] 2025-08-23 07:00:38,307 django.server:213 - "GET /api/params/get/ HTTP/1.1" 200 76(method=- path=-)
[INFO] 2025-08-23 07:00:38,487 django.server:213 - "GET /api/aircraft_masters/201710168/?include=aircraft_type HTTP/1.1" 200 829(method=- path=-)
[INFO] 2025-08-23 07:00:38,552 django.server:213 - "GET /api/systems/?aircraft_type_id=202500005 HTTP/1.1" 200 684(method=- path=-)
[WARNING] 2025-08-23 07:00:38,609 django.server:213 - "GET /installHook.js.map HTTP/1.1" 404 7828(method=- path=-)
[INFO] 2025-08-23 07:00:38,623 django.server:213 - "GET /api/items/?store_type_id=202500005 HTTP/1.1" 200 1325187(method=- path=-)
[INFO] 2025-08-23 07:00:38,627 django.server:213 - "GET /api/aircraft_masters/201710168/?include=aircraft_type HTTP/1.1" 200 829(method=- path=-)
[INFO] 2025-08-23 07:00:38,632 django.server:213 - "GET /api/aircraft_roles/?aircraft_type_id=202500005 HTTP/1.1" 200 61(method=- path=-)
[INFO] 2025-08-23 07:00:38,662 django.server:213 - "GET /api/systems/?aircraft_type_id=202500005 HTTP/1.1" 200 684(method=- path=-)
[INFO] 2025-08-23 07:00:38,666 django.server:213 - "GET /api/lim_defr_def_logs/ HTTP/1.1" 200 1359(method=- path=-)
[INFO] 2025-08-23 07:00:38,846 django.server:213 - "GET /api/lim_defr_def_logs/ HTTP/1.1" 200 1359(method=- path=-)
[INFO] 2025-08-23 07:00:38,854 django.server:213 - "GET /api/items/?store_type_id=202500005 HTTP/1.1" 200 1325187(method=- path=-)
[INFO] 2025-08-23 07:00:38,858 django.server:213 - "GET /api/aircraft_roles/?aircraft_type_id=202500005 HTTP/1.1" 200 61(method=- path=-)
[INFO] 2025-08-23 07:01:43,120 django.server:213 - "GET /user-profile/ HTTP/1.1" 200 180(method=- path=-)
[INFO] 2025-08-23 07:01:43,126 django.server:213 - "GET /user-profile/ HTTP/1.1" 200 180(method=- path=-)
[INFO] 2025-08-23 07:01:43,149 django.server:213 - "GET /api/params/get/ HTTP/1.1" 200 76(method=- path=-)
[INFO] 2025-08-23 07:01:43,163 django.server:213 - "GET /api/params/get/ HTTP/1.1" 200 76(method=- path=-)
[WARNING] 2025-08-23 07:01:43,257 django.server:213 - "GET /installHook.js.map HTTP/1.1" 404 7828(method=- path=-)
[INFO] 2025-08-23 07:01:43,340 django.server:213 - "GET /api/aircraft_masters/201710168/?include=aircraft_type HTTP/1.1" 200 829(method=- path=-)
[INFO] 2025-08-23 07:01:43,365 django.server:213 - "GET /api/systems/?aircraft_type_id=202500005 HTTP/1.1" 200 684(method=- path=-)
[INFO] 2025-08-23 07:01:43,459 django.server:213 - "GET /api/aircraft_roles/?aircraft_type_id=202500005 HTTP/1.1" 200 61(method=- path=-)
[INFO] 2025-08-23 07:01:43,460 django.server:213 - "GET /api/lim_defr_def_logs/ HTTP/1.1" 200 1359(method=- path=-)
[INFO] 2025-08-23 07:01:43,516 django.server:213 - "GET /api/items/?store_type_id=202500005 HTTP/1.1" 200 1325187(method=- path=-)
[INFO] 2025-08-23 07:01:43,570 django.server:213 - "GET /api/aircraft_masters/201710168/?include=aircraft_type HTTP/1.1" 200 829(method=- path=-)
[INFO] 2025-08-23 07:01:43,616 django.server:213 - "GET /api/aircraft_roles/?aircraft_type_id=202500005 HTTP/1.1" 200 61(method=- path=-)
[INFO] 2025-08-23 07:01:43,620 django.server:213 - "GET /api/systems/?aircraft_type_id=202500005 HTTP/1.1" 200 684(method=- path=-)
[INFO] 2025-08-23 07:01:43,624 django.server:213 - "GET /api/lim_defr_def_logs/ HTTP/1.1" 200 1359(method=- path=-)
[INFO] 2025-08-23 07:01:43,868 django.server:213 - "GET /api/items/?store_type_id=202500005 HTTP/1.1" 200 1325187(method=- path=-)
[INFO] 2025-08-23 07:02:06,117 django.server:213 - "POST /api/lim_defr_def_logs/ HTTP/1.1" 201 457(method=- path=-)
[INFO] 2025-08-23 07:03:12,038 django.server:213 - "GET /user-profile/ HTTP/1.1" 200 180(method=- path=-)
[INFO] 2025-08-23 07:03:12,045 django.server:213 - "GET /api/params/get/ HTTP/1.1" 200 76(method=- path=-)
[INFO] 2025-08-23 07:03:12,058 django.server:213 - "GET /user-profile/ HTTP/1.1" 200 180(method=- path=-)
[INFO] 2025-08-23 07:03:12,066 django.server:213 - "GET /api/params/get/ HTTP/1.1" 200 76(method=- path=-)
[INFO] 2025-08-23 07:03:12,234 django.server:213 - "GET /api/aircraft_masters/201710168/?include=aircraft_type HTTP/1.1" 200 829(method=- path=-)
[INFO] 2025-08-23 07:03:12,311 django.server:213 - "GET /api/systems/?aircraft_type_id=202500005 HTTP/1.1" 200 684(method=- path=-)
[INFO] 2025-08-23 07:03:12,382 django.server:213 - "GET /api/lim_defr_def_logs/ HTTP/1.1" 200 1817(method=- path=-)
[INFO] 2025-08-23 07:03:12,386 django.server:213 - "GET /api/aircraft_masters/201710168/?include=aircraft_type HTTP/1.1" 200 829(method=- path=-)
[INFO] 2025-08-23 07:03:12,390 django.server:213 - "GET /api/items/?store_type_id=202500005 HTTP/1.1" 200 1325187(method=- path=-)
[INFO] 2025-08-23 07:03:12,393 django.server:213 - "GET /api/aircraft_roles/?aircraft_type_id=202500005 HTTP/1.1" 200 61(method=- path=-)
[INFO] 2025-08-23 07:03:12,401 django.server:213 - "GET /api/systems/?aircraft_type_id=202500005 HTTP/1.1" 200 684(method=- path=-)
[INFO] 2025-08-23 07:03:12,480 django.server:213 - "GET /api/lim_defr_def_logs/ HTTP/1.1" 200 1817(method=- path=-)
[WARNING] 2025-08-23 07:03:12,487 django.server:213 - "GET /installHook.js.map HTTP/1.1" 404 7828(method=- path=-)
[INFO] 2025-08-23 07:03:12,509 django.server:213 - "GET /api/aircraft_roles/?aircraft_type_id=202500005 HTTP/1.1" 200 61(method=- path=-)
[INFO] 2025-08-23 07:03:12,626 django.server:213 - "GET /api/items/?store_type_id=202500005 HTTP/1.1" 200 1325187(method=- path=-)
[INFO] 2025-08-23 07:03:30,057 django.server:213 - "POST /api/lim_defr_def_logs/ HTTP/1.1" 201 478(method=- path=-)
[INFO] 2025-08-23 07:04:23,360 django.server:213 - "GET /user-profile/ HTTP/1.1" 200 180(method=- path=-)
[INFO] 2025-08-23 07:04:23,377 django.server:213 - "GET /user-profile/ HTTP/1.1" 200 180(method=- path=-)
[INFO] 2025-08-23 07:04:23,388 django.server:213 - "GET /api/params/get/ HTTP/1.1" 200 76(method=- path=-)
[INFO] 2025-08-23 07:04:23,404 django.server:213 - "GET /api/params/get/ HTTP/1.1" 200 76(method=- path=-)
[WARNING] 2025-08-23 07:04:23,491 django.server:213 - "GET /installHook.js.map HTTP/1.1" 404 7828(method=- path=-)
[INFO] 2025-08-23 07:04:23,573 django.server:213 - "GET /api/aircraft_masters/201710168/?include=aircraft_type HTTP/1.1" 200 829(method=- path=-)
[INFO] 2025-08-23 07:04:23,599 django.server:213 - "GET /api/systems/?aircraft_type_id=202500005 HTTP/1.1" 200 684(method=- path=-)
[INFO] 2025-08-23 07:04:23,735 django.server:213 - "GET /api/aircraft_roles/?aircraft_type_id=202500005 HTTP/1.1" 200 61(method=- path=-)
[INFO] 2025-08-23 07:04:23,736 django.server:213 - "GET /api/lim_defr_def_logs/ HTTP/1.1" 200 2296(method=- path=-)
[INFO] 2025-08-23 07:04:23,739 django.server:213 - "GET /api/items/?store_type_id=202500005 HTTP/1.1" 200 1325187(method=- path=-)
[INFO] 2025-08-23 07:04:23,742 django.server:213 - "GET /api/aircraft_masters/201710168/?include=aircraft_type HTTP/1.1" 200 829(method=- path=-)
[INFO] 2025-08-23 07:04:23,750 django.server:213 - "GET /api/systems/?aircraft_type_id=202500005 HTTP/1.1" 200 684(method=- path=-)
[INFO] 2025-08-23 07:04:23,885 django.server:213 - "GET /api/lim_defr_def_logs/ HTTP/1.1" 200 2296(method=- path=-)
[INFO] 2025-08-23 07:04:23,996 django.server:213 - "GET /api/aircraft_roles/?aircraft_type_id=202500005 HTTP/1.1" 200 61(method=- path=-)
[INFO] 2025-08-23 07:04:24,001 django.server:213 - "GET /api/items/?store_type_id=202500005 HTTP/1.1" 200 1325187(method=- path=-)
[INFO] 2025-08-23 07:13:35,036 django.server:213 - "GET /api/systems/?aircraft_type_id=202500005 HTTP/1.1" 200 684(method=- path=-)
[INFO] 2025-08-23 07:13:35,066 django.server:213 - "GET /api/aircraft_roles/?aircraft_type_id=202500005 HTTP/1.1" 200 61(method=- path=-)
[INFO] 2025-08-23 07:13:35,135 django.server:213 - "GET /api/lim_defr_def_logs/ HTTP/1.1" 200 2296(method=- path=-)
[INFO] 2025-08-23 07:13:35,179 django.server:213 - "GET /api/items/?store_type_id=202500005 HTTP/1.1" 200 1325187(method=- path=-)
[INFO] 2025-08-23 07:13:35,773 django.server:213 - "GET /api/params/get/ HTTP/1.1" 200 76(method=- path=-)
[INFO] 2025-08-23 07:13:35,797 django.server:213 - "GET /user-profile/ HTTP/1.1" 200 180(method=- path=-)
[INFO] 2025-08-23 07:13:35,805 django.server:213 - "GET /user-profile/ HTTP/1.1" 200 180(method=- path=-)
[INFO] 2025-08-23 07:13:35,834 django.server:213 - "GET /api/params/get/ HTTP/1.1" 200 76(method=- path=-)
[INFO] 2025-08-23 07:13:35,972 django.server:213 - "GET /api/aircraft_masters/201710168/?include=aircraft_type HTTP/1.1" 200 829(method=- path=-)
[INFO] 2025-08-23 07:13:35,997 django.server:213 - "GET /api/systems/?aircraft_type_id=202500005 HTTP/1.1" 200 684(method=- path=-)
[WARNING] 2025-08-23 07:13:36,009 django.server:213 - "GET /installHook.js.map HTTP/1.1" 404 7828(method=- path=-)
[INFO] 2025-08-23 07:13:36,031 django.server:213 - "GET /api/aircraft_roles/?aircraft_type_id=202500005 HTTP/1.1" 200 61(method=- path=-)
[INFO] 2025-08-23 07:13:36,124 django.server:213 - "GET /api/lim_defr_def_logs/ HTTP/1.1" 200 2296(method=- path=-)
[INFO] 2025-08-23 07:13:36,139 django.server:213 - "GET /api/aircraft_masters/201710168/?include=aircraft_type HTTP/1.1" 200 829(method=- path=-)
[INFO] 2025-08-23 07:13:36,145 django.server:213 - "GET /api/items/?store_type_id=202500005 HTTP/1.1" 200 1325187(method=- path=-)
[INFO] 2025-08-23 07:13:36,156 django.server:213 - "GET /api/systems/?aircraft_type_id=202500005 HTTP/1.1" 200 684(method=- path=-)
[INFO] 2025-08-23 07:13:36,197 django.server:213 - "GET /api/aircraft_roles/?aircraft_type_id=202500005 HTTP/1.1" 200 61(method=- path=-)
[INFO] 2025-08-23 07:13:36,204 django.server:213 - "GET /api/lim_defr_def_logs/ HTTP/1.1" 200 2296(method=- path=-)
[INFO] 2025-08-23 07:13:36,347 django.server:213 - "GET /api/items/?store_type_id=202500005 HTTP/1.1" 200 1325187(method=- path=-)
[INFO] 2025-08-23 07:13:59,923 django.server:213 - "POST /api/lim_defr_def_logs/ HTTP/1.1" 201 473(method=- path=-)
[INFO] 2025-08-23 07:14:03,919 django.server:213 - "GET /user-profile/ HTTP/1.1" 200 180(method=- path=-)
[INFO] 2025-08-23 07:14:03,925 django.server:213 - "GET /api/params/get/ HTTP/1.1" 200 76(method=- path=-)
[INFO] 2025-08-23 07:14:03,934 django.server:213 - "GET /api/params/get/ HTTP/1.1" 200 76(method=- path=-)
[INFO] 2025-08-23 07:14:03,948 django.server:213 - "GET /user-profile/ HTTP/1.1" 200 180(method=- path=-)
[INFO] 2025-08-23 07:14:04,100 django.server:213 - "GET /api/aircraft_masters/201710168/?include=aircraft_type HTTP/1.1" 200 829(method=- path=-)
[INFO] 2025-08-23 07:14:04,154 django.server:213 - "GET /api/systems/?aircraft_type_id=202500005 HTTP/1.1" 200 684(method=- path=-)
[INFO] 2025-08-23 07:14:04,213 django.server:213 - "GET /api/aircraft_roles/?aircraft_type_id=202500005 HTTP/1.1" 200 61(method=- path=-)
[WARNING] 2025-08-23 07:14:04,265 django.server:213 - "GET /installHook.js.map HTTP/1.1" 404 7828(method=- path=-)
[INFO] 2025-08-23 07:14:04,268 django.server:213 - "GET /api/lim_defr_def_logs/ HTTP/1.1" 200 2770(method=- path=-)
[INFO] 2025-08-23 07:14:04,272 django.server:213 - "GET /api/aircraft_masters/201710168/?include=aircraft_type HTTP/1.1" 200 829(method=- path=-)
[INFO] 2025-08-23 07:14:04,276 django.server:213 - "GET /api/items/?store_type_id=202500005 HTTP/1.1" 200 1325187(method=- path=-)
[INFO] 2025-08-23 07:14:04,279 django.server:213 - "GET /api/systems/?aircraft_type_id=202500005 HTTP/1.1" 200 684(method=- path=-)
[INFO] 2025-08-23 07:14:04,379 django.server:213 - "GET /api/lim_defr_def_logs/ HTTP/1.1" 200 2770(method=- path=-)
[INFO] 2025-08-23 07:14:04,446 django.server:213 - "GET /api/aircraft_roles/?aircraft_type_id=202500005 HTTP/1.1" 200 61(method=- path=-)
[INFO] 2025-08-23 07:14:04,491 django.server:213 - "GET /api/items/?store_type_id=202500005 HTTP/1.1" 200 1325187(method=- path=-)
[INFO] 2025-08-23 07:15:09,375 django.server:213 - "GET /user-profile/ HTTP/1.1" 200 180(method=- path=-)
[INFO] 2025-08-23 07:15:09,384 django.server:213 - "GET /user-profile/ HTTP/1.1" 200 180(method=- path=-)
[INFO] 2025-08-23 07:15:09,390 django.server:213 - "GET /api/params/get/ HTTP/1.1" 200 76(method=- path=-)
[INFO] 2025-08-23 07:15:09,398 django.server:213 - "GET /api/params/get/ HTTP/1.1" 200 76(method=- path=-)
[INFO] 2025-08-23 07:15:09,569 django.server:213 - "GET /api/aircraft_masters/201710168/?include=aircraft_type HTTP/1.1" 200 829(method=- path=-)
[INFO] 2025-08-23 07:15:09,615 django.server:213 - "GET /api/systems/?aircraft_type_id=202500005 HTTP/1.1" 200 684(method=- path=-)
[INFO] 2025-08-23 07:15:09,709 django.server:213 - "GET /api/aircraft_roles/?aircraft_type_id=202500005 HTTP/1.1" 200 61(method=- path=-)
[INFO] 2025-08-23 07:15:09,746 django.server:213 - "GET /api/lim_defr_def_logs/ HTTP/1.1" 200 2770(method=- path=-)
[WARNING] 2025-08-23 07:15:09,762 django.server:213 - "GET /installHook.js.map HTTP/1.1" 404 7828(method=- path=-)
[INFO] 2025-08-23 07:15:09,770 django.server:213 - "GET /api/items/?store_type_id=202500005 HTTP/1.1" 200 1325187(method=- path=-)
[INFO] 2025-08-23 07:15:09,803 django.server:213 - "GET /api/aircraft_masters/201710168/?include=aircraft_type HTTP/1.1" 200 829(method=- path=-)
[INFO] 2025-08-23 07:15:09,815 django.server:213 - "GET /api/aircraft_roles/?aircraft_type_id=202500005 HTTP/1.1" 200 61(method=- path=-)
[INFO] 2025-08-23 07:15:09,861 django.server:213 - "GET /api/lim_defr_def_logs/ HTTP/1.1" 200 2770(method=- path=-)
[INFO] 2025-08-23 07:15:09,866 django.server:213 - "GET /api/systems/?aircraft_type_id=202500005 HTTP/1.1" 200 684(method=- path=-)
[INFO] 2025-08-23 07:15:10,072 django.server:213 - "GET /api/items/?store_type_id=202500005 HTTP/1.1" 200 1325187(method=- path=-)
[INFO] 2025-08-23 08:33:14,983 django.server:213 - "GET /api/leadingParticularsOfAircraft/201710168 HTTP/1.1" 301 0(method=- path=-)
[INFO] 2025-08-23 08:33:15,189 django.server:213 - "GET /api/leadingParticularsOfAircraft/201710168/ HTTP/1.1" 200 2557(method=- path=-)
[INFO] 2025-08-23 08:34:08,201 django.server:213 - "GET /api/systems/?aircraft_type_id=202500005 HTTP/1.1" 200 684(method=- path=-)
[INFO] 2025-08-23 08:34:08,215 django.server:213 - "GET /api/aircraft_roles/?aircraft_type_id=202500005 HTTP/1.1" 200 61(method=- path=-)
[INFO] 2025-08-23 08:34:08,285 django.server:213 - "GET /api/systems/?aircraft_type_id=202500005 HTTP/1.1" 200 684(method=- path=-)
[INFO] 2025-08-23 08:34:08,334 django.server:213 - "GET /api/aircraft_roles/?aircraft_type_id=202500005 HTTP/1.1" 200 61(method=- path=-)
[INFO] 2025-08-23 08:34:08,406 django.server:213 - "GET /api/lim_defr_def_logs/ HTTP/1.1" 200 2770(method=- path=-)
[INFO] 2025-08-23 08:34:08,428 django.server:213 - "GET /api/items/?store_type_id=202500005 HTTP/1.1" 200 1325187(method=- path=-)
[INFO] 2025-08-23 08:34:08,603 django.server:213 - "GET /api/items/?store_type_id=202500005 HTTP/1.1" 200 1325187(method=- path=-)
[INFO] 2025-08-23 08:34:08,610 django.server:213 - "GET /api/lim_defr_def_logs/ HTTP/1.1" 200 2770(method=- path=-)
[ERROR] 2025-08-23 09:45:28,053 django.db.backends:35 - SQL queries executed for GET /api/aircraft/764/:(method=- path=-)
[ERROR] 2025-08-23 09:45:28,053 django.db.backends:39 -   (0.003) SELECT "django_session"."session_key", "django_session"."session_data", "django_session"."expire_date" FROM "django_session" WHERE ("django_session"."expire_date" > '2025-08-23T09:45:27.967583+00:00'::timestamptz AND "django_session"."session_key" = 'pct1e61y4zc6h69njt783fxxx811tvej') LIMIT 21(method=- path=-)
[WARNING] 2025-08-23 09:45:28,059 django.server:213 - "GET /api/aircraft/764/ HTTP/1.1" 404 27(method=- path=-)
[ERROR] 2025-08-23 09:45:28,071 django.db.backends:35 - SQL queries executed for GET /api/aircraft/764/:(method=- path=-)
[ERROR] 2025-08-23 09:45:28,072 django.db.backends:39 -   (0.002) SELECT "django_session"."session_key", "django_session"."session_data", "django_session"."expire_date" FROM "django_session" WHERE ("django_session"."expire_date" > '2025-08-23T09:45:27.969335+00:00'::timestamptz AND "django_session"."session_key" = 'pct1e61y4zc6h69njt783fxxx811tvej') LIMIT 21(method=- path=-)
[WARNING] 2025-08-23 09:45:28,074 django.server:213 - "GET /api/aircraft/764/ HTTP/1.1" 404 27(method=- path=-)
[INFO] 2025-08-23 09:45:33,456 django.server:213 - "GET /api/aircraft_masters/ HTTP/1.1" 200 214322(method=- path=-)
[INFO] 2025-08-23 09:45:33,543 django.server:213 - "GET /api/aircraft_masters/ HTTP/1.1" 200 214322(method=- path=-)
[INFO] 2025-08-23 10:09:28,673 django.server:213 - "GET /api/systems/?aircraft_type_id=202500005 HTTP/1.1" 200 684(method=- path=-)
[INFO] 2025-08-23 10:09:28,761 django.server:213 - "GET /api/aircraft_roles/?aircraft_type_id=202500005 HTTP/1.1" 200 61(method=- path=-)
[INFO] 2025-08-23 10:09:28,815 django.server:213 - "GET /api/lim_defr_def_logs/ HTTP/1.1" 200 2770(method=- path=-)
[INFO] 2025-08-23 10:09:28,830 django.server:213 - "GET /api/items/?store_type_id=202500005 HTTP/1.1" 200 1325187(method=- path=-)
[INFO] 2025-08-23 10:09:28,872 django.server:213 - "GET /api/aircraft_roles/?aircraft_type_id=202500005 HTTP/1.1" 200 61(method=- path=-)
[INFO] 2025-08-23 10:09:28,879 django.server:213 - "GET /api/systems/?aircraft_type_id=202500005 HTTP/1.1" 200 684(method=- path=-)
[INFO] 2025-08-23 10:09:28,909 django.server:213 - "GET /api/lim_defr_def_logs/ HTTP/1.1" 200 2770(method=- path=-)
[INFO] 2025-08-23 10:09:28,991 django.server:213 - "GET /api/items/?store_type_id=202500005 HTTP/1.1" 200 1325187(method=- path=-)
[INFO] 2025-08-23 10:13:05,580 django.server:213 - "POST /api/lim_defr_def_logs/ HTTP/1.1" 201 475(method=- path=-)
[INFO] 2025-08-23 10:13:08,716 django.server:213 - "GET /user-profile/ HTTP/1.1" 200 180(method=- path=-)
[INFO] 2025-08-23 10:13:08,734 django.server:213 - "GET /api/params/get/ HTTP/1.1" 200 76(method=- path=-)
[INFO] 2025-08-23 10:13:08,753 django.server:213 - "GET /user-profile/ HTTP/1.1" 200 180(method=- path=-)
[INFO] 2025-08-23 10:13:08,762 django.server:213 - "GET /api/params/get/ HTTP/1.1" 200 76(method=- path=-)
[INFO] 2025-08-23 10:13:08,874 django.server:213 - "GET /api/aircraft_masters/201710168/?include=aircraft_type HTTP/1.1" 200 829(method=- path=-)
[INFO] 2025-08-23 10:13:08,919 django.server:213 - "GET /api/systems/?aircraft_type_id=202500005 HTTP/1.1" 200 684(method=- path=-)
[INFO] 2025-08-23 10:13:09,018 django.server:213 - "GET /api/aircraft_roles/?aircraft_type_id=202500005 HTTP/1.1" 200 61(method=- path=-)
[INFO] 2025-08-23 10:13:09,019 django.server:213 - "GET /api/lim_defr_def_logs/ HTTP/1.1" 200 3246(method=- path=-)
[INFO] 2025-08-23 10:13:09,038 django.server:213 - "GET /api/items/?store_type_id=202500005 HTTP/1.1" 200 1325187(method=- path=-)
[INFO] 2025-08-23 10:13:09,067 django.server:213 - "GET /api/aircraft_masters/201710168/?include=aircraft_type HTTP/1.1" 200 829(method=- path=-)
[INFO] 2025-08-23 10:13:09,103 django.server:213 - "GET /api/systems/?aircraft_type_id=202500005 HTTP/1.1" 200 684(method=- path=-)
[INFO] 2025-08-23 10:13:09,142 django.server:213 - "GET /api/aircraft_roles/?aircraft_type_id=202500005 HTTP/1.1" 200 61(method=- path=-)
[INFO] 2025-08-23 10:13:09,155 django.server:213 - "GET /api/lim_defr_def_logs/ HTTP/1.1" 200 3246(method=- path=-)
[INFO] 2025-08-23 10:13:09,309 django.server:213 - "GET /api/items/?store_type_id=202500005 HTTP/1.1" 200 1325187(method=- path=-)
[INFO] 2025-08-25 03:09:30,574 django.utils.autoreload:667 - Watching for file changes with StatReloader(method=- path=-)
[WARNING] 2025-08-25 03:09:40,024 django.server:213 - "GET /user-profile/ HTTP/1.1" 401 46(method=- path=-)
[WARNING] 2025-08-25 03:09:40,046 django.server:213 - "GET /user-profile/ HTTP/1.1" 401 46(method=- path=-)
[INFO] 2025-08-25 03:09:40,860 django.server:213 - "GET /api/params/get/ HTTP/1.1" 200 14(method=- path=-)
[INFO] 2025-08-25 03:09:40,860 django.server:213 - "GET /api/params/get/ HTTP/1.1" 200 14(method=- path=-)
[WARNING] 2025-08-25 03:09:40,867 django.server:213 - "GET /favicon.ico HTTP/1.1" 404 7807(method=- path=-)
[WARNING] 2025-08-25 03:09:40,867 django.server:213 - "GET /logo192.png HTTP/1.1" 404 7807(method=- path=-)
[INFO] 2025-08-25 03:09:55,010 django.server:213 - "GET /csrf/ HTTP/1.1" 200 47(method=- path=-)
[INFO] 2025-08-25 03:09:55,012 django.server:213 - "GET /csrf/ HTTP/1.1" 200 47(method=- path=-)
[INFO] 2025-08-25 03:10:04,038 django.server:213 - "OPTIONS /login/ HTTP/1.1" 200 0(method=- path=-)
[INFO] 2025-08-25 03:10:04,370 django.server:213 - "POST /login/ HTTP/1.1" 200 180(method=- path=-)
[INFO] 2025-08-25 03:10:04,491 django.server:213 - "GET /api/aircraft-type-details HTTP/1.1" 200 4335(method=- path=-)
[INFO] 2025-08-25 03:10:04,513 django.server:213 - "GET /api/aircraft-type-details HTTP/1.1" 200 4335(method=- path=-)
[INFO] 2025-08-25 03:10:04,784 django.server:213 - "GET /api/aircraft_masters/?include=aircraft_type HTTP/1.1" 200 285542(method=- path=-)
[INFO] 2025-08-25 03:10:05,312 django.server:213 - "GET /api/aircraft_masters/?include=aircraft_type HTTP/1.1" 200 285542(method=- path=-)
[INFO] 2025-08-25 03:10:07,885 django.server:213 - "GET /api/aircraft-details/202500008 HTTP/1.1" 200 11092(method=- path=-)
[INFO] 2025-08-25 03:10:11,174 django.server:213 - "POST /api/params/set/ HTTP/1.1" 200 95(method=- path=-)
[INFO] 2025-08-25 03:11:21,747 django.utils.autoreload:265 - /home/dev11/Videos/e700/backend/userprofile/models/lim_defr_def_logs.py changed, reloading.(method=- path=-)
[INFO] 2025-08-25 03:11:22,067 django.utils.autoreload:667 - Watching for file changes with StatReloader(method=- path=-)
[INFO] 2025-08-25 03:11:24,620 django.server:213 - "GET /api/systems/?aircraft_type_id=202500008 HTTP/1.1" 200 1430(method=- path=-)
[INFO] 2025-08-25 03:11:24,672 django.server:213 - "GET /api/aircraft_roles/?aircraft_type_id=202500008 HTTP/1.1" 200 57(method=- path=-)
[INFO] 2025-08-25 03:11:24,684 django.server:213 - "GET /api/items/?store_type_id=202500008 HTTP/1.1" 200 2(method=- path=-)
[INFO] 2025-08-25 03:11:24,712 django.server:213 - "GET /api/lim_defr_def_logs/ HTTP/1.1" 200 3246(method=- path=-)
[INFO] 2025-08-25 03:11:24,756 django.server:213 - "GET /api/systems/?aircraft_type_id=202500008 HTTP/1.1" 200 1430(method=- path=-)
[INFO] 2025-08-25 03:11:24,791 django.server:213 - "GET /api/items/?store_type_id=202500008 HTTP/1.1" 200 2(method=- path=-)
[INFO] 2025-08-25 03:11:24,831 django.server:213 - "GET /api/lim_defr_def_logs/ HTTP/1.1" 200 3246(method=- path=-)
[INFO] 2025-08-25 03:11:24,842 django.server:213 - "GET /api/aircraft_roles/?aircraft_type_id=202500008 HTTP/1.1" 200 57(method=- path=-)
[INFO] 2025-08-25 03:12:25,554 django.server:213 - "GET /api/systems/?aircraft_type_id=202500008 HTTP/1.1" 200 1430(method=- path=-)
[INFO] 2025-08-25 03:12:25,602 django.server:213 - "GET /api/aircraft_roles/?aircraft_type_id=202500008 HTTP/1.1" 200 57(method=- path=-)
[INFO] 2025-08-25 03:12:25,619 django.server:213 - "GET /api/lim_defr_def_logs/ HTTP/1.1" 200 3246(method=- path=-)
[INFO] 2025-08-25 03:12:25,637 django.server:213 - "GET /api/items/?store_type_id=202500008 HTTP/1.1" 200 2(method=- path=-)
[INFO] 2025-08-25 03:12:25,677 django.server:213 - "GET /api/aircraft_roles/?aircraft_type_id=202500008 HTTP/1.1" 200 57(method=- path=-)
[INFO] 2025-08-25 03:12:25,717 django.server:213 - "GET /api/lim_defr_def_logs/ HTTP/1.1" 200 3246(method=- path=-)
[INFO] 2025-08-25 03:12:25,735 django.server:213 - "GET /api/items/?store_type_id=202500008 HTTP/1.1" 200 2(method=- path=-)
[INFO] 2025-08-25 03:12:25,741 django.server:213 - "GET /api/systems/?aircraft_type_id=202500008 HTTP/1.1" 200 1430(method=- path=-)
[INFO] 2025-08-25 03:16:17,466 django.utils.autoreload:667 - Watching for file changes with StatReloader(method=- path=-)
[INFO] 2025-08-25 03:17:21,929 django.utils.autoreload:265 - /home/dev11/Videos/e700/backend/userprofile/models/__init__.py changed, reloading.(method=- path=-)
[INFO] 2025-08-25 03:23:32,707 django.utils.autoreload:667 - Watching for file changes with StatReloader(method=- path=-)
[INFO] 2025-08-25 03:25:11,129 django.server:213 - "GET /user-profile/ HTTP/1.1" 200 180(method=- path=-)
[INFO] 2025-08-25 03:25:11,141 django.server:213 - "GET /user-profile/ HTTP/1.1" 200 180(method=- path=-)
[INFO] 2025-08-25 03:25:11,147 django.server:213 - "GET /api/params/get/ HTTP/1.1" 200 76(method=- path=-)
[INFO] 2025-08-25 03:25:11,162 django.server:213 - "GET /api/params/get/ HTTP/1.1" 200 76(method=- path=-)
[INFO] 2025-08-25 03:25:11,378 django.server:213 - "GET /api/aircraft_masters/201710309/?include=aircraft_type HTTP/1.1" 200 765(method=- path=-)
[INFO] 2025-08-25 03:25:11,461 django.server:213 - "GET /api/aircraft_masters/201710309/?include=aircraft_type HTTP/1.1" 200 765(method=- path=-)
[INFO] 2025-08-25 03:25:13,630 django.server:213 - "GET /user-profile/ HTTP/1.1" 200 180(method=- path=-)
[INFO] 2025-08-25 03:25:13,645 django.server:213 - "GET /api/params/get/ HTTP/1.1" 200 76(method=- path=-)
[INFO] 2025-08-25 03:25:13,650 django.server:213 - "GET /user-profile/ HTTP/1.1" 200 180(method=- path=-)
[INFO] 2025-08-25 03:25:13,657 django.server:213 - "GET /api/params/get/ HTTP/1.1" 200 76(method=- path=-)
[INFO] 2025-08-25 03:25:13,857 django.server:213 - "GET /api/aircraft_masters/201710309/?include=aircraft_type HTTP/1.1" 200 765(method=- path=-)
[INFO] 2025-08-25 03:25:13,938 django.server:213 - "GET /api/aircraft_masters/201710309/?include=aircraft_type HTTP/1.1" 200 765(method=- path=-)
[INFO] 2025-08-25 03:25:17,676 django.server:213 - "GET /api/systems/?aircraft_type_id=202500008 HTTP/1.1" 200 1430(method=- path=-)
[INFO] 2025-08-25 03:25:17,704 django.server:213 - "GET /api/aircraft_roles/?aircraft_type_id=202500008 HTTP/1.1" 200 57(method=- path=-)
[INFO] 2025-08-25 03:25:17,716 django.server:213 - "GET /api/items/?store_type_id=202500008 HTTP/1.1" 200 2(method=- path=-)
[INFO] 2025-08-25 03:25:17,744 django.server:213 - "GET /api/lim_defr_def_logs/ HTTP/1.1" 200 3246(method=- path=-)
[INFO] 2025-08-25 03:25:17,763 django.server:213 - "GET /api/systems/?aircraft_type_id=202500008 HTTP/1.1" 200 1430(method=- path=-)
[INFO] 2025-08-25 03:25:17,795 django.server:213 - "GET /api/items/?store_type_id=202500008 HTTP/1.1" 200 2(method=- path=-)
[INFO] 2025-08-25 03:25:17,832 django.server:213 - "GET /api/lim_defr_def_logs/ HTTP/1.1" 200 3246(method=- path=-)
[INFO] 2025-08-25 03:25:17,882 django.server:213 - "GET /api/aircraft_roles/?aircraft_type_id=202500008 HTTP/1.1" 200 57(method=- path=-)
[ERROR] 2025-08-25 03:25:24,566 django.request:248 - Internal Server Error: /api/how_found_defects/(method=- path=-)
Traceback (most recent call last):
  File "/home/dev11/Videos/e700/backend/venv/lib/python3.12/site-packages/django/db/backends/utils.py", line 105, in _execute
    return self.cursor.execute(sql, params)
           ^^^^^^^^^^^^^^^^^^^^^^^^^^^^^^^^
psycopg2.errors.UndefinedColumn: column how_found_defects.occation does not exist
LINE 1: SELECT "how_found_defects"."id", "how_found_defects"."occati...
                                         ^
HINT:  Perhaps you meant to reference the column "how_found_defects.occasion".


The above exception was the direct cause of the following exception:

Traceback (most recent call last):
  File "/home/dev11/Videos/e700/backend/venv/lib/python3.12/site-packages/django/core/handlers/exception.py", line 55, in inner
    response = get_response(request)
               ^^^^^^^^^^^^^^^^^^^^^
  File "/home/dev11/Videos/e700/backend/venv/lib/python3.12/site-packages/django/core/handlers/base.py", line 197, in _get_response
    response = wrapped_callback(request, *callback_args, **callback_kwargs)
               ^^^^^^^^^^^^^^^^^^^^^^^^^^^^^^^^^^^^^^^^^^^^^^^^^^^^^^^^^^^^
  File "/home/dev11/Videos/e700/backend/venv/lib/python3.12/site-packages/django/views/decorators/csrf.py", line 65, in _view_wrapper
    return view_func(request, *args, **kwargs)
           ^^^^^^^^^^^^^^^^^^^^^^^^^^^^^^^^^^^
  File "/home/dev11/Videos/e700/backend/venv/lib/python3.12/site-packages/rest_framework/viewsets.py", line 125, in view
    return self.dispatch(request, *args, **kwargs)
           ^^^^^^^^^^^^^^^^^^^^^^^^^^^^^^^^^^^^^^^
  File "/home/dev11/Videos/e700/backend/venv/lib/python3.12/site-packages/rest_framework/views.py", line 515, in dispatch
    response = self.handle_exception(exc)
               ^^^^^^^^^^^^^^^^^^^^^^^^^^
  File "/home/dev11/Videos/e700/backend/venv/lib/python3.12/site-packages/rest_framework/views.py", line 475, in handle_exception
    self.raise_uncaught_exception(exc)
  File "/home/dev11/Videos/e700/backend/venv/lib/python3.12/site-packages/rest_framework/views.py", line 486, in raise_uncaught_exception
    raise exc
  File "/home/dev11/Videos/e700/backend/venv/lib/python3.12/site-packages/rest_framework/views.py", line 512, in dispatch
    response = handler(request, *args, **kwargs)
               ^^^^^^^^^^^^^^^^^^^^^^^^^^^^^^^^^
  File "/home/dev11/Videos/e700/backend/userprofile/views.py", line 190, in list
    return Response(serializer.data)
                    ^^^^^^^^^^^^^^^
  File "/home/dev11/Videos/e700/backend/venv/lib/python3.12/site-packages/rest_framework/serializers.py", line 797, in data
    ret = super().data
          ^^^^^^^^^^^^
  File "/home/dev11/Videos/e700/backend/venv/lib/python3.12/site-packages/rest_framework/serializers.py", line 251, in data
    self._data = self.to_representation(self.instance)
                 ^^^^^^^^^^^^^^^^^^^^^^^^^^^^^^^^^^^^^
  File "/home/dev11/Videos/e700/backend/venv/lib/python3.12/site-packages/rest_framework/serializers.py", line 715, in to_representation
    return [
           ^
  File "/home/dev11/Videos/e700/backend/venv/lib/python3.12/site-packages/django/db/models/query.py", line 384, in __iter__
    self._fetch_all()
  File "/home/dev11/Videos/e700/backend/venv/lib/python3.12/site-packages/django/db/models/query.py", line 1945, in _fetch_all
    self._result_cache = list(self._iterable_class(self))
                         ^^^^^^^^^^^^^^^^^^^^^^^^^^^^^^^^
  File "/home/dev11/Videos/e700/backend/venv/lib/python3.12/site-packages/django/db/models/query.py", line 91, in __iter__
    results = compiler.execute_sql(
              ^^^^^^^^^^^^^^^^^^^^^
  File "/home/dev11/Videos/e700/backend/venv/lib/python3.12/site-packages/django/db/models/sql/compiler.py", line 1623, in execute_sql
    cursor.execute(sql, params)
  File "/home/dev11/Videos/e700/backend/venv/lib/python3.12/site-packages/django/db/backends/utils.py", line 122, in execute
    return super().execute(sql, params)
           ^^^^^^^^^^^^^^^^^^^^^^^^^^^^
  File "/home/dev11/Videos/e700/backend/venv/lib/python3.12/site-packages/django/db/backends/utils.py", line 79, in execute
    return self._execute_with_wrappers(
           ^^^^^^^^^^^^^^^^^^^^^^^^^^^^
  File "/home/dev11/Videos/e700/backend/venv/lib/python3.12/site-packages/django/db/backends/utils.py", line 92, in _execute_with_wrappers
    return executor(sql, params, many, context)
           ^^^^^^^^^^^^^^^^^^^^^^^^^^^^^^^^^^^^
  File "/home/dev11/Videos/e700/backend/venv/lib/python3.12/site-packages/django/db/backends/utils.py", line 100, in _execute
    with self.db.wrap_database_errors:
  File "/home/dev11/Videos/e700/backend/venv/lib/python3.12/site-packages/django/db/utils.py", line 91, in __exit__
    raise dj_exc_value.with_traceback(traceback) from exc_value
  File "/home/dev11/Videos/e700/backend/venv/lib/python3.12/site-packages/django/db/backends/utils.py", line 105, in _execute
    return self.cursor.execute(sql, params)
           ^^^^^^^^^^^^^^^^^^^^^^^^^^^^^^^^
django.db.utils.ProgrammingError: column how_found_defects.occation does not exist
LINE 1: SELECT "how_found_defects"."id", "how_found_defects"."occati...
                                         ^
HINT:  Perhaps you meant to reference the column "how_found_defects.occasion".

[ERROR] 2025-08-25 03:25:24,570 django.db.backends:35 - SQL queries executed for GET /api/how_found_defects/:(method=- path=-)
[ERROR] 2025-08-25 03:25:24,571 django.db.backends:39 -   (0.003) SELECT "django_session"."session_key", "django_session"."session_data", "django_session"."expire_date" FROM "django_session" WHERE ("django_session"."expire_date" > '2025-08-25T03:25:24.441212+00:00'::timestamptz AND "django_session"."session_key" = 'jul8i08wix7zefv61pzmq1i71k00gydk') LIMIT 21(method=- path=-)
[ERROR] 2025-08-25 03:25:24,571 django.db.backends:39 -   (0.001) SELECT "how_found_defects"."id", "how_found_defects"."occation", "how_found_defects"."user_type" FROM "how_found_defects"(method=- path=-)
[ERROR] 2025-08-25 03:25:24,571 django.db.backends:39 -   (0.000) SELECT "how_found_defects"."id", "how_found_defects"."occation", "how_found_defects"."user_type" FROM "how_found_defects" LIMIT 21(method=- path=-)
[ERROR] 2025-08-25 03:25:24,571 django.db.backends:39 -   (0.000) SELECT "how_found_defects"."id", "how_found_defects"."occation", "how_found_defects"."user_type" FROM "how_found_defects" LIMIT 21(method=- path=-)
[ERROR] 2025-08-25 03:25:24,571 django.db.backends:39 -   (0.000) SELECT "how_found_defects"."id", "how_found_defects"."occation", "how_found_defects"."user_type" FROM "how_found_defects" LIMIT 21(method=- path=-)
[ERROR] 2025-08-25 03:25:24,571 django.db.backends:39 -   (0.000) SELECT "how_found_defects"."id", "how_found_defects"."occation", "how_found_defects"."user_type" FROM "how_found_defects" LIMIT 21(method=- path=-)
[ERROR] 2025-08-25 03:25:24,571 django.db.backends:39 -   (0.000) SELECT "how_found_defects"."id", "how_found_defects"."occation", "how_found_defects"."user_type" FROM "how_found_defects" LIMIT 21(method=- path=-)
[ERROR] 2025-08-25 03:25:24,571 django.db.backends:39 -   (0.000) SELECT "how_found_defects"."id", "how_found_defects"."occation", "how_found_defects"."user_type" FROM "how_found_defects" LIMIT 21(method=- path=-)
[ERROR] 2025-08-25 03:25:24,571 django.db.backends:39 -   (0.000) SELECT "how_found_defects"."id", "how_found_defects"."occation", "how_found_defects"."user_type" FROM "how_found_defects" LIMIT 21(method=- path=-)
[ERROR] 2025-08-25 03:25:24,571 django.db.backends:39 -   (0.003) SELECT "how_found_defects"."id", "how_found_defects"."occation", "how_found_defects"."user_type" FROM "how_found_defects" LIMIT 21(method=- path=-)
[ERROR] 2025-08-25 03:25:24,571 django.db.backends:39 -   (0.001) SELECT "how_found_defects"."id", "how_found_defects"."occation", "how_found_defects"."user_type" FROM "how_found_defects" LIMIT 21(method=- path=-)
[ERROR] 2025-08-25 03:25:24,571 django.db.backends:39 -   (0.000) SELECT "how_found_defects"."id", "how_found_defects"."occation", "how_found_defects"."user_type" FROM "how_found_defects" LIMIT 21(method=- path=-)
[ERROR] 2025-08-25 03:25:24,571 django.server:213 - "GET /api/how_found_defects/ HTTP/1.1" 500 170201(method=- path=-)
[ERROR] 2025-08-25 03:25:24,586 django.request:248 - Internal Server Error: /api/entry_types/(method=- path=-)
Traceback (most recent call last):
  File "/home/dev11/Videos/e700/backend/venv/lib/python3.12/site-packages/django/db/backends/utils.py", line 105, in _execute
    return self.cursor.execute(sql, params)
           ^^^^^^^^^^^^^^^^^^^^^^^^^^^^^^^^
psycopg2.errors.UndefinedColumn: column entry_types.occation does not exist
LINE 1: SELECT "entry_types"."id", "entry_types"."occation" FROM "en...
                                   ^
HINT:  Perhaps you meant to reference the column "entry_types.occasion".


The above exception was the direct cause of the following exception:

Traceback (most recent call last):
  File "/home/dev11/Videos/e700/backend/venv/lib/python3.12/site-packages/django/core/handlers/exception.py", line 55, in inner
    response = get_response(request)
               ^^^^^^^^^^^^^^^^^^^^^
  File "/home/dev11/Videos/e700/backend/venv/lib/python3.12/site-packages/django/core/handlers/base.py", line 197, in _get_response
    response = wrapped_callback(request, *callback_args, **callback_kwargs)
               ^^^^^^^^^^^^^^^^^^^^^^^^^^^^^^^^^^^^^^^^^^^^^^^^^^^^^^^^^^^^
  File "/home/dev11/Videos/e700/backend/venv/lib/python3.12/site-packages/django/views/decorators/csrf.py", line 65, in _view_wrapper
    return view_func(request, *args, **kwargs)
           ^^^^^^^^^^^^^^^^^^^^^^^^^^^^^^^^^^^
  File "/home/dev11/Videos/e700/backend/venv/lib/python3.12/site-packages/rest_framework/viewsets.py", line 125, in view
    return self.dispatch(request, *args, **kwargs)
           ^^^^^^^^^^^^^^^^^^^^^^^^^^^^^^^^^^^^^^^
  File "/home/dev11/Videos/e700/backend/venv/lib/python3.12/site-packages/rest_framework/views.py", line 515, in dispatch
    response = self.handle_exception(exc)
               ^^^^^^^^^^^^^^^^^^^^^^^^^^
  File "/home/dev11/Videos/e700/backend/venv/lib/python3.12/site-packages/rest_framework/views.py", line 475, in handle_exception
    self.raise_uncaught_exception(exc)
  File "/home/dev11/Videos/e700/backend/venv/lib/python3.12/site-packages/rest_framework/views.py", line 486, in raise_uncaught_exception
    raise exc
  File "/home/dev11/Videos/e700/backend/venv/lib/python3.12/site-packages/rest_framework/views.py", line 512, in dispatch
    response = handler(request, *args, **kwargs)
               ^^^^^^^^^^^^^^^^^^^^^^^^^^^^^^^^^
  File "/home/dev11/Videos/e700/backend/userprofile/views.py", line 190, in list
    return Response(serializer.data)
                    ^^^^^^^^^^^^^^^
  File "/home/dev11/Videos/e700/backend/venv/lib/python3.12/site-packages/rest_framework/serializers.py", line 797, in data
    ret = super().data
          ^^^^^^^^^^^^
  File "/home/dev11/Videos/e700/backend/venv/lib/python3.12/site-packages/rest_framework/serializers.py", line 251, in data
    self._data = self.to_representation(self.instance)
                 ^^^^^^^^^^^^^^^^^^^^^^^^^^^^^^^^^^^^^
  File "/home/dev11/Videos/e700/backend/venv/lib/python3.12/site-packages/rest_framework/serializers.py", line 715, in to_representation
    return [
           ^
  File "/home/dev11/Videos/e700/backend/venv/lib/python3.12/site-packages/django/db/models/query.py", line 384, in __iter__
    self._fetch_all()
  File "/home/dev11/Videos/e700/backend/venv/lib/python3.12/site-packages/django/db/models/query.py", line 1945, in _fetch_all
    self._result_cache = list(self._iterable_class(self))
                         ^^^^^^^^^^^^^^^^^^^^^^^^^^^^^^^^
  File "/home/dev11/Videos/e700/backend/venv/lib/python3.12/site-packages/django/db/models/query.py", line 91, in __iter__
    results = compiler.execute_sql(
              ^^^^^^^^^^^^^^^^^^^^^
  File "/home/dev11/Videos/e700/backend/venv/lib/python3.12/site-packages/django/db/models/sql/compiler.py", line 1623, in execute_sql
    cursor.execute(sql, params)
  File "/home/dev11/Videos/e700/backend/venv/lib/python3.12/site-packages/django/db/backends/utils.py", line 122, in execute
    return super().execute(sql, params)
           ^^^^^^^^^^^^^^^^^^^^^^^^^^^^
  File "/home/dev11/Videos/e700/backend/venv/lib/python3.12/site-packages/django/db/backends/utils.py", line 79, in execute
    return self._execute_with_wrappers(
           ^^^^^^^^^^^^^^^^^^^^^^^^^^^^
  File "/home/dev11/Videos/e700/backend/venv/lib/python3.12/site-packages/django/db/backends/utils.py", line 92, in _execute_with_wrappers
    return executor(sql, params, many, context)
           ^^^^^^^^^^^^^^^^^^^^^^^^^^^^^^^^^^^^
  File "/home/dev11/Videos/e700/backend/venv/lib/python3.12/site-packages/django/db/backends/utils.py", line 100, in _execute
    with self.db.wrap_database_errors:
  File "/home/dev11/Videos/e700/backend/venv/lib/python3.12/site-packages/django/db/utils.py", line 91, in __exit__
    raise dj_exc_value.with_traceback(traceback) from exc_value
  File "/home/dev11/Videos/e700/backend/venv/lib/python3.12/site-packages/django/db/backends/utils.py", line 105, in _execute
    return self.cursor.execute(sql, params)
           ^^^^^^^^^^^^^^^^^^^^^^^^^^^^^^^^
django.db.utils.ProgrammingError: column entry_types.occation does not exist
LINE 1: SELECT "entry_types"."id", "entry_types"."occation" FROM "en...
                                   ^
HINT:  Perhaps you meant to reference the column "entry_types.occasion".

[INFO] 2025-08-25 03:25:24,587 django.server:213 - "GET /api/aircraft_masters/201710309/ HTTP/1.1" 200 523(method=- path=-)
[ERROR] 2025-08-25 03:25:24,588 django.db.backends:35 - SQL queries executed for GET /api/entry_types/:(method=- path=-)
[ERROR] 2025-08-25 03:25:24,588 django.db.backends:39 -   (0.002) SELECT "django_session"."session_key", "django_session"."session_data", "django_session"."expire_date" FROM "django_session" WHERE ("django_session"."expire_date" > '2025-08-25T03:25:24.442174+00:00'::timestamptz AND "django_session"."session_key" = 'jul8i08wix7zefv61pzmq1i71k00gydk') LIMIT 21(method=- path=-)
[ERROR] 2025-08-25 03:25:24,588 django.db.backends:39 -   (0.001) SELECT "entry_types"."id", "entry_types"."occation" FROM "entry_types"(method=- path=-)
[ERROR] 2025-08-25 03:25:24,588 django.db.backends:39 -   (0.000) SELECT "entry_types"."id", "entry_types"."occation" FROM "entry_types" LIMIT 21(method=- path=-)
[ERROR] 2025-08-25 03:25:24,588 django.db.backends:39 -   (0.005) SELECT "entry_types"."id", "entry_types"."occation" FROM "entry_types" LIMIT 21(method=- path=-)
[ERROR] 2025-08-25 03:25:24,588 django.db.backends:39 -   (0.006) SELECT "entry_types"."id", "entry_types"."occation" FROM "entry_types" LIMIT 21(method=- path=-)
[ERROR] 2025-08-25 03:25:24,588 django.db.backends:39 -   (0.000) SELECT "entry_types"."id", "entry_types"."occation" FROM "entry_types" LIMIT 21(method=- path=-)
[ERROR] 2025-08-25 03:25:24,588 django.db.backends:39 -   (0.002) SELECT "entry_types"."id", "entry_types"."occation" FROM "entry_types" LIMIT 21(method=- path=-)
[ERROR] 2025-08-25 03:25:24,588 django.db.backends:39 -   (0.001) SELECT "entry_types"."id", "entry_types"."occation" FROM "entry_types" LIMIT 21(method=- path=-)
[ERROR] 2025-08-25 03:25:24,588 django.db.backends:39 -   (0.000) SELECT "entry_types"."id", "entry_types"."occation" FROM "entry_types" LIMIT 21(method=- path=-)
[ERROR] 2025-08-25 03:25:24,588 django.db.backends:39 -   (0.000) SELECT "entry_types"."id", "entry_types"."occation" FROM "entry_types" LIMIT 21(method=- path=-)
[ERROR] 2025-08-25 03:25:24,588 django.db.backends:39 -   (0.000) SELECT "entry_types"."id", "entry_types"."occation" FROM "entry_types" LIMIT 21(method=- path=-)
[ERROR] 2025-08-25 03:25:24,588 django.db.backends:39 -   (0.000) SELECT "entry_types"."id", "entry_types"."occation" FROM "entry_types" LIMIT 21(method=- path=-)
[ERROR] 2025-08-25 03:25:24,589 django.server:213 - "GET /api/entry_types/ HTTP/1.1" 500 169273(method=- path=-)
[INFO] 2025-08-25 03:25:24,688 django.server:213 - "GET /api/aircraft_masters/201710309/ HTTP/1.1" 200 523(method=- path=-)
[ERROR] 2025-08-25 03:25:24,716 django.request:248 - Internal Server Error: /api/entry_types/(method=- path=-)
Traceback (most recent call last):
  File "/home/dev11/Videos/e700/backend/venv/lib/python3.12/site-packages/django/db/backends/utils.py", line 105, in _execute
    return self.cursor.execute(sql, params)
           ^^^^^^^^^^^^^^^^^^^^^^^^^^^^^^^^
psycopg2.errors.UndefinedColumn: column entry_types.occation does not exist
LINE 1: SELECT "entry_types"."id", "entry_types"."occation" FROM "en...
                                   ^
HINT:  Perhaps you meant to reference the column "entry_types.occasion".


The above exception was the direct cause of the following exception:

Traceback (most recent call last):
  File "/home/dev11/Videos/e700/backend/venv/lib/python3.12/site-packages/django/core/handlers/exception.py", line 55, in inner
    response = get_response(request)
               ^^^^^^^^^^^^^^^^^^^^^
  File "/home/dev11/Videos/e700/backend/venv/lib/python3.12/site-packages/django/core/handlers/base.py", line 197, in _get_response
    response = wrapped_callback(request, *callback_args, **callback_kwargs)
               ^^^^^^^^^^^^^^^^^^^^^^^^^^^^^^^^^^^^^^^^^^^^^^^^^^^^^^^^^^^^
  File "/home/dev11/Videos/e700/backend/venv/lib/python3.12/site-packages/django/views/decorators/csrf.py", line 65, in _view_wrapper
    return view_func(request, *args, **kwargs)
           ^^^^^^^^^^^^^^^^^^^^^^^^^^^^^^^^^^^
  File "/home/dev11/Videos/e700/backend/venv/lib/python3.12/site-packages/rest_framework/viewsets.py", line 125, in view
    return self.dispatch(request, *args, **kwargs)
           ^^^^^^^^^^^^^^^^^^^^^^^^^^^^^^^^^^^^^^^
  File "/home/dev11/Videos/e700/backend/venv/lib/python3.12/site-packages/rest_framework/views.py", line 515, in dispatch
    response = self.handle_exception(exc)
               ^^^^^^^^^^^^^^^^^^^^^^^^^^
  File "/home/dev11/Videos/e700/backend/venv/lib/python3.12/site-packages/rest_framework/views.py", line 475, in handle_exception
    self.raise_uncaught_exception(exc)
  File "/home/dev11/Videos/e700/backend/venv/lib/python3.12/site-packages/rest_framework/views.py", line 486, in raise_uncaught_exception
    raise exc
  File "/home/dev11/Videos/e700/backend/venv/lib/python3.12/site-packages/rest_framework/views.py", line 512, in dispatch
    response = handler(request, *args, **kwargs)
               ^^^^^^^^^^^^^^^^^^^^^^^^^^^^^^^^^
  File "/home/dev11/Videos/e700/backend/userprofile/views.py", line 190, in list
    return Response(serializer.data)
                    ^^^^^^^^^^^^^^^
  File "/home/dev11/Videos/e700/backend/venv/lib/python3.12/site-packages/rest_framework/serializers.py", line 797, in data
    ret = super().data
          ^^^^^^^^^^^^
  File "/home/dev11/Videos/e700/backend/venv/lib/python3.12/site-packages/rest_framework/serializers.py", line 251, in data
    self._data = self.to_representation(self.instance)
                 ^^^^^^^^^^^^^^^^^^^^^^^^^^^^^^^^^^^^^
  File "/home/dev11/Videos/e700/backend/venv/lib/python3.12/site-packages/rest_framework/serializers.py", line 715, in to_representation
    return [
           ^
  File "/home/dev11/Videos/e700/backend/venv/lib/python3.12/site-packages/django/db/models/query.py", line 384, in __iter__
    self._fetch_all()
  File "/home/dev11/Videos/e700/backend/venv/lib/python3.12/site-packages/django/db/models/query.py", line 1945, in _fetch_all
    self._result_cache = list(self._iterable_class(self))
                         ^^^^^^^^^^^^^^^^^^^^^^^^^^^^^^^^
  File "/home/dev11/Videos/e700/backend/venv/lib/python3.12/site-packages/django/db/models/query.py", line 91, in __iter__
    results = compiler.execute_sql(
              ^^^^^^^^^^^^^^^^^^^^^
  File "/home/dev11/Videos/e700/backend/venv/lib/python3.12/site-packages/django/db/models/sql/compiler.py", line 1623, in execute_sql
    cursor.execute(sql, params)
  File "/home/dev11/Videos/e700/backend/venv/lib/python3.12/site-packages/django/db/backends/utils.py", line 122, in execute
    return super().execute(sql, params)
           ^^^^^^^^^^^^^^^^^^^^^^^^^^^^
  File "/home/dev11/Videos/e700/backend/venv/lib/python3.12/site-packages/django/db/backends/utils.py", line 79, in execute
    return self._execute_with_wrappers(
           ^^^^^^^^^^^^^^^^^^^^^^^^^^^^
  File "/home/dev11/Videos/e700/backend/venv/lib/python3.12/site-packages/django/db/backends/utils.py", line 92, in _execute_with_wrappers
    return executor(sql, params, many, context)
           ^^^^^^^^^^^^^^^^^^^^^^^^^^^^^^^^^^^^
  File "/home/dev11/Videos/e700/backend/venv/lib/python3.12/site-packages/django/db/backends/utils.py", line 100, in _execute
    with self.db.wrap_database_errors:
  File "/home/dev11/Videos/e700/backend/venv/lib/python3.12/site-packages/django/db/utils.py", line 91, in __exit__
    raise dj_exc_value.with_traceback(traceback) from exc_value
  File "/home/dev11/Videos/e700/backend/venv/lib/python3.12/site-packages/django/db/backends/utils.py", line 105, in _execute
    return self.cursor.execute(sql, params)
           ^^^^^^^^^^^^^^^^^^^^^^^^^^^^^^^^
django.db.utils.ProgrammingError: column entry_types.occation does not exist
LINE 1: SELECT "entry_types"."id", "entry_types"."occation" FROM "en...
                                   ^
HINT:  Perhaps you meant to reference the column "entry_types.occasion".

[ERROR] 2025-08-25 03:25:24,717 django.db.backends:35 - SQL queries executed for GET /api/entry_types/:(method=- path=-)
[ERROR] 2025-08-25 03:25:24,717 django.db.backends:39 -   (0.002) SELECT "django_session"."session_key", "django_session"."session_data", "django_session"."expire_date" FROM "django_session" WHERE ("django_session"."expire_date" > '2025-08-25T03:25:24.595278+00:00'::timestamptz AND "django_session"."session_key" = 'jul8i08wix7zefv61pzmq1i71k00gydk') LIMIT 21(method=- path=-)
[ERROR] 2025-08-25 03:25:24,717 django.db.backends:39 -   (0.001) SELECT "entry_types"."id", "entry_types"."occation" FROM "entry_types"(method=- path=-)
[ERROR] 2025-08-25 03:25:24,717 django.db.backends:39 -   (0.000) SELECT "entry_types"."id", "entry_types"."occation" FROM "entry_types" LIMIT 21(method=- path=-)
[ERROR] 2025-08-25 03:25:24,717 django.db.backends:39 -   (0.000) SELECT "entry_types"."id", "entry_types"."occation" FROM "entry_types" LIMIT 21(method=- path=-)
[ERROR] 2025-08-25 03:25:24,717 django.db.backends:39 -   (0.000) SELECT "entry_types"."id", "entry_types"."occation" FROM "entry_types" LIMIT 21(method=- path=-)
[ERROR] 2025-08-25 03:25:24,717 django.db.backends:39 -   (0.000) SELECT "entry_types"."id", "entry_types"."occation" FROM "entry_types" LIMIT 21(method=- path=-)
[ERROR] 2025-08-25 03:25:24,717 django.db.backends:39 -   (0.000) SELECT "entry_types"."id", "entry_types"."occation" FROM "entry_types" LIMIT 21(method=- path=-)
[ERROR] 2025-08-25 03:25:24,717 django.db.backends:39 -   (0.000) SELECT "entry_types"."id", "entry_types"."occation" FROM "entry_types" LIMIT 21(method=- path=-)
[ERROR] 2025-08-25 03:25:24,717 django.db.backends:39 -   (0.000) SELECT "entry_types"."id", "entry_types"."occation" FROM "entry_types" LIMIT 21(method=- path=-)
[ERROR] 2025-08-25 03:25:24,717 django.db.backends:39 -   (0.000) SELECT "entry_types"."id", "entry_types"."occation" FROM "entry_types" LIMIT 21(method=- path=-)
[ERROR] 2025-08-25 03:25:24,717 django.db.backends:39 -   (0.000) SELECT "entry_types"."id", "entry_types"."occation" FROM "entry_types" LIMIT 21(method=- path=-)
[ERROR] 2025-08-25 03:25:24,717 django.db.backends:39 -   (0.000) SELECT "entry_types"."id", "entry_types"."occation" FROM "entry_types" LIMIT 21(method=- path=-)
[ERROR] 2025-08-25 03:25:24,717 django.server:213 - "GET /api/entry_types/ HTTP/1.1" 500 169273(method=- path=-)
[ERROR] 2025-08-25 03:25:24,775 django.request:248 - Internal Server Error: /api/how_found_defects/(method=- path=-)
Traceback (most recent call last):
  File "/home/dev11/Videos/e700/backend/venv/lib/python3.12/site-packages/django/db/backends/utils.py", line 105, in _execute
    return self.cursor.execute(sql, params)
           ^^^^^^^^^^^^^^^^^^^^^^^^^^^^^^^^
psycopg2.errors.UndefinedColumn: column how_found_defects.occation does not exist
LINE 1: SELECT "how_found_defects"."id", "how_found_defects"."occati...
                                         ^
HINT:  Perhaps you meant to reference the column "how_found_defects.occasion".


The above exception was the direct cause of the following exception:

Traceback (most recent call last):
  File "/home/dev11/Videos/e700/backend/venv/lib/python3.12/site-packages/django/core/handlers/exception.py", line 55, in inner
    response = get_response(request)
               ^^^^^^^^^^^^^^^^^^^^^
  File "/home/dev11/Videos/e700/backend/venv/lib/python3.12/site-packages/django/core/handlers/base.py", line 197, in _get_response
    response = wrapped_callback(request, *callback_args, **callback_kwargs)
               ^^^^^^^^^^^^^^^^^^^^^^^^^^^^^^^^^^^^^^^^^^^^^^^^^^^^^^^^^^^^
  File "/home/dev11/Videos/e700/backend/venv/lib/python3.12/site-packages/django/views/decorators/csrf.py", line 65, in _view_wrapper
    return view_func(request, *args, **kwargs)
           ^^^^^^^^^^^^^^^^^^^^^^^^^^^^^^^^^^^
  File "/home/dev11/Videos/e700/backend/venv/lib/python3.12/site-packages/rest_framework/viewsets.py", line 125, in view
    return self.dispatch(request, *args, **kwargs)
           ^^^^^^^^^^^^^^^^^^^^^^^^^^^^^^^^^^^^^^^
  File "/home/dev11/Videos/e700/backend/venv/lib/python3.12/site-packages/rest_framework/views.py", line 515, in dispatch
    response = self.handle_exception(exc)
               ^^^^^^^^^^^^^^^^^^^^^^^^^^
  File "/home/dev11/Videos/e700/backend/venv/lib/python3.12/site-packages/rest_framework/views.py", line 475, in handle_exception
    self.raise_uncaught_exception(exc)
  File "/home/dev11/Videos/e700/backend/venv/lib/python3.12/site-packages/rest_framework/views.py", line 486, in raise_uncaught_exception
    raise exc
  File "/home/dev11/Videos/e700/backend/venv/lib/python3.12/site-packages/rest_framework/views.py", line 512, in dispatch
    response = handler(request, *args, **kwargs)
               ^^^^^^^^^^^^^^^^^^^^^^^^^^^^^^^^^
  File "/home/dev11/Videos/e700/backend/userprofile/views.py", line 190, in list
    return Response(serializer.data)
                    ^^^^^^^^^^^^^^^
  File "/home/dev11/Videos/e700/backend/venv/lib/python3.12/site-packages/rest_framework/serializers.py", line 797, in data
    ret = super().data
          ^^^^^^^^^^^^
  File "/home/dev11/Videos/e700/backend/venv/lib/python3.12/site-packages/rest_framework/serializers.py", line 251, in data
    self._data = self.to_representation(self.instance)
                 ^^^^^^^^^^^^^^^^^^^^^^^^^^^^^^^^^^^^^
  File "/home/dev11/Videos/e700/backend/venv/lib/python3.12/site-packages/rest_framework/serializers.py", line 715, in to_representation
    return [
           ^
  File "/home/dev11/Videos/e700/backend/venv/lib/python3.12/site-packages/django/db/models/query.py", line 384, in __iter__
    self._fetch_all()
  File "/home/dev11/Videos/e700/backend/venv/lib/python3.12/site-packages/django/db/models/query.py", line 1945, in _fetch_all
    self._result_cache = list(self._iterable_class(self))
                         ^^^^^^^^^^^^^^^^^^^^^^^^^^^^^^^^
  File "/home/dev11/Videos/e700/backend/venv/lib/python3.12/site-packages/django/db/models/query.py", line 91, in __iter__
    results = compiler.execute_sql(
              ^^^^^^^^^^^^^^^^^^^^^
  File "/home/dev11/Videos/e700/backend/venv/lib/python3.12/site-packages/django/db/models/sql/compiler.py", line 1623, in execute_sql
    cursor.execute(sql, params)
  File "/home/dev11/Videos/e700/backend/venv/lib/python3.12/site-packages/django/db/backends/utils.py", line 122, in execute
    return super().execute(sql, params)
           ^^^^^^^^^^^^^^^^^^^^^^^^^^^^
  File "/home/dev11/Videos/e700/backend/venv/lib/python3.12/site-packages/django/db/backends/utils.py", line 79, in execute
    return self._execute_with_wrappers(
           ^^^^^^^^^^^^^^^^^^^^^^^^^^^^
  File "/home/dev11/Videos/e700/backend/venv/lib/python3.12/site-packages/django/db/backends/utils.py", line 92, in _execute_with_wrappers
    return executor(sql, params, many, context)
           ^^^^^^^^^^^^^^^^^^^^^^^^^^^^^^^^^^^^
  File "/home/dev11/Videos/e700/backend/venv/lib/python3.12/site-packages/django/db/backends/utils.py", line 100, in _execute
    with self.db.wrap_database_errors:
  File "/home/dev11/Videos/e700/backend/venv/lib/python3.12/site-packages/django/db/utils.py", line 91, in __exit__
    raise dj_exc_value.with_traceback(traceback) from exc_value
  File "/home/dev11/Videos/e700/backend/venv/lib/python3.12/site-packages/django/db/backends/utils.py", line 105, in _execute
    return self.cursor.execute(sql, params)
           ^^^^^^^^^^^^^^^^^^^^^^^^^^^^^^^^
django.db.utils.ProgrammingError: column how_found_defects.occation does not exist
LINE 1: SELECT "how_found_defects"."id", "how_found_defects"."occati...
                                         ^
HINT:  Perhaps you meant to reference the column "how_found_defects.occasion".

[ERROR] 2025-08-25 03:25:24,776 django.db.backends:35 - SQL queries executed for GET /api/how_found_defects/:(method=- path=-)
[ERROR] 2025-08-25 03:25:24,776 django.db.backends:39 -   (0.001) SELECT "django_session"."session_key", "django_session"."session_data", "django_session"."expire_date" FROM "django_session" WHERE ("django_session"."expire_date" > '2025-08-25T03:25:24.586923+00:00'::timestamptz AND "django_session"."session_key" = 'jul8i08wix7zefv61pzmq1i71k00gydk') LIMIT 21(method=- path=-)
[ERROR] 2025-08-25 03:25:24,776 django.db.backends:39 -   (0.000) SELECT "how_found_defects"."id", "how_found_defects"."occation", "how_found_defects"."user_type" FROM "how_found_defects"(method=- path=-)
[ERROR] 2025-08-25 03:25:24,776 django.db.backends:39 -   (0.000) SELECT "how_found_defects"."id", "how_found_defects"."occation", "how_found_defects"."user_type" FROM "how_found_defects" LIMIT 21(method=- path=-)
[ERROR] 2025-08-25 03:25:24,776 django.db.backends:39 -   (0.000) SELECT "how_found_defects"."id", "how_found_defects"."occation", "how_found_defects"."user_type" FROM "how_found_defects" LIMIT 21(method=- path=-)
[ERROR] 2025-08-25 03:25:24,776 django.db.backends:39 -   (0.000) SELECT "how_found_defects"."id", "how_found_defects"."occation", "how_found_defects"."user_type" FROM "how_found_defects" LIMIT 21(method=- path=-)
[ERROR] 2025-08-25 03:25:24,776 django.db.backends:39 -   (0.000) SELECT "how_found_defects"."id", "how_found_defects"."occation", "how_found_defects"."user_type" FROM "how_found_defects" LIMIT 21(method=- path=-)
[ERROR] 2025-08-25 03:25:24,776 django.db.backends:39 -   (0.000) SELECT "how_found_defects"."id", "how_found_defects"."occation", "how_found_defects"."user_type" FROM "how_found_defects" LIMIT 21(method=- path=-)
[ERROR] 2025-08-25 03:25:24,776 django.db.backends:39 -   (0.000) SELECT "how_found_defects"."id", "how_found_defects"."occation", "how_found_defects"."user_type" FROM "how_found_defects" LIMIT 21(method=- path=-)
[ERROR] 2025-08-25 03:25:24,776 django.db.backends:39 -   (0.000) SELECT "how_found_defects"."id", "how_found_defects"."occation", "how_found_defects"."user_type" FROM "how_found_defects" LIMIT 21(method=- path=-)
[ERROR] 2025-08-25 03:25:24,776 django.db.backends:39 -   (0.000) SELECT "how_found_defects"."id", "how_found_defects"."occation", "how_found_defects"."user_type" FROM "how_found_defects" LIMIT 21(method=- path=-)
[ERROR] 2025-08-25 03:25:24,776 django.db.backends:39 -   (0.000) SELECT "how_found_defects"."id", "how_found_defects"."occation", "how_found_defects"."user_type" FROM "how_found_defects" LIMIT 21(method=- path=-)
[ERROR] 2025-08-25 03:25:24,776 django.db.backends:39 -   (0.000) SELECT "how_found_defects"."id", "how_found_defects"."occation", "how_found_defects"."user_type" FROM "how_found_defects" LIMIT 21(method=- path=-)
[ERROR] 2025-08-25 03:25:24,776 django.server:213 - "GET /api/how_found_defects/ HTTP/1.1" 500 170201(method=- path=-)
[INFO] 2025-08-25 03:25:35,568 django.server:213 - "OPTIONS /logout/ HTTP/1.1" 200 0(method=- path=-)
[INFO] 2025-08-25 03:25:35,654 django.server:213 - "POST /api/params/set/ HTTP/1.1" 200 33(method=- path=-)
[INFO] 2025-08-25 03:25:35,688 django.server:213 - "POST /logout/ HTTP/1.1" 200 49(method=- path=-)
[INFO] 2025-08-25 03:25:35,692 django.server:213 - "GET /api/aircraft-type-details HTTP/1.1" 200 4335(method=- path=-)
[INFO] 2025-08-25 03:25:35,720 django.server:213 - "GET /api/aircraft-type-details HTTP/1.1" 200 4335(method=- path=-)
[INFO] 2025-08-25 03:25:35,737 django.server:213 - "GET /csrf/ HTTP/1.1" 200 47(method=- path=-)
[INFO] 2025-08-25 03:25:35,739 django.server:213 - "GET /csrf/ HTTP/1.1" 200 47(method=- path=-)
[INFO] 2025-08-25 03:25:42,525 django.server:213 - "POST /login/ HTTP/1.1" 200 180(method=- path=-)
[INFO] 2025-08-25 03:25:42,626 django.server:213 - "GET /api/aircraft-type-details HTTP/1.1" 200 4335(method=- path=-)
[INFO] 2025-08-25 03:25:42,651 django.server:213 - "GET /api/aircraft-type-details HTTP/1.1" 200 4335(method=- path=-)
[INFO] 2025-08-25 03:25:42,909 django.server:213 - "GET /api/aircraft_masters/?include=aircraft_type HTTP/1.1" 200 294064(method=- path=-)
[INFO] 2025-08-25 03:25:43,273 django.server:213 - "GET /api/aircraft_masters/?include=aircraft_type HTTP/1.1" 200 294064(method=- path=-)
[INFO] 2025-08-25 03:25:44,434 django.server:213 - "GET /api/aircraft-details/202500008 HTTP/1.1" 200 11532(method=- path=-)
[INFO] 2025-08-25 03:25:47,384 django.server:213 - "POST /api/params/set/ HTTP/1.1" 200 95(method=- path=-)
[INFO] 2025-08-25 03:25:50,540 django.server:213 - "GET /user-profile/ HTTP/1.1" 200 180(method=- path=-)
[INFO] 2025-08-25 03:25:50,560 django.server:213 - "GET /user-profile/ HTTP/1.1" 200 180(method=- path=-)
[INFO] 2025-08-25 03:25:50,564 django.server:213 - "GET /api/params/get/ HTTP/1.1" 200 76(method=- path=-)
[INFO] 2025-08-25 03:25:50,571 django.server:213 - "GET /api/params/get/ HTTP/1.1" 200 76(method=- path=-)
[INFO] 2025-08-25 03:25:51,012 django.server:213 - "GET /api/aircraft_masters/?include=aircraft_type HTTP/1.1" 200 294064(method=- path=-)
[INFO] 2025-08-25 03:25:51,405 django.server:213 - "GET /api/aircraft_masters/?include=aircraft_type HTTP/1.1" 200 294064(method=- path=-)
[INFO] 2025-08-25 03:25:52,413 django.server:213 - "GET /user-profile/ HTTP/1.1" 200 180(method=- path=-)
[INFO] 2025-08-25 03:25:52,447 django.server:213 - "GET /user-profile/ HTTP/1.1" 200 180(method=- path=-)
[INFO] 2025-08-25 03:25:52,451 django.server:213 - "GET /api/params/get/ HTTP/1.1" 200 76(method=- path=-)
[INFO] 2025-08-25 03:25:52,455 django.server:213 - "GET /api/params/get/ HTTP/1.1" 200 76(method=- path=-)
[INFO] 2025-08-25 03:25:52,536 django.server:213 - "GET /api/aircraft_masters/201710263/?include=aircraft_type HTTP/1.1" 200 766(method=- path=-)
[INFO] 2025-08-25 03:25:52,613 django.server:213 - "GET /api/aircraft_masters/201710263/?include=aircraft_type HTTP/1.1" 200 766(method=- path=-)
[ERROR] 2025-08-25 03:25:55,631 django.request:248 - Internal Server Error: /api/how_found_defects/(method=- path=-)
Traceback (most recent call last):
  File "/home/dev11/Videos/e700/backend/venv/lib/python3.12/site-packages/django/db/backends/utils.py", line 105, in _execute
    return self.cursor.execute(sql, params)
           ^^^^^^^^^^^^^^^^^^^^^^^^^^^^^^^^
psycopg2.errors.UndefinedColumn: column how_found_defects.occation does not exist
LINE 1: SELECT "how_found_defects"."id", "how_found_defects"."occati...
                                         ^
HINT:  Perhaps you meant to reference the column "how_found_defects.occasion".


The above exception was the direct cause of the following exception:

Traceback (most recent call last):
  File "/home/dev11/Videos/e700/backend/venv/lib/python3.12/site-packages/django/core/handlers/exception.py", line 55, in inner
    response = get_response(request)
               ^^^^^^^^^^^^^^^^^^^^^
  File "/home/dev11/Videos/e700/backend/venv/lib/python3.12/site-packages/django/core/handlers/base.py", line 197, in _get_response
    response = wrapped_callback(request, *callback_args, **callback_kwargs)
               ^^^^^^^^^^^^^^^^^^^^^^^^^^^^^^^^^^^^^^^^^^^^^^^^^^^^^^^^^^^^
  File "/home/dev11/Videos/e700/backend/venv/lib/python3.12/site-packages/django/views/decorators/csrf.py", line 65, in _view_wrapper
    return view_func(request, *args, **kwargs)
           ^^^^^^^^^^^^^^^^^^^^^^^^^^^^^^^^^^^
  File "/home/dev11/Videos/e700/backend/venv/lib/python3.12/site-packages/rest_framework/viewsets.py", line 125, in view
    return self.dispatch(request, *args, **kwargs)
           ^^^^^^^^^^^^^^^^^^^^^^^^^^^^^^^^^^^^^^^
  File "/home/dev11/Videos/e700/backend/venv/lib/python3.12/site-packages/rest_framework/views.py", line 515, in dispatch
    response = self.handle_exception(exc)
               ^^^^^^^^^^^^^^^^^^^^^^^^^^
  File "/home/dev11/Videos/e700/backend/venv/lib/python3.12/site-packages/rest_framework/views.py", line 475, in handle_exception
    self.raise_uncaught_exception(exc)
  File "/home/dev11/Videos/e700/backend/venv/lib/python3.12/site-packages/rest_framework/views.py", line 486, in raise_uncaught_exception
    raise exc
  File "/home/dev11/Videos/e700/backend/venv/lib/python3.12/site-packages/rest_framework/views.py", line 512, in dispatch
    response = handler(request, *args, **kwargs)
               ^^^^^^^^^^^^^^^^^^^^^^^^^^^^^^^^^
  File "/home/dev11/Videos/e700/backend/userprofile/views.py", line 190, in list
    return Response(serializer.data)
                    ^^^^^^^^^^^^^^^
  File "/home/dev11/Videos/e700/backend/venv/lib/python3.12/site-packages/rest_framework/serializers.py", line 797, in data
    ret = super().data
          ^^^^^^^^^^^^
  File "/home/dev11/Videos/e700/backend/venv/lib/python3.12/site-packages/rest_framework/serializers.py", line 251, in data
    self._data = self.to_representation(self.instance)
                 ^^^^^^^^^^^^^^^^^^^^^^^^^^^^^^^^^^^^^
  File "/home/dev11/Videos/e700/backend/venv/lib/python3.12/site-packages/rest_framework/serializers.py", line 715, in to_representation
    return [
           ^
  File "/home/dev11/Videos/e700/backend/venv/lib/python3.12/site-packages/django/db/models/query.py", line 384, in __iter__
    self._fetch_all()
  File "/home/dev11/Videos/e700/backend/venv/lib/python3.12/site-packages/django/db/models/query.py", line 1945, in _fetch_all
    self._result_cache = list(self._iterable_class(self))
                         ^^^^^^^^^^^^^^^^^^^^^^^^^^^^^^^^
  File "/home/dev11/Videos/e700/backend/venv/lib/python3.12/site-packages/django/db/models/query.py", line 91, in __iter__
    results = compiler.execute_sql(
              ^^^^^^^^^^^^^^^^^^^^^
  File "/home/dev11/Videos/e700/backend/venv/lib/python3.12/site-packages/django/db/models/sql/compiler.py", line 1623, in execute_sql
    cursor.execute(sql, params)
  File "/home/dev11/Videos/e700/backend/venv/lib/python3.12/site-packages/django/db/backends/utils.py", line 122, in execute
    return super().execute(sql, params)
           ^^^^^^^^^^^^^^^^^^^^^^^^^^^^
  File "/home/dev11/Videos/e700/backend/venv/lib/python3.12/site-packages/django/db/backends/utils.py", line 79, in execute
    return self._execute_with_wrappers(
           ^^^^^^^^^^^^^^^^^^^^^^^^^^^^
  File "/home/dev11/Videos/e700/backend/venv/lib/python3.12/site-packages/django/db/backends/utils.py", line 92, in _execute_with_wrappers
    return executor(sql, params, many, context)
           ^^^^^^^^^^^^^^^^^^^^^^^^^^^^^^^^^^^^
  File "/home/dev11/Videos/e700/backend/venv/lib/python3.12/site-packages/django/db/backends/utils.py", line 100, in _execute
    with self.db.wrap_database_errors:
  File "/home/dev11/Videos/e700/backend/venv/lib/python3.12/site-packages/django/db/utils.py", line 91, in __exit__
    raise dj_exc_value.with_traceback(traceback) from exc_value
  File "/home/dev11/Videos/e700/backend/venv/lib/python3.12/site-packages/django/db/backends/utils.py", line 105, in _execute
    return self.cursor.execute(sql, params)
           ^^^^^^^^^^^^^^^^^^^^^^^^^^^^^^^^
django.db.utils.ProgrammingError: column how_found_defects.occation does not exist
LINE 1: SELECT "how_found_defects"."id", "how_found_defects"."occati...
                                         ^
HINT:  Perhaps you meant to reference the column "how_found_defects.occasion".

[ERROR] 2025-08-25 03:25:55,631 django.db.backends:35 - SQL queries executed for GET /api/how_found_defects/:(method=- path=-)
[ERROR] 2025-08-25 03:25:55,632 django.db.backends:39 -   (0.003) SELECT "django_session"."session_key", "django_session"."session_data", "django_session"."expire_date" FROM "django_session" WHERE ("django_session"."expire_date" > '2025-08-25T03:25:55.512348+00:00'::timestamptz AND "django_session"."session_key" = 'qyqrv3orcv4he5ovwizkvdfvihl2aws4') LIMIT 21(method=- path=-)
[ERROR] 2025-08-25 03:25:55,632 django.db.backends:39 -   (0.001) SELECT "how_found_defects"."id", "how_found_defects"."occation", "how_found_defects"."user_type" FROM "how_found_defects"(method=- path=-)
[ERROR] 2025-08-25 03:25:55,632 django.db.backends:39 -   (0.000) SELECT "how_found_defects"."id", "how_found_defects"."occation", "how_found_defects"."user_type" FROM "how_found_defects" LIMIT 21(method=- path=-)
[ERROR] 2025-08-25 03:25:55,632 django.db.backends:39 -   (0.000) SELECT "how_found_defects"."id", "how_found_defects"."occation", "how_found_defects"."user_type" FROM "how_found_defects" LIMIT 21(method=- path=-)
[ERROR] 2025-08-25 03:25:55,632 django.db.backends:39 -   (0.000) SELECT "how_found_defects"."id", "how_found_defects"."occation", "how_found_defects"."user_type" FROM "how_found_defects" LIMIT 21(method=- path=-)
[ERROR] 2025-08-25 03:25:55,632 django.db.backends:39 -   (0.000) SELECT "how_found_defects"."id", "how_found_defects"."occation", "how_found_defects"."user_type" FROM "how_found_defects" LIMIT 21(method=- path=-)
[ERROR] 2025-08-25 03:25:55,632 django.db.backends:39 -   (0.000) SELECT "how_found_defects"."id", "how_found_defects"."occation", "how_found_defects"."user_type" FROM "how_found_defects" LIMIT 21(method=- path=-)
[ERROR] 2025-08-25 03:25:55,632 django.db.backends:39 -   (0.000) SELECT "how_found_defects"."id", "how_found_defects"."occation", "how_found_defects"."user_type" FROM "how_found_defects" LIMIT 21(method=- path=-)
[ERROR] 2025-08-25 03:25:55,632 django.db.backends:39 -   (0.000) SELECT "how_found_defects"."id", "how_found_defects"."occation", "how_found_defects"."user_type" FROM "how_found_defects" LIMIT 21(method=- path=-)
[ERROR] 2025-08-25 03:25:55,632 django.db.backends:39 -   (0.000) SELECT "how_found_defects"."id", "how_found_defects"."occation", "how_found_defects"."user_type" FROM "how_found_defects" LIMIT 21(method=- path=-)
[ERROR] 2025-08-25 03:25:55,632 django.db.backends:39 -   (0.000) SELECT "how_found_defects"."id", "how_found_defects"."occation", "how_found_defects"."user_type" FROM "how_found_defects" LIMIT 21(method=- path=-)
[ERROR] 2025-08-25 03:25:55,632 django.db.backends:39 -   (0.000) SELECT "how_found_defects"."id", "how_found_defects"."occation", "how_found_defects"."user_type" FROM "how_found_defects" LIMIT 21(method=- path=-)
[ERROR] 2025-08-25 03:25:55,632 django.server:213 - "GET /api/how_found_defects/ HTTP/1.1" 500 170201(method=- path=-)
[INFO] 2025-08-25 03:25:55,646 django.server:213 - "GET /api/aircraft_masters/201710263/ HTTP/1.1" 200 524(method=- path=-)
[ERROR] 2025-08-25 03:25:55,675 django.request:248 - Internal Server Error: /api/entry_types/(method=- path=-)
Traceback (most recent call last):
  File "/home/dev11/Videos/e700/backend/venv/lib/python3.12/site-packages/django/db/backends/utils.py", line 105, in _execute
    return self.cursor.execute(sql, params)
           ^^^^^^^^^^^^^^^^^^^^^^^^^^^^^^^^
psycopg2.errors.UndefinedColumn: column entry_types.occation does not exist
LINE 1: SELECT "entry_types"."id", "entry_types"."occation" FROM "en...
                                   ^
HINT:  Perhaps you meant to reference the column "entry_types.occasion".


The above exception was the direct cause of the following exception:

Traceback (most recent call last):
  File "/home/dev11/Videos/e700/backend/venv/lib/python3.12/site-packages/django/core/handlers/exception.py", line 55, in inner
    response = get_response(request)
               ^^^^^^^^^^^^^^^^^^^^^
  File "/home/dev11/Videos/e700/backend/venv/lib/python3.12/site-packages/django/core/handlers/base.py", line 197, in _get_response
    response = wrapped_callback(request, *callback_args, **callback_kwargs)
               ^^^^^^^^^^^^^^^^^^^^^^^^^^^^^^^^^^^^^^^^^^^^^^^^^^^^^^^^^^^^
  File "/home/dev11/Videos/e700/backend/venv/lib/python3.12/site-packages/django/views/decorators/csrf.py", line 65, in _view_wrapper
    return view_func(request, *args, **kwargs)
           ^^^^^^^^^^^^^^^^^^^^^^^^^^^^^^^^^^^
  File "/home/dev11/Videos/e700/backend/venv/lib/python3.12/site-packages/rest_framework/viewsets.py", line 125, in view
    return self.dispatch(request, *args, **kwargs)
           ^^^^^^^^^^^^^^^^^^^^^^^^^^^^^^^^^^^^^^^
  File "/home/dev11/Videos/e700/backend/venv/lib/python3.12/site-packages/rest_framework/views.py", line 515, in dispatch
    response = self.handle_exception(exc)
               ^^^^^^^^^^^^^^^^^^^^^^^^^^
  File "/home/dev11/Videos/e700/backend/venv/lib/python3.12/site-packages/rest_framework/views.py", line 475, in handle_exception
    self.raise_uncaught_exception(exc)
  File "/home/dev11/Videos/e700/backend/venv/lib/python3.12/site-packages/rest_framework/views.py", line 486, in raise_uncaught_exception
    raise exc
  File "/home/dev11/Videos/e700/backend/venv/lib/python3.12/site-packages/rest_framework/views.py", line 512, in dispatch
    response = handler(request, *args, **kwargs)
               ^^^^^^^^^^^^^^^^^^^^^^^^^^^^^^^^^
  File "/home/dev11/Videos/e700/backend/userprofile/views.py", line 190, in list
    return Response(serializer.data)
                    ^^^^^^^^^^^^^^^
  File "/home/dev11/Videos/e700/backend/venv/lib/python3.12/site-packages/rest_framework/serializers.py", line 797, in data
    ret = super().data
          ^^^^^^^^^^^^
  File "/home/dev11/Videos/e700/backend/venv/lib/python3.12/site-packages/rest_framework/serializers.py", line 251, in data
    self._data = self.to_representation(self.instance)
                 ^^^^^^^^^^^^^^^^^^^^^^^^^^^^^^^^^^^^^
  File "/home/dev11/Videos/e700/backend/venv/lib/python3.12/site-packages/rest_framework/serializers.py", line 715, in to_representation
    return [
           ^
  File "/home/dev11/Videos/e700/backend/venv/lib/python3.12/site-packages/django/db/models/query.py", line 384, in __iter__
    self._fetch_all()
  File "/home/dev11/Videos/e700/backend/venv/lib/python3.12/site-packages/django/db/models/query.py", line 1945, in _fetch_all
    self._result_cache = list(self._iterable_class(self))
                         ^^^^^^^^^^^^^^^^^^^^^^^^^^^^^^^^
  File "/home/dev11/Videos/e700/backend/venv/lib/python3.12/site-packages/django/db/models/query.py", line 91, in __iter__
    results = compiler.execute_sql(
              ^^^^^^^^^^^^^^^^^^^^^
  File "/home/dev11/Videos/e700/backend/venv/lib/python3.12/site-packages/django/db/models/sql/compiler.py", line 1623, in execute_sql
    cursor.execute(sql, params)
  File "/home/dev11/Videos/e700/backend/venv/lib/python3.12/site-packages/django/db/backends/utils.py", line 122, in execute
    return super().execute(sql, params)
           ^^^^^^^^^^^^^^^^^^^^^^^^^^^^
  File "/home/dev11/Videos/e700/backend/venv/lib/python3.12/site-packages/django/db/backends/utils.py", line 79, in execute
    return self._execute_with_wrappers(
           ^^^^^^^^^^^^^^^^^^^^^^^^^^^^
  File "/home/dev11/Videos/e700/backend/venv/lib/python3.12/site-packages/django/db/backends/utils.py", line 92, in _execute_with_wrappers
    return executor(sql, params, many, context)
           ^^^^^^^^^^^^^^^^^^^^^^^^^^^^^^^^^^^^
  File "/home/dev11/Videos/e700/backend/venv/lib/python3.12/site-packages/django/db/backends/utils.py", line 100, in _execute
    with self.db.wrap_database_errors:
  File "/home/dev11/Videos/e700/backend/venv/lib/python3.12/site-packages/django/db/utils.py", line 91, in __exit__
    raise dj_exc_value.with_traceback(traceback) from exc_value
  File "/home/dev11/Videos/e700/backend/venv/lib/python3.12/site-packages/django/db/backends/utils.py", line 105, in _execute
    return self.cursor.execute(sql, params)
           ^^^^^^^^^^^^^^^^^^^^^^^^^^^^^^^^
django.db.utils.ProgrammingError: column entry_types.occation does not exist
LINE 1: SELECT "entry_types"."id", "entry_types"."occation" FROM "en...
                                   ^
HINT:  Perhaps you meant to reference the column "entry_types.occasion".

[ERROR] 2025-08-25 03:25:55,677 django.db.backends:35 - SQL queries executed for GET /api/entry_types/:(method=- path=-)
[ERROR] 2025-08-25 03:25:55,677 django.db.backends:39 -   (0.002) SELECT "django_session"."session_key", "django_session"."session_data", "django_session"."expire_date" FROM "django_session" WHERE ("django_session"."expire_date" > '2025-08-25T03:25:55.513159+00:00'::timestamptz AND "django_session"."session_key" = 'qyqrv3orcv4he5ovwizkvdfvihl2aws4') LIMIT 21(method=- path=-)
[ERROR] 2025-08-25 03:25:55,677 django.db.backends:39 -   (0.001) SELECT "entry_types"."id", "entry_types"."occation" FROM "entry_types"(method=- path=-)
[ERROR] 2025-08-25 03:25:55,677 django.db.backends:39 -   (0.000) SELECT "entry_types"."id", "entry_types"."occation" FROM "entry_types" LIMIT 21(method=- path=-)
[ERROR] 2025-08-25 03:25:55,677 django.db.backends:39 -   (0.000) SELECT "entry_types"."id", "entry_types"."occation" FROM "entry_types" LIMIT 21(method=- path=-)
[ERROR] 2025-08-25 03:25:55,677 django.db.backends:39 -   (0.000) SELECT "entry_types"."id", "entry_types"."occation" FROM "entry_types" LIMIT 21(method=- path=-)
[ERROR] 2025-08-25 03:25:55,677 django.db.backends:39 -   (0.000) SELECT "entry_types"."id", "entry_types"."occation" FROM "entry_types" LIMIT 21(method=- path=-)
[ERROR] 2025-08-25 03:25:55,677 django.db.backends:39 -   (0.000) SELECT "entry_types"."id", "entry_types"."occation" FROM "entry_types" LIMIT 21(method=- path=-)
[ERROR] 2025-08-25 03:25:55,677 django.db.backends:39 -   (0.000) SELECT "entry_types"."id", "entry_types"."occation" FROM "entry_types" LIMIT 21(method=- path=-)
[ERROR] 2025-08-25 03:25:55,677 django.db.backends:39 -   (0.005) SELECT "entry_types"."id", "entry_types"."occation" FROM "entry_types" LIMIT 21(method=- path=-)
[ERROR] 2025-08-25 03:25:55,677 django.db.backends:39 -   (0.001) SELECT "entry_types"."id", "entry_types"."occation" FROM "entry_types" LIMIT 21(method=- path=-)
[ERROR] 2025-08-25 03:25:55,677 django.db.backends:39 -   (0.008) SELECT "entry_types"."id", "entry_types"."occation" FROM "entry_types" LIMIT 21(method=- path=-)
[ERROR] 2025-08-25 03:25:55,677 django.db.backends:39 -   (0.001) SELECT "entry_types"."id", "entry_types"."occation" FROM "entry_types" LIMIT 21(method=- path=-)
[ERROR] 2025-08-25 03:25:55,678 django.server:213 - "GET /api/entry_types/ HTTP/1.1" 500 169273(method=- path=-)
[ERROR] 2025-08-25 03:25:55,733 django.request:248 - Internal Server Error: /api/how_found_defects/(method=- path=-)
Traceback (most recent call last):
  File "/home/dev11/Videos/e700/backend/venv/lib/python3.12/site-packages/django/db/backends/utils.py", line 105, in _execute
    return self.cursor.execute(sql, params)
           ^^^^^^^^^^^^^^^^^^^^^^^^^^^^^^^^
psycopg2.errors.UndefinedColumn: column how_found_defects.occation does not exist
LINE 1: SELECT "how_found_defects"."id", "how_found_defects"."occati...
                                         ^
HINT:  Perhaps you meant to reference the column "how_found_defects.occasion".


The above exception was the direct cause of the following exception:

Traceback (most recent call last):
  File "/home/dev11/Videos/e700/backend/venv/lib/python3.12/site-packages/django/core/handlers/exception.py", line 55, in inner
    response = get_response(request)
               ^^^^^^^^^^^^^^^^^^^^^
  File "/home/dev11/Videos/e700/backend/venv/lib/python3.12/site-packages/django/core/handlers/base.py", line 197, in _get_response
    response = wrapped_callback(request, *callback_args, **callback_kwargs)
               ^^^^^^^^^^^^^^^^^^^^^^^^^^^^^^^^^^^^^^^^^^^^^^^^^^^^^^^^^^^^
  File "/home/dev11/Videos/e700/backend/venv/lib/python3.12/site-packages/django/views/decorators/csrf.py", line 65, in _view_wrapper
    return view_func(request, *args, **kwargs)
           ^^^^^^^^^^^^^^^^^^^^^^^^^^^^^^^^^^^
  File "/home/dev11/Videos/e700/backend/venv/lib/python3.12/site-packages/rest_framework/viewsets.py", line 125, in view
    return self.dispatch(request, *args, **kwargs)
           ^^^^^^^^^^^^^^^^^^^^^^^^^^^^^^^^^^^^^^^
  File "/home/dev11/Videos/e700/backend/venv/lib/python3.12/site-packages/rest_framework/views.py", line 515, in dispatch
    response = self.handle_exception(exc)
               ^^^^^^^^^^^^^^^^^^^^^^^^^^
  File "/home/dev11/Videos/e700/backend/venv/lib/python3.12/site-packages/rest_framework/views.py", line 475, in handle_exception
    self.raise_uncaught_exception(exc)
  File "/home/dev11/Videos/e700/backend/venv/lib/python3.12/site-packages/rest_framework/views.py", line 486, in raise_uncaught_exception
    raise exc
  File "/home/dev11/Videos/e700/backend/venv/lib/python3.12/site-packages/rest_framework/views.py", line 512, in dispatch
    response = handler(request, *args, **kwargs)
               ^^^^^^^^^^^^^^^^^^^^^^^^^^^^^^^^^
  File "/home/dev11/Videos/e700/backend/userprofile/views.py", line 190, in list
    return Response(serializer.data)
                    ^^^^^^^^^^^^^^^
  File "/home/dev11/Videos/e700/backend/venv/lib/python3.12/site-packages/rest_framework/serializers.py", line 797, in data
    ret = super().data
          ^^^^^^^^^^^^
  File "/home/dev11/Videos/e700/backend/venv/lib/python3.12/site-packages/rest_framework/serializers.py", line 251, in data
    self._data = self.to_representation(self.instance)
                 ^^^^^^^^^^^^^^^^^^^^^^^^^^^^^^^^^^^^^
  File "/home/dev11/Videos/e700/backend/venv/lib/python3.12/site-packages/rest_framework/serializers.py", line 715, in to_representation
    return [
           ^
  File "/home/dev11/Videos/e700/backend/venv/lib/python3.12/site-packages/django/db/models/query.py", line 384, in __iter__
    self._fetch_all()
  File "/home/dev11/Videos/e700/backend/venv/lib/python3.12/site-packages/django/db/models/query.py", line 1945, in _fetch_all
    self._result_cache = list(self._iterable_class(self))
                         ^^^^^^^^^^^^^^^^^^^^^^^^^^^^^^^^
  File "/home/dev11/Videos/e700/backend/venv/lib/python3.12/site-packages/django/db/models/query.py", line 91, in __iter__
    results = compiler.execute_sql(
              ^^^^^^^^^^^^^^^^^^^^^
  File "/home/dev11/Videos/e700/backend/venv/lib/python3.12/site-packages/django/db/models/sql/compiler.py", line 1623, in execute_sql
    cursor.execute(sql, params)
  File "/home/dev11/Videos/e700/backend/venv/lib/python3.12/site-packages/django/db/backends/utils.py", line 122, in execute
    return super().execute(sql, params)
           ^^^^^^^^^^^^^^^^^^^^^^^^^^^^
  File "/home/dev11/Videos/e700/backend/venv/lib/python3.12/site-packages/django/db/backends/utils.py", line 79, in execute
    return self._execute_with_wrappers(
           ^^^^^^^^^^^^^^^^^^^^^^^^^^^^
  File "/home/dev11/Videos/e700/backend/venv/lib/python3.12/site-packages/django/db/backends/utils.py", line 92, in _execute_with_wrappers
    return executor(sql, params, many, context)
           ^^^^^^^^^^^^^^^^^^^^^^^^^^^^^^^^^^^^
  File "/home/dev11/Videos/e700/backend/venv/lib/python3.12/site-packages/django/db/backends/utils.py", line 100, in _execute
    with self.db.wrap_database_errors:
  File "/home/dev11/Videos/e700/backend/venv/lib/python3.12/site-packages/django/db/utils.py", line 91, in __exit__
    raise dj_exc_value.with_traceback(traceback) from exc_value
  File "/home/dev11/Videos/e700/backend/venv/lib/python3.12/site-packages/django/db/backends/utils.py", line 105, in _execute
    return self.cursor.execute(sql, params)
           ^^^^^^^^^^^^^^^^^^^^^^^^^^^^^^^^
django.db.utils.ProgrammingError: column how_found_defects.occation does not exist
LINE 1: SELECT "how_found_defects"."id", "how_found_defects"."occati...
                                         ^
HINT:  Perhaps you meant to reference the column "how_found_defects.occasion".

[ERROR] 2025-08-25 03:25:55,753 django.db.backends:35 - SQL queries executed for GET /api/how_found_defects/:(method=- path=-)
[ERROR] 2025-08-25 03:25:55,754 django.db.backends:39 -   (0.002) SELECT "django_session"."session_key", "django_session"."session_data", "django_session"."expire_date" FROM "django_session" WHERE ("django_session"."expire_date" > '2025-08-25T03:25:55.514942+00:00'::timestamptz AND "django_session"."session_key" = 'qyqrv3orcv4he5ovwizkvdfvihl2aws4') LIMIT 21(method=- path=-)
[ERROR] 2025-08-25 03:25:55,754 django.db.backends:39 -   (0.001) SELECT "how_found_defects"."id", "how_found_defects"."occation", "how_found_defects"."user_type" FROM "how_found_defects"(method=- path=-)
[ERROR] 2025-08-25 03:25:55,754 django.db.backends:39 -   (0.004) SELECT "how_found_defects"."id", "how_found_defects"."occation", "how_found_defects"."user_type" FROM "how_found_defects" LIMIT 21(method=- path=-)
[ERROR] 2025-08-25 03:25:55,756 django.db.backends:39 -   (0.005) SELECT "how_found_defects"."id", "how_found_defects"."occation", "how_found_defects"."user_type" FROM "how_found_defects" LIMIT 21(method=- path=-)
[ERROR] 2025-08-25 03:25:55,756 django.db.backends:39 -   (0.005) SELECT "how_found_defects"."id", "how_found_defects"."occation", "how_found_defects"."user_type" FROM "how_found_defects" LIMIT 21(method=- path=-)
[ERROR] 2025-08-25 03:25:55,757 django.db.backends:39 -   (0.002) SELECT "how_found_defects"."id", "how_found_defects"."occation", "how_found_defects"."user_type" FROM "how_found_defects" LIMIT 21(method=- path=-)
[ERROR] 2025-08-25 03:25:55,757 django.db.backends:39 -   (0.000) SELECT "how_found_defects"."id", "how_found_defects"."occation", "how_found_defects"."user_type" FROM "how_found_defects" LIMIT 21(method=- path=-)
[ERROR] 2025-08-25 03:25:55,757 django.db.backends:39 -   (0.000) SELECT "how_found_defects"."id", "how_found_defects"."occation", "how_found_defects"."user_type" FROM "how_found_defects" LIMIT 21(method=- path=-)
[ERROR] 2025-08-25 03:25:55,757 django.db.backends:39 -   (0.000) SELECT "how_found_defects"."id", "how_found_defects"."occation", "how_found_defects"."user_type" FROM "how_found_defects" LIMIT 21(method=- path=-)
[ERROR] 2025-08-25 03:25:55,757 django.db.backends:39 -   (0.000) SELECT "how_found_defects"."id", "how_found_defects"."occation", "how_found_defects"."user_type" FROM "how_found_defects" LIMIT 21(method=- path=-)
[ERROR] 2025-08-25 03:25:55,758 django.db.backends:39 -   (0.001) SELECT "how_found_defects"."id", "how_found_defects"."occation", "how_found_defects"."user_type" FROM "how_found_defects" LIMIT 21(method=- path=-)
[ERROR] 2025-08-25 03:25:55,758 django.db.backends:39 -   (0.000) SELECT "how_found_defects"."id", "how_found_defects"."occation", "how_found_defects"."user_type" FROM "how_found_defects" LIMIT 21(method=- path=-)
[INFO] 2025-08-25 03:25:55,759 django.server:213 - "GET /api/aircraft_masters/201710263/ HTTP/1.1" 200 524(method=- path=-)
[ERROR] 2025-08-25 03:25:55,760 django.server:213 - "GET /api/how_found_defects/ HTTP/1.1" 500 170201(method=- path=-)
[ERROR] 2025-08-25 03:25:55,782 django.request:248 - Internal Server Error: /api/entry_types/(method=- path=-)
Traceback (most recent call last):
  File "/home/dev11/Videos/e700/backend/venv/lib/python3.12/site-packages/django/db/backends/utils.py", line 105, in _execute
    return self.cursor.execute(sql, params)
           ^^^^^^^^^^^^^^^^^^^^^^^^^^^^^^^^
psycopg2.errors.UndefinedColumn: column entry_types.occation does not exist
LINE 1: SELECT "entry_types"."id", "entry_types"."occation" FROM "en...
                                   ^
HINT:  Perhaps you meant to reference the column "entry_types.occasion".


The above exception was the direct cause of the following exception:

Traceback (most recent call last):
  File "/home/dev11/Videos/e700/backend/venv/lib/python3.12/site-packages/django/core/handlers/exception.py", line 55, in inner
    response = get_response(request)
               ^^^^^^^^^^^^^^^^^^^^^
  File "/home/dev11/Videos/e700/backend/venv/lib/python3.12/site-packages/django/core/handlers/base.py", line 197, in _get_response
    response = wrapped_callback(request, *callback_args, **callback_kwargs)
               ^^^^^^^^^^^^^^^^^^^^^^^^^^^^^^^^^^^^^^^^^^^^^^^^^^^^^^^^^^^^
  File "/home/dev11/Videos/e700/backend/venv/lib/python3.12/site-packages/django/views/decorators/csrf.py", line 65, in _view_wrapper
    return view_func(request, *args, **kwargs)
           ^^^^^^^^^^^^^^^^^^^^^^^^^^^^^^^^^^^
  File "/home/dev11/Videos/e700/backend/venv/lib/python3.12/site-packages/rest_framework/viewsets.py", line 125, in view
    return self.dispatch(request, *args, **kwargs)
           ^^^^^^^^^^^^^^^^^^^^^^^^^^^^^^^^^^^^^^^
  File "/home/dev11/Videos/e700/backend/venv/lib/python3.12/site-packages/rest_framework/views.py", line 515, in dispatch
    response = self.handle_exception(exc)
               ^^^^^^^^^^^^^^^^^^^^^^^^^^
  File "/home/dev11/Videos/e700/backend/venv/lib/python3.12/site-packages/rest_framework/views.py", line 475, in handle_exception
    self.raise_uncaught_exception(exc)
  File "/home/dev11/Videos/e700/backend/venv/lib/python3.12/site-packages/rest_framework/views.py", line 486, in raise_uncaught_exception
    raise exc
  File "/home/dev11/Videos/e700/backend/venv/lib/python3.12/site-packages/rest_framework/views.py", line 512, in dispatch
    response = handler(request, *args, **kwargs)
               ^^^^^^^^^^^^^^^^^^^^^^^^^^^^^^^^^
  File "/home/dev11/Videos/e700/backend/userprofile/views.py", line 190, in list
    return Response(serializer.data)
                    ^^^^^^^^^^^^^^^
  File "/home/dev11/Videos/e700/backend/venv/lib/python3.12/site-packages/rest_framework/serializers.py", line 797, in data
    ret = super().data
          ^^^^^^^^^^^^
  File "/home/dev11/Videos/e700/backend/venv/lib/python3.12/site-packages/rest_framework/serializers.py", line 251, in data
    self._data = self.to_representation(self.instance)
                 ^^^^^^^^^^^^^^^^^^^^^^^^^^^^^^^^^^^^^
  File "/home/dev11/Videos/e700/backend/venv/lib/python3.12/site-packages/rest_framework/serializers.py", line 715, in to_representation
    return [
           ^
  File "/home/dev11/Videos/e700/backend/venv/lib/python3.12/site-packages/django/db/models/query.py", line 384, in __iter__
    self._fetch_all()
  File "/home/dev11/Videos/e700/backend/venv/lib/python3.12/site-packages/django/db/models/query.py", line 1945, in _fetch_all
    self._result_cache = list(self._iterable_class(self))
                         ^^^^^^^^^^^^^^^^^^^^^^^^^^^^^^^^
  File "/home/dev11/Videos/e700/backend/venv/lib/python3.12/site-packages/django/db/models/query.py", line 91, in __iter__
    results = compiler.execute_sql(
              ^^^^^^^^^^^^^^^^^^^^^
  File "/home/dev11/Videos/e700/backend/venv/lib/python3.12/site-packages/django/db/models/sql/compiler.py", line 1623, in execute_sql
    cursor.execute(sql, params)
  File "/home/dev11/Videos/e700/backend/venv/lib/python3.12/site-packages/django/db/backends/utils.py", line 122, in execute
    return super().execute(sql, params)
           ^^^^^^^^^^^^^^^^^^^^^^^^^^^^
  File "/home/dev11/Videos/e700/backend/venv/lib/python3.12/site-packages/django/db/backends/utils.py", line 79, in execute
    return self._execute_with_wrappers(
           ^^^^^^^^^^^^^^^^^^^^^^^^^^^^
  File "/home/dev11/Videos/e700/backend/venv/lib/python3.12/site-packages/django/db/backends/utils.py", line 92, in _execute_with_wrappers
    return executor(sql, params, many, context)
           ^^^^^^^^^^^^^^^^^^^^^^^^^^^^^^^^^^^^
  File "/home/dev11/Videos/e700/backend/venv/lib/python3.12/site-packages/django/db/backends/utils.py", line 100, in _execute
    with self.db.wrap_database_errors:
  File "/home/dev11/Videos/e700/backend/venv/lib/python3.12/site-packages/django/db/utils.py", line 91, in __exit__
    raise dj_exc_value.with_traceback(traceback) from exc_value
  File "/home/dev11/Videos/e700/backend/venv/lib/python3.12/site-packages/django/db/backends/utils.py", line 105, in _execute
    return self.cursor.execute(sql, params)
           ^^^^^^^^^^^^^^^^^^^^^^^^^^^^^^^^
django.db.utils.ProgrammingError: column entry_types.occation does not exist
LINE 1: SELECT "entry_types"."id", "entry_types"."occation" FROM "en...
                                   ^
HINT:  Perhaps you meant to reference the column "entry_types.occasion".

[ERROR] 2025-08-25 03:25:55,783 django.db.backends:35 - SQL queries executed for GET /api/entry_types/:(method=- path=-)
[ERROR] 2025-08-25 03:25:55,783 django.db.backends:39 -   (0.002) SELECT "django_session"."session_key", "django_session"."session_data", "django_session"."expire_date" FROM "django_session" WHERE ("django_session"."expire_date" > '2025-08-25T03:25:55.515671+00:00'::timestamptz AND "django_session"."session_key" = 'qyqrv3orcv4he5ovwizkvdfvihl2aws4') LIMIT 21(method=- path=-)
[ERROR] 2025-08-25 03:25:55,783 django.db.backends:39 -   (0.006) SELECT "entry_types"."id", "entry_types"."occation" FROM "entry_types"(method=- path=-)
[ERROR] 2025-08-25 03:25:55,783 django.db.backends:39 -   (0.000) SELECT "entry_types"."id", "entry_types"."occation" FROM "entry_types" LIMIT 21(method=- path=-)
[ERROR] 2025-08-25 03:25:55,783 django.db.backends:39 -   (0.000) SELECT "entry_types"."id", "entry_types"."occation" FROM "entry_types" LIMIT 21(method=- path=-)
[ERROR] 2025-08-25 03:25:55,783 django.db.backends:39 -   (0.000) SELECT "entry_types"."id", "entry_types"."occation" FROM "entry_types" LIMIT 21(method=- path=-)
[ERROR] 2025-08-25 03:25:55,783 django.db.backends:39 -   (0.000) SELECT "entry_types"."id", "entry_types"."occation" FROM "entry_types" LIMIT 21(method=- path=-)
[ERROR] 2025-08-25 03:25:55,783 django.db.backends:39 -   (0.000) SELECT "entry_types"."id", "entry_types"."occation" FROM "entry_types" LIMIT 21(method=- path=-)
[ERROR] 2025-08-25 03:25:55,783 django.db.backends:39 -   (0.000) SELECT "entry_types"."id", "entry_types"."occation" FROM "entry_types" LIMIT 21(method=- path=-)
[ERROR] 2025-08-25 03:25:55,783 django.db.backends:39 -   (0.000) SELECT "entry_types"."id", "entry_types"."occation" FROM "entry_types" LIMIT 21(method=- path=-)
[ERROR] 2025-08-25 03:25:55,783 django.db.backends:39 -   (0.000) SELECT "entry_types"."id", "entry_types"."occation" FROM "entry_types" LIMIT 21(method=- path=-)
[ERROR] 2025-08-25 03:25:55,783 django.db.backends:39 -   (0.000) SELECT "entry_types"."id", "entry_types"."occation" FROM "entry_types" LIMIT 21(method=- path=-)
[ERROR] 2025-08-25 03:25:55,784 django.db.backends:39 -   (0.000) SELECT "entry_types"."id", "entry_types"."occation" FROM "entry_types" LIMIT 21(method=- path=-)
[ERROR] 2025-08-25 03:25:55,784 django.server:213 - "GET /api/entry_types/ HTTP/1.1" 500 169273(method=- path=-)
[INFO] 2025-08-25 03:28:10,421 django.server:213 - "GET /user-profile/ HTTP/1.1" 200 180(method=- path=-)
[INFO] 2025-08-25 03:28:10,427 django.server:213 - "GET /user-profile/ HTTP/1.1" 200 180(method=- path=-)
[INFO] 2025-08-25 03:28:10,434 django.server:213 - "GET /api/params/get/ HTTP/1.1" 200 76(method=- path=-)
[INFO] 2025-08-25 03:28:10,438 django.server:213 - "GET /api/params/get/ HTTP/1.1" 200 76(method=- path=-)
[ERROR] 2025-08-25 03:28:10,583 django.request:248 - Internal Server Error: /api/how_found_defects/(method=- path=-)
Traceback (most recent call last):
  File "/home/dev11/Videos/e700/backend/venv/lib/python3.12/site-packages/django/db/backends/utils.py", line 105, in _execute
    return self.cursor.execute(sql, params)
           ^^^^^^^^^^^^^^^^^^^^^^^^^^^^^^^^
psycopg2.errors.UndefinedColumn: column how_found_defects.occation does not exist
LINE 1: SELECT "how_found_defects"."id", "how_found_defects"."occati...
                                         ^
HINT:  Perhaps you meant to reference the column "how_found_defects.occasion".


The above exception was the direct cause of the following exception:

Traceback (most recent call last):
  File "/home/dev11/Videos/e700/backend/venv/lib/python3.12/site-packages/django/core/handlers/exception.py", line 55, in inner
    response = get_response(request)
               ^^^^^^^^^^^^^^^^^^^^^
  File "/home/dev11/Videos/e700/backend/venv/lib/python3.12/site-packages/django/core/handlers/base.py", line 197, in _get_response
    response = wrapped_callback(request, *callback_args, **callback_kwargs)
               ^^^^^^^^^^^^^^^^^^^^^^^^^^^^^^^^^^^^^^^^^^^^^^^^^^^^^^^^^^^^
  File "/home/dev11/Videos/e700/backend/venv/lib/python3.12/site-packages/django/views/decorators/csrf.py", line 65, in _view_wrapper
    return view_func(request, *args, **kwargs)
           ^^^^^^^^^^^^^^^^^^^^^^^^^^^^^^^^^^^
  File "/home/dev11/Videos/e700/backend/venv/lib/python3.12/site-packages/rest_framework/viewsets.py", line 125, in view
    return self.dispatch(request, *args, **kwargs)
           ^^^^^^^^^^^^^^^^^^^^^^^^^^^^^^^^^^^^^^^
  File "/home/dev11/Videos/e700/backend/venv/lib/python3.12/site-packages/rest_framework/views.py", line 515, in dispatch
    response = self.handle_exception(exc)
               ^^^^^^^^^^^^^^^^^^^^^^^^^^
  File "/home/dev11/Videos/e700/backend/venv/lib/python3.12/site-packages/rest_framework/views.py", line 475, in handle_exception
    self.raise_uncaught_exception(exc)
  File "/home/dev11/Videos/e700/backend/venv/lib/python3.12/site-packages/rest_framework/views.py", line 486, in raise_uncaught_exception
    raise exc
  File "/home/dev11/Videos/e700/backend/venv/lib/python3.12/site-packages/rest_framework/views.py", line 512, in dispatch
    response = handler(request, *args, **kwargs)
               ^^^^^^^^^^^^^^^^^^^^^^^^^^^^^^^^^
  File "/home/dev11/Videos/e700/backend/userprofile/views.py", line 190, in list
    return Response(serializer.data)
                    ^^^^^^^^^^^^^^^
  File "/home/dev11/Videos/e700/backend/venv/lib/python3.12/site-packages/rest_framework/serializers.py", line 797, in data
    ret = super().data
          ^^^^^^^^^^^^
  File "/home/dev11/Videos/e700/backend/venv/lib/python3.12/site-packages/rest_framework/serializers.py", line 251, in data
    self._data = self.to_representation(self.instance)
                 ^^^^^^^^^^^^^^^^^^^^^^^^^^^^^^^^^^^^^
  File "/home/dev11/Videos/e700/backend/venv/lib/python3.12/site-packages/rest_framework/serializers.py", line 715, in to_representation
    return [
           ^
  File "/home/dev11/Videos/e700/backend/venv/lib/python3.12/site-packages/django/db/models/query.py", line 384, in __iter__
    self._fetch_all()
  File "/home/dev11/Videos/e700/backend/venv/lib/python3.12/site-packages/django/db/models/query.py", line 1945, in _fetch_all
    self._result_cache = list(self._iterable_class(self))
                         ^^^^^^^^^^^^^^^^^^^^^^^^^^^^^^^^
  File "/home/dev11/Videos/e700/backend/venv/lib/python3.12/site-packages/django/db/models/query.py", line 91, in __iter__
    results = compiler.execute_sql(
              ^^^^^^^^^^^^^^^^^^^^^
  File "/home/dev11/Videos/e700/backend/venv/lib/python3.12/site-packages/django/db/models/sql/compiler.py", line 1623, in execute_sql
    cursor.execute(sql, params)
  File "/home/dev11/Videos/e700/backend/venv/lib/python3.12/site-packages/django/db/backends/utils.py", line 122, in execute
    return super().execute(sql, params)
           ^^^^^^^^^^^^^^^^^^^^^^^^^^^^
  File "/home/dev11/Videos/e700/backend/venv/lib/python3.12/site-packages/django/db/backends/utils.py", line 79, in execute
    return self._execute_with_wrappers(
           ^^^^^^^^^^^^^^^^^^^^^^^^^^^^
  File "/home/dev11/Videos/e700/backend/venv/lib/python3.12/site-packages/django/db/backends/utils.py", line 92, in _execute_with_wrappers
    return executor(sql, params, many, context)
           ^^^^^^^^^^^^^^^^^^^^^^^^^^^^^^^^^^^^
  File "/home/dev11/Videos/e700/backend/venv/lib/python3.12/site-packages/django/db/backends/utils.py", line 100, in _execute
    with self.db.wrap_database_errors:
  File "/home/dev11/Videos/e700/backend/venv/lib/python3.12/site-packages/django/db/utils.py", line 91, in __exit__
    raise dj_exc_value.with_traceback(traceback) from exc_value
  File "/home/dev11/Videos/e700/backend/venv/lib/python3.12/site-packages/django/db/backends/utils.py", line 105, in _execute
    return self.cursor.execute(sql, params)
           ^^^^^^^^^^^^^^^^^^^^^^^^^^^^^^^^
django.db.utils.ProgrammingError: column how_found_defects.occation does not exist
LINE 1: SELECT "how_found_defects"."id", "how_found_defects"."occati...
                                         ^
HINT:  Perhaps you meant to reference the column "how_found_defects.occasion".

[ERROR] 2025-08-25 03:28:10,584 django.db.backends:35 - SQL queries executed for GET /api/how_found_defects/:(method=- path=-)
[ERROR] 2025-08-25 03:28:10,584 django.db.backends:39 -   (0.002) SELECT "django_session"."session_key", "django_session"."session_data", "django_session"."expire_date" FROM "django_session" WHERE ("django_session"."expire_date" > '2025-08-25T03:28:10.478004+00:00'::timestamptz AND "django_session"."session_key" = 'qyqrv3orcv4he5ovwizkvdfvihl2aws4') LIMIT 21(method=- path=-)
[ERROR] 2025-08-25 03:28:10,584 django.db.backends:39 -   (0.001) SELECT "how_found_defects"."id", "how_found_defects"."occation", "how_found_defects"."user_type" FROM "how_found_defects"(method=- path=-)
[ERROR] 2025-08-25 03:28:10,584 django.db.backends:39 -   (0.000) SELECT "how_found_defects"."id", "how_found_defects"."occation", "how_found_defects"."user_type" FROM "how_found_defects" LIMIT 21(method=- path=-)
[ERROR] 2025-08-25 03:28:10,584 django.db.backends:39 -   (0.000) SELECT "how_found_defects"."id", "how_found_defects"."occation", "how_found_defects"."user_type" FROM "how_found_defects" LIMIT 21(method=- path=-)
[ERROR] 2025-08-25 03:28:10,584 django.db.backends:39 -   (0.000) SELECT "how_found_defects"."id", "how_found_defects"."occation", "how_found_defects"."user_type" FROM "how_found_defects" LIMIT 21(method=- path=-)
[ERROR] 2025-08-25 03:28:10,584 django.db.backends:39 -   (0.000) SELECT "how_found_defects"."id", "how_found_defects"."occation", "how_found_defects"."user_type" FROM "how_found_defects" LIMIT 21(method=- path=-)
[ERROR] 2025-08-25 03:28:10,584 django.db.backends:39 -   (0.000) SELECT "how_found_defects"."id", "how_found_defects"."occation", "how_found_defects"."user_type" FROM "how_found_defects" LIMIT 21(method=- path=-)
[ERROR] 2025-08-25 03:28:10,584 django.db.backends:39 -   (0.000) SELECT "how_found_defects"."id", "how_found_defects"."occation", "how_found_defects"."user_type" FROM "how_found_defects" LIMIT 21(method=- path=-)
[ERROR] 2025-08-25 03:28:10,584 django.db.backends:39 -   (0.000) SELECT "how_found_defects"."id", "how_found_defects"."occation", "how_found_defects"."user_type" FROM "how_found_defects" LIMIT 21(method=- path=-)
[ERROR] 2025-08-25 03:28:10,584 django.db.backends:39 -   (0.000) SELECT "how_found_defects"."id", "how_found_defects"."occation", "how_found_defects"."user_type" FROM "how_found_defects" LIMIT 21(method=- path=-)
[ERROR] 2025-08-25 03:28:10,584 django.db.backends:39 -   (0.000) SELECT "how_found_defects"."id", "how_found_defects"."occation", "how_found_defects"."user_type" FROM "how_found_defects" LIMIT 21(method=- path=-)
[ERROR] 2025-08-25 03:28:10,584 django.db.backends:39 -   (0.000) SELECT "how_found_defects"."id", "how_found_defects"."occation", "how_found_defects"."user_type" FROM "how_found_defects" LIMIT 21(method=- path=-)
[ERROR] 2025-08-25 03:28:10,584 django.server:213 - "GET /api/how_found_defects/ HTTP/1.1" 500 170201(method=- path=-)
[ERROR] 2025-08-25 03:28:10,609 django.request:248 - Internal Server Error: /api/entry_types/(method=- path=-)
Traceback (most recent call last):
  File "/home/dev11/Videos/e700/backend/venv/lib/python3.12/site-packages/django/db/backends/utils.py", line 105, in _execute
    return self.cursor.execute(sql, params)
           ^^^^^^^^^^^^^^^^^^^^^^^^^^^^^^^^
psycopg2.errors.UndefinedColumn: column entry_types.occation does not exist
LINE 1: SELECT "entry_types"."id", "entry_types"."occation" FROM "en...
                                   ^
HINT:  Perhaps you meant to reference the column "entry_types.occasion".


The above exception was the direct cause of the following exception:

Traceback (most recent call last):
  File "/home/dev11/Videos/e700/backend/venv/lib/python3.12/site-packages/django/core/handlers/exception.py", line 55, in inner
    response = get_response(request)
               ^^^^^^^^^^^^^^^^^^^^^
  File "/home/dev11/Videos/e700/backend/venv/lib/python3.12/site-packages/django/core/handlers/base.py", line 197, in _get_response
    response = wrapped_callback(request, *callback_args, **callback_kwargs)
               ^^^^^^^^^^^^^^^^^^^^^^^^^^^^^^^^^^^^^^^^^^^^^^^^^^^^^^^^^^^^
  File "/home/dev11/Videos/e700/backend/venv/lib/python3.12/site-packages/django/views/decorators/csrf.py", line 65, in _view_wrapper
    return view_func(request, *args, **kwargs)
           ^^^^^^^^^^^^^^^^^^^^^^^^^^^^^^^^^^^
  File "/home/dev11/Videos/e700/backend/venv/lib/python3.12/site-packages/rest_framework/viewsets.py", line 125, in view
    return self.dispatch(request, *args, **kwargs)
           ^^^^^^^^^^^^^^^^^^^^^^^^^^^^^^^^^^^^^^^
  File "/home/dev11/Videos/e700/backend/venv/lib/python3.12/site-packages/rest_framework/views.py", line 515, in dispatch
    response = self.handle_exception(exc)
               ^^^^^^^^^^^^^^^^^^^^^^^^^^
  File "/home/dev11/Videos/e700/backend/venv/lib/python3.12/site-packages/rest_framework/views.py", line 475, in handle_exception
    self.raise_uncaught_exception(exc)
  File "/home/dev11/Videos/e700/backend/venv/lib/python3.12/site-packages/rest_framework/views.py", line 486, in raise_uncaught_exception
    raise exc
  File "/home/dev11/Videos/e700/backend/venv/lib/python3.12/site-packages/rest_framework/views.py", line 512, in dispatch
    response = handler(request, *args, **kwargs)
               ^^^^^^^^^^^^^^^^^^^^^^^^^^^^^^^^^
  File "/home/dev11/Videos/e700/backend/userprofile/views.py", line 190, in list
    return Response(serializer.data)
                    ^^^^^^^^^^^^^^^
  File "/home/dev11/Videos/e700/backend/venv/lib/python3.12/site-packages/rest_framework/serializers.py", line 797, in data
    ret = super().data
          ^^^^^^^^^^^^
  File "/home/dev11/Videos/e700/backend/venv/lib/python3.12/site-packages/rest_framework/serializers.py", line 251, in data
    self._data = self.to_representation(self.instance)
                 ^^^^^^^^^^^^^^^^^^^^^^^^^^^^^^^^^^^^^
  File "/home/dev11/Videos/e700/backend/venv/lib/python3.12/site-packages/rest_framework/serializers.py", line 715, in to_representation
    return [
           ^
  File "/home/dev11/Videos/e700/backend/venv/lib/python3.12/site-packages/django/db/models/query.py", line 384, in __iter__
    self._fetch_all()
  File "/home/dev11/Videos/e700/backend/venv/lib/python3.12/site-packages/django/db/models/query.py", line 1945, in _fetch_all
    self._result_cache = list(self._iterable_class(self))
                         ^^^^^^^^^^^^^^^^^^^^^^^^^^^^^^^^
  File "/home/dev11/Videos/e700/backend/venv/lib/python3.12/site-packages/django/db/models/query.py", line 91, in __iter__
    results = compiler.execute_sql(
              ^^^^^^^^^^^^^^^^^^^^^
  File "/home/dev11/Videos/e700/backend/venv/lib/python3.12/site-packages/django/db/models/sql/compiler.py", line 1623, in execute_sql
    cursor.execute(sql, params)
  File "/home/dev11/Videos/e700/backend/venv/lib/python3.12/site-packages/django/db/backends/utils.py", line 122, in execute
    return super().execute(sql, params)
           ^^^^^^^^^^^^^^^^^^^^^^^^^^^^
  File "/home/dev11/Videos/e700/backend/venv/lib/python3.12/site-packages/django/db/backends/utils.py", line 79, in execute
    return self._execute_with_wrappers(
           ^^^^^^^^^^^^^^^^^^^^^^^^^^^^
  File "/home/dev11/Videos/e700/backend/venv/lib/python3.12/site-packages/django/db/backends/utils.py", line 92, in _execute_with_wrappers
    return executor(sql, params, many, context)
           ^^^^^^^^^^^^^^^^^^^^^^^^^^^^^^^^^^^^
  File "/home/dev11/Videos/e700/backend/venv/lib/python3.12/site-packages/django/db/backends/utils.py", line 100, in _execute
    with self.db.wrap_database_errors:
  File "/home/dev11/Videos/e700/backend/venv/lib/python3.12/site-packages/django/db/utils.py", line 91, in __exit__
    raise dj_exc_value.with_traceback(traceback) from exc_value
  File "/home/dev11/Videos/e700/backend/venv/lib/python3.12/site-packages/django/db/backends/utils.py", line 105, in _execute
    return self.cursor.execute(sql, params)
           ^^^^^^^^^^^^^^^^^^^^^^^^^^^^^^^^
django.db.utils.ProgrammingError: column entry_types.occation does not exist
LINE 1: SELECT "entry_types"."id", "entry_types"."occation" FROM "en...
                                   ^
HINT:  Perhaps you meant to reference the column "entry_types.occasion".

[ERROR] 2025-08-25 03:28:10,611 django.db.backends:35 - SQL queries executed for GET /api/entry_types/:(method=- path=-)
[ERROR] 2025-08-25 03:28:10,611 django.db.backends:39 -   (0.002) SELECT "django_session"."session_key", "django_session"."session_data", "django_session"."expire_date" FROM "django_session" WHERE ("django_session"."expire_date" > '2025-08-25T03:28:10.479176+00:00'::timestamptz AND "django_session"."session_key" = 'qyqrv3orcv4he5ovwizkvdfvihl2aws4') LIMIT 21(method=- path=-)
[INFO] 2025-08-25 03:28:10,611 django.server:213 - "GET /api/aircraft_masters/201710263/ HTTP/1.1" 200 524(method=- path=-)
[ERROR] 2025-08-25 03:28:10,611 django.db.backends:39 -   (0.001) SELECT "entry_types"."id", "entry_types"."occation" FROM "entry_types"(method=- path=-)
[ERROR] 2025-08-25 03:28:10,611 django.db.backends:39 -   (0.000) SELECT "entry_types"."id", "entry_types"."occation" FROM "entry_types" LIMIT 21(method=- path=-)
[ERROR] 2025-08-25 03:28:10,611 django.db.backends:39 -   (0.000) SELECT "entry_types"."id", "entry_types"."occation" FROM "entry_types" LIMIT 21(method=- path=-)
[ERROR] 2025-08-25 03:28:10,611 django.db.backends:39 -   (0.000) SELECT "entry_types"."id", "entry_types"."occation" FROM "entry_types" LIMIT 21(method=- path=-)
[ERROR] 2025-08-25 03:28:10,611 django.db.backends:39 -   (0.000) SELECT "entry_types"."id", "entry_types"."occation" FROM "entry_types" LIMIT 21(method=- path=-)
[ERROR] 2025-08-25 03:28:10,611 django.db.backends:39 -   (0.000) SELECT "entry_types"."id", "entry_types"."occation" FROM "entry_types" LIMIT 21(method=- path=-)
[ERROR] 2025-08-25 03:28:10,611 django.db.backends:39 -   (0.000) SELECT "entry_types"."id", "entry_types"."occation" FROM "entry_types" LIMIT 21(method=- path=-)
[ERROR] 2025-08-25 03:28:10,611 django.db.backends:39 -   (0.001) SELECT "entry_types"."id", "entry_types"."occation" FROM "entry_types" LIMIT 21(method=- path=-)
[ERROR] 2025-08-25 03:28:10,611 django.db.backends:39 -   (0.000) SELECT "entry_types"."id", "entry_types"."occation" FROM "entry_types" LIMIT 21(method=- path=-)
[ERROR] 2025-08-25 03:28:10,612 django.db.backends:39 -   (0.001) SELECT "entry_types"."id", "entry_types"."occation" FROM "entry_types" LIMIT 21(method=- path=-)
[ERROR] 2025-08-25 03:28:10,612 django.db.backends:39 -   (0.000) SELECT "entry_types"."id", "entry_types"."occation" FROM "entry_types" LIMIT 21(method=- path=-)
[ERROR] 2025-08-25 03:28:10,612 django.server:213 - "GET /api/entry_types/ HTTP/1.1" 500 169273(method=- path=-)
[ERROR] 2025-08-25 03:28:10,669 django.request:248 - Internal Server Error: /api/entry_types/(method=- path=-)
Traceback (most recent call last):
  File "/home/dev11/Videos/e700/backend/venv/lib/python3.12/site-packages/django/db/backends/utils.py", line 105, in _execute
    return self.cursor.execute(sql, params)
           ^^^^^^^^^^^^^^^^^^^^^^^^^^^^^^^^
psycopg2.errors.UndefinedColumn: column entry_types.occation does not exist
LINE 1: SELECT "entry_types"."id", "entry_types"."occation" FROM "en...
                                   ^
HINT:  Perhaps you meant to reference the column "entry_types.occasion".


The above exception was the direct cause of the following exception:

Traceback (most recent call last):
  File "/home/dev11/Videos/e700/backend/venv/lib/python3.12/site-packages/django/core/handlers/exception.py", line 55, in inner
    response = get_response(request)
               ^^^^^^^^^^^^^^^^^^^^^
  File "/home/dev11/Videos/e700/backend/venv/lib/python3.12/site-packages/django/core/handlers/base.py", line 197, in _get_response
    response = wrapped_callback(request, *callback_args, **callback_kwargs)
               ^^^^^^^^^^^^^^^^^^^^^^^^^^^^^^^^^^^^^^^^^^^^^^^^^^^^^^^^^^^^
  File "/home/dev11/Videos/e700/backend/venv/lib/python3.12/site-packages/django/views/decorators/csrf.py", line 65, in _view_wrapper
    return view_func(request, *args, **kwargs)
           ^^^^^^^^^^^^^^^^^^^^^^^^^^^^^^^^^^^
  File "/home/dev11/Videos/e700/backend/venv/lib/python3.12/site-packages/rest_framework/viewsets.py", line 125, in view
    return self.dispatch(request, *args, **kwargs)
           ^^^^^^^^^^^^^^^^^^^^^^^^^^^^^^^^^^^^^^^
  File "/home/dev11/Videos/e700/backend/venv/lib/python3.12/site-packages/rest_framework/views.py", line 515, in dispatch
    response = self.handle_exception(exc)
               ^^^^^^^^^^^^^^^^^^^^^^^^^^
  File "/home/dev11/Videos/e700/backend/venv/lib/python3.12/site-packages/rest_framework/views.py", line 475, in handle_exception
    self.raise_uncaught_exception(exc)
  File "/home/dev11/Videos/e700/backend/venv/lib/python3.12/site-packages/rest_framework/views.py", line 486, in raise_uncaught_exception
    raise exc
  File "/home/dev11/Videos/e700/backend/venv/lib/python3.12/site-packages/rest_framework/views.py", line 512, in dispatch
    response = handler(request, *args, **kwargs)
               ^^^^^^^^^^^^^^^^^^^^^^^^^^^^^^^^^
  File "/home/dev11/Videos/e700/backend/userprofile/views.py", line 190, in list
    return Response(serializer.data)
                    ^^^^^^^^^^^^^^^
  File "/home/dev11/Videos/e700/backend/venv/lib/python3.12/site-packages/rest_framework/serializers.py", line 797, in data
    ret = super().data
          ^^^^^^^^^^^^
  File "/home/dev11/Videos/e700/backend/venv/lib/python3.12/site-packages/rest_framework/serializers.py", line 251, in data
    self._data = self.to_representation(self.instance)
                 ^^^^^^^^^^^^^^^^^^^^^^^^^^^^^^^^^^^^^
  File "/home/dev11/Videos/e700/backend/venv/lib/python3.12/site-packages/rest_framework/serializers.py", line 715, in to_representation
    return [
           ^
  File "/home/dev11/Videos/e700/backend/venv/lib/python3.12/site-packages/django/db/models/query.py", line 384, in __iter__
    self._fetch_all()
  File "/home/dev11/Videos/e700/backend/venv/lib/python3.12/site-packages/django/db/models/query.py", line 1945, in _fetch_all
    self._result_cache = list(self._iterable_class(self))
                         ^^^^^^^^^^^^^^^^^^^^^^^^^^^^^^^^
  File "/home/dev11/Videos/e700/backend/venv/lib/python3.12/site-packages/django/db/models/query.py", line 91, in __iter__
    results = compiler.execute_sql(
              ^^^^^^^^^^^^^^^^^^^^^
  File "/home/dev11/Videos/e700/backend/venv/lib/python3.12/site-packages/django/db/models/sql/compiler.py", line 1623, in execute_sql
    cursor.execute(sql, params)
  File "/home/dev11/Videos/e700/backend/venv/lib/python3.12/site-packages/django/db/backends/utils.py", line 122, in execute
    return super().execute(sql, params)
           ^^^^^^^^^^^^^^^^^^^^^^^^^^^^
  File "/home/dev11/Videos/e700/backend/venv/lib/python3.12/site-packages/django/db/backends/utils.py", line 79, in execute
    return self._execute_with_wrappers(
           ^^^^^^^^^^^^^^^^^^^^^^^^^^^^
  File "/home/dev11/Videos/e700/backend/venv/lib/python3.12/site-packages/django/db/backends/utils.py", line 92, in _execute_with_wrappers
    return executor(sql, params, many, context)
           ^^^^^^^^^^^^^^^^^^^^^^^^^^^^^^^^^^^^
  File "/home/dev11/Videos/e700/backend/venv/lib/python3.12/site-packages/django/db/backends/utils.py", line 100, in _execute
    with self.db.wrap_database_errors:
  File "/home/dev11/Videos/e700/backend/venv/lib/python3.12/site-packages/django/db/utils.py", line 91, in __exit__
    raise dj_exc_value.with_traceback(traceback) from exc_value
  File "/home/dev11/Videos/e700/backend/venv/lib/python3.12/site-packages/django/db/backends/utils.py", line 105, in _execute
    return self.cursor.execute(sql, params)
           ^^^^^^^^^^^^^^^^^^^^^^^^^^^^^^^^
django.db.utils.ProgrammingError: column entry_types.occation does not exist
LINE 1: SELECT "entry_types"."id", "entry_types"."occation" FROM "en...
                                   ^
HINT:  Perhaps you meant to reference the column "entry_types.occasion".

[ERROR] 2025-08-25 03:28:10,670 django.db.backends:35 - SQL queries executed for GET /api/entry_types/:(method=- path=-)
[ERROR] 2025-08-25 03:28:10,670 django.db.backends:39 -   (0.002) SELECT "django_session"."session_key", "django_session"."session_data", "django_session"."expire_date" FROM "django_session" WHERE ("django_session"."expire_date" > '2025-08-25T03:28:10.481799+00:00'::timestamptz AND "django_session"."session_key" = 'qyqrv3orcv4he5ovwizkvdfvihl2aws4') LIMIT 21(method=- path=-)
[INFO] 2025-08-25 03:28:10,670 django.server:213 - "GET /api/aircraft_masters/201710263/?include=aircraft_type HTTP/1.1" 200 766(method=- path=-)
[ERROR] 2025-08-25 03:28:10,670 django.db.backends:39 -   (0.001) SELECT "entry_types"."id", "entry_types"."occation" FROM "entry_types"(method=- path=-)
[ERROR] 2025-08-25 03:28:10,670 django.db.backends:39 -   (0.000) SELECT "entry_types"."id", "entry_types"."occation" FROM "entry_types" LIMIT 21(method=- path=-)
[ERROR] 2025-08-25 03:28:10,670 django.db.backends:39 -   (0.000) SELECT "entry_types"."id", "entry_types"."occation" FROM "entry_types" LIMIT 21(method=- path=-)
[ERROR] 2025-08-25 03:28:10,670 django.db.backends:39 -   (0.000) SELECT "entry_types"."id", "entry_types"."occation" FROM "entry_types" LIMIT 21(method=- path=-)
[ERROR] 2025-08-25 03:28:10,670 django.db.backends:39 -   (0.000) SELECT "entry_types"."id", "entry_types"."occation" FROM "entry_types" LIMIT 21(method=- path=-)
[ERROR] 2025-08-25 03:28:10,670 django.db.backends:39 -   (0.001) SELECT "entry_types"."id", "entry_types"."occation" FROM "entry_types" LIMIT 21(method=- path=-)
[ERROR] 2025-08-25 03:28:10,670 django.db.backends:39 -   (0.001) SELECT "entry_types"."id", "entry_types"."occation" FROM "entry_types" LIMIT 21(method=- path=-)
[ERROR] 2025-08-25 03:28:10,670 django.db.backends:39 -   (0.001) SELECT "entry_types"."id", "entry_types"."occation" FROM "entry_types" LIMIT 21(method=- path=-)
[ERROR] 2025-08-25 03:28:10,670 django.db.backends:39 -   (0.000) SELECT "entry_types"."id", "entry_types"."occation" FROM "entry_types" LIMIT 21(method=- path=-)
[ERROR] 2025-08-25 03:28:10,670 django.db.backends:39 -   (0.000) SELECT "entry_types"."id", "entry_types"."occation" FROM "entry_types" LIMIT 21(method=- path=-)
[ERROR] 2025-08-25 03:28:10,670 django.db.backends:39 -   (0.000) SELECT "entry_types"."id", "entry_types"."occation" FROM "entry_types" LIMIT 21(method=- path=-)
[ERROR] 2025-08-25 03:28:10,671 django.server:213 - "GET /api/entry_types/ HTTP/1.1" 500 169273(method=- path=-)
[INFO] 2025-08-25 03:28:10,704 django.server:213 - "GET /api/aircraft_masters/201710263/ HTTP/1.1" 200 524(method=- path=-)
[ERROR] 2025-08-25 03:28:10,741 django.request:248 - Internal Server Error: /api/how_found_defects/(method=- path=-)
Traceback (most recent call last):
  File "/home/dev11/Videos/e700/backend/venv/lib/python3.12/site-packages/django/db/backends/utils.py", line 105, in _execute
    return self.cursor.execute(sql, params)
           ^^^^^^^^^^^^^^^^^^^^^^^^^^^^^^^^
psycopg2.errors.UndefinedColumn: column how_found_defects.occation does not exist
LINE 1: SELECT "how_found_defects"."id", "how_found_defects"."occati...
                                         ^
HINT:  Perhaps you meant to reference the column "how_found_defects.occasion".


The above exception was the direct cause of the following exception:

Traceback (most recent call last):
  File "/home/dev11/Videos/e700/backend/venv/lib/python3.12/site-packages/django/core/handlers/exception.py", line 55, in inner
    response = get_response(request)
               ^^^^^^^^^^^^^^^^^^^^^
  File "/home/dev11/Videos/e700/backend/venv/lib/python3.12/site-packages/django/core/handlers/base.py", line 197, in _get_response
    response = wrapped_callback(request, *callback_args, **callback_kwargs)
               ^^^^^^^^^^^^^^^^^^^^^^^^^^^^^^^^^^^^^^^^^^^^^^^^^^^^^^^^^^^^
  File "/home/dev11/Videos/e700/backend/venv/lib/python3.12/site-packages/django/views/decorators/csrf.py", line 65, in _view_wrapper
    return view_func(request, *args, **kwargs)
           ^^^^^^^^^^^^^^^^^^^^^^^^^^^^^^^^^^^
  File "/home/dev11/Videos/e700/backend/venv/lib/python3.12/site-packages/rest_framework/viewsets.py", line 125, in view
    return self.dispatch(request, *args, **kwargs)
           ^^^^^^^^^^^^^^^^^^^^^^^^^^^^^^^^^^^^^^^
  File "/home/dev11/Videos/e700/backend/venv/lib/python3.12/site-packages/rest_framework/views.py", line 515, in dispatch
    response = self.handle_exception(exc)
               ^^^^^^^^^^^^^^^^^^^^^^^^^^
  File "/home/dev11/Videos/e700/backend/venv/lib/python3.12/site-packages/rest_framework/views.py", line 475, in handle_exception
    self.raise_uncaught_exception(exc)
  File "/home/dev11/Videos/e700/backend/venv/lib/python3.12/site-packages/rest_framework/views.py", line 486, in raise_uncaught_exception
    raise exc
  File "/home/dev11/Videos/e700/backend/venv/lib/python3.12/site-packages/rest_framework/views.py", line 512, in dispatch
    response = handler(request, *args, **kwargs)
               ^^^^^^^^^^^^^^^^^^^^^^^^^^^^^^^^^
  File "/home/dev11/Videos/e700/backend/userprofile/views.py", line 190, in list
    return Response(serializer.data)
                    ^^^^^^^^^^^^^^^
  File "/home/dev11/Videos/e700/backend/venv/lib/python3.12/site-packages/rest_framework/serializers.py", line 797, in data
    ret = super().data
          ^^^^^^^^^^^^
  File "/home/dev11/Videos/e700/backend/venv/lib/python3.12/site-packages/rest_framework/serializers.py", line 251, in data
    self._data = self.to_representation(self.instance)
                 ^^^^^^^^^^^^^^^^^^^^^^^^^^^^^^^^^^^^^
  File "/home/dev11/Videos/e700/backend/venv/lib/python3.12/site-packages/rest_framework/serializers.py", line 715, in to_representation
    return [
           ^
  File "/home/dev11/Videos/e700/backend/venv/lib/python3.12/site-packages/django/db/models/query.py", line 384, in __iter__
    self._fetch_all()
  File "/home/dev11/Videos/e700/backend/venv/lib/python3.12/site-packages/django/db/models/query.py", line 1945, in _fetch_all
    self._result_cache = list(self._iterable_class(self))
                         ^^^^^^^^^^^^^^^^^^^^^^^^^^^^^^^^
  File "/home/dev11/Videos/e700/backend/venv/lib/python3.12/site-packages/django/db/models/query.py", line 91, in __iter__
    results = compiler.execute_sql(
              ^^^^^^^^^^^^^^^^^^^^^
  File "/home/dev11/Videos/e700/backend/venv/lib/python3.12/site-packages/django/db/models/sql/compiler.py", line 1623, in execute_sql
    cursor.execute(sql, params)
  File "/home/dev11/Videos/e700/backend/venv/lib/python3.12/site-packages/django/db/backends/utils.py", line 122, in execute
    return super().execute(sql, params)
           ^^^^^^^^^^^^^^^^^^^^^^^^^^^^
  File "/home/dev11/Videos/e700/backend/venv/lib/python3.12/site-packages/django/db/backends/utils.py", line 79, in execute
    return self._execute_with_wrappers(
           ^^^^^^^^^^^^^^^^^^^^^^^^^^^^
  File "/home/dev11/Videos/e700/backend/venv/lib/python3.12/site-packages/django/db/backends/utils.py", line 92, in _execute_with_wrappers
    return executor(sql, params, many, context)
           ^^^^^^^^^^^^^^^^^^^^^^^^^^^^^^^^^^^^
  File "/home/dev11/Videos/e700/backend/venv/lib/python3.12/site-packages/django/db/backends/utils.py", line 100, in _execute
    with self.db.wrap_database_errors:
  File "/home/dev11/Videos/e700/backend/venv/lib/python3.12/site-packages/django/db/utils.py", line 91, in __exit__
    raise dj_exc_value.with_traceback(traceback) from exc_value
  File "/home/dev11/Videos/e700/backend/venv/lib/python3.12/site-packages/django/db/backends/utils.py", line 105, in _execute
    return self.cursor.execute(sql, params)
           ^^^^^^^^^^^^^^^^^^^^^^^^^^^^^^^^
django.db.utils.ProgrammingError: column how_found_defects.occation does not exist
LINE 1: SELECT "how_found_defects"."id", "how_found_defects"."occati...
                                         ^
HINT:  Perhaps you meant to reference the column "how_found_defects.occasion".

[ERROR] 2025-08-25 03:28:10,743 django.db.backends:35 - SQL queries executed for GET /api/how_found_defects/:(method=- path=-)
[ERROR] 2025-08-25 03:28:10,743 django.db.backends:39 -   (0.002) SELECT "django_session"."session_key", "django_session"."session_data", "django_session"."expire_date" FROM "django_session" WHERE ("django_session"."expire_date" > '2025-08-25T03:28:10.481110+00:00'::timestamptz AND "django_session"."session_key" = 'qyqrv3orcv4he5ovwizkvdfvihl2aws4') LIMIT 21(method=- path=-)
[ERROR] 2025-08-25 03:28:10,743 django.db.backends:39 -   (0.001) SELECT "how_found_defects"."id", "how_found_defects"."occation", "how_found_defects"."user_type" FROM "how_found_defects"(method=- path=-)
[ERROR] 2025-08-25 03:28:10,743 django.db.backends:39 -   (0.000) SELECT "how_found_defects"."id", "how_found_defects"."occation", "how_found_defects"."user_type" FROM "how_found_defects" LIMIT 21(method=- path=-)
[ERROR] 2025-08-25 03:28:10,743 django.db.backends:39 -   (0.000) SELECT "how_found_defects"."id", "how_found_defects"."occation", "how_found_defects"."user_type" FROM "how_found_defects" LIMIT 21(method=- path=-)
[ERROR] 2025-08-25 03:28:10,743 django.db.backends:39 -   (0.000) SELECT "how_found_defects"."id", "how_found_defects"."occation", "how_found_defects"."user_type" FROM "how_found_defects" LIMIT 21(method=- path=-)
[ERROR] 2025-08-25 03:28:10,743 django.db.backends:39 -   (0.000) SELECT "how_found_defects"."id", "how_found_defects"."occation", "how_found_defects"."user_type" FROM "how_found_defects" LIMIT 21(method=- path=-)
[ERROR] 2025-08-25 03:28:10,743 django.db.backends:39 -   (0.000) SELECT "how_found_defects"."id", "how_found_defects"."occation", "how_found_defects"."user_type" FROM "how_found_defects" LIMIT 21(method=- path=-)
[ERROR] 2025-08-25 03:28:10,743 django.db.backends:39 -   (0.000) SELECT "how_found_defects"."id", "how_found_defects"."occation", "how_found_defects"."user_type" FROM "how_found_defects" LIMIT 21(method=- path=-)
[ERROR] 2025-08-25 03:28:10,743 django.db.backends:39 -   (0.000) SELECT "how_found_defects"."id", "how_found_defects"."occation", "how_found_defects"."user_type" FROM "how_found_defects" LIMIT 21(method=- path=-)
[ERROR] 2025-08-25 03:28:10,743 django.db.backends:39 -   (0.000) SELECT "how_found_defects"."id", "how_found_defects"."occation", "how_found_defects"."user_type" FROM "how_found_defects" LIMIT 21(method=- path=-)
[ERROR] 2025-08-25 03:28:10,743 django.db.backends:39 -   (0.000) SELECT "how_found_defects"."id", "how_found_defects"."occation", "how_found_defects"."user_type" FROM "how_found_defects" LIMIT 21(method=- path=-)
[ERROR] 2025-08-25 03:28:10,743 django.db.backends:39 -   (0.000) SELECT "how_found_defects"."id", "how_found_defects"."occation", "how_found_defects"."user_type" FROM "how_found_defects" LIMIT 21(method=- path=-)
[ERROR] 2025-08-25 03:28:10,744 django.server:213 - "GET /api/how_found_defects/ HTTP/1.1" 500 170201(method=- path=-)
[INFO] 2025-08-25 03:28:10,750 django.server:213 - "GET /api/aircraft_masters/201710263/?include=aircraft_type HTTP/1.1" 200 766(method=- path=-)
[WARNING] 2025-08-25 03:28:13,489 django.server:213 - "GET /installHook.js.map HTTP/1.1" 404 8378(method=- path=-)
[INFO] 2025-08-25 03:28:19,959 django.server:213 - "GET /user-profile/ HTTP/1.1" 200 180(method=- path=-)
[INFO] 2025-08-25 03:28:19,964 django.server:213 - "GET /api/params/get/ HTTP/1.1" 200 76(method=- path=-)
[INFO] 2025-08-25 03:28:19,968 django.server:213 - "GET /user-profile/ HTTP/1.1" 200 180(method=- path=-)
[INFO] 2025-08-25 03:28:19,973 django.server:213 - "GET /api/params/get/ HTTP/1.1" 200 76(method=- path=-)
[INFO] 2025-08-25 03:28:20,183 django.server:213 - "GET /api/aircraft_masters/201710263/?include=aircraft_type HTTP/1.1" 200 766(method=- path=-)
[ERROR] 2025-08-25 03:28:20,199 django.request:248 - Internal Server Error: /api/how_found_defects/(method=- path=-)
Traceback (most recent call last):
  File "/home/dev11/Videos/e700/backend/venv/lib/python3.12/site-packages/django/db/backends/utils.py", line 105, in _execute
    return self.cursor.execute(sql, params)
           ^^^^^^^^^^^^^^^^^^^^^^^^^^^^^^^^
psycopg2.errors.UndefinedColumn: column how_found_defects.occation does not exist
LINE 1: SELECT "how_found_defects"."id", "how_found_defects"."occati...
                                         ^
HINT:  Perhaps you meant to reference the column "how_found_defects.occasion".


The above exception was the direct cause of the following exception:

Traceback (most recent call last):
  File "/home/dev11/Videos/e700/backend/venv/lib/python3.12/site-packages/django/core/handlers/exception.py", line 55, in inner
    response = get_response(request)
               ^^^^^^^^^^^^^^^^^^^^^
  File "/home/dev11/Videos/e700/backend/venv/lib/python3.12/site-packages/django/core/handlers/base.py", line 197, in _get_response
    response = wrapped_callback(request, *callback_args, **callback_kwargs)
               ^^^^^^^^^^^^^^^^^^^^^^^^^^^^^^^^^^^^^^^^^^^^^^^^^^^^^^^^^^^^
  File "/home/dev11/Videos/e700/backend/venv/lib/python3.12/site-packages/django/views/decorators/csrf.py", line 65, in _view_wrapper
    return view_func(request, *args, **kwargs)
           ^^^^^^^^^^^^^^^^^^^^^^^^^^^^^^^^^^^
  File "/home/dev11/Videos/e700/backend/venv/lib/python3.12/site-packages/rest_framework/viewsets.py", line 125, in view
    return self.dispatch(request, *args, **kwargs)
           ^^^^^^^^^^^^^^^^^^^^^^^^^^^^^^^^^^^^^^^
  File "/home/dev11/Videos/e700/backend/venv/lib/python3.12/site-packages/rest_framework/views.py", line 515, in dispatch
    response = self.handle_exception(exc)
               ^^^^^^^^^^^^^^^^^^^^^^^^^^
  File "/home/dev11/Videos/e700/backend/venv/lib/python3.12/site-packages/rest_framework/views.py", line 475, in handle_exception
    self.raise_uncaught_exception(exc)
  File "/home/dev11/Videos/e700/backend/venv/lib/python3.12/site-packages/rest_framework/views.py", line 486, in raise_uncaught_exception
    raise exc
  File "/home/dev11/Videos/e700/backend/venv/lib/python3.12/site-packages/rest_framework/views.py", line 512, in dispatch
    response = handler(request, *args, **kwargs)
               ^^^^^^^^^^^^^^^^^^^^^^^^^^^^^^^^^
  File "/home/dev11/Videos/e700/backend/userprofile/views.py", line 190, in list
    return Response(serializer.data)
                    ^^^^^^^^^^^^^^^
  File "/home/dev11/Videos/e700/backend/venv/lib/python3.12/site-packages/rest_framework/serializers.py", line 797, in data
    ret = super().data
          ^^^^^^^^^^^^
  File "/home/dev11/Videos/e700/backend/venv/lib/python3.12/site-packages/rest_framework/serializers.py", line 251, in data
    self._data = self.to_representation(self.instance)
                 ^^^^^^^^^^^^^^^^^^^^^^^^^^^^^^^^^^^^^
  File "/home/dev11/Videos/e700/backend/venv/lib/python3.12/site-packages/rest_framework/serializers.py", line 715, in to_representation
    return [
           ^
  File "/home/dev11/Videos/e700/backend/venv/lib/python3.12/site-packages/django/db/models/query.py", line 384, in __iter__
    self._fetch_all()
  File "/home/dev11/Videos/e700/backend/venv/lib/python3.12/site-packages/django/db/models/query.py", line 1945, in _fetch_all
    self._result_cache = list(self._iterable_class(self))
                         ^^^^^^^^^^^^^^^^^^^^^^^^^^^^^^^^
  File "/home/dev11/Videos/e700/backend/venv/lib/python3.12/site-packages/django/db/models/query.py", line 91, in __iter__
    results = compiler.execute_sql(
              ^^^^^^^^^^^^^^^^^^^^^
  File "/home/dev11/Videos/e700/backend/venv/lib/python3.12/site-packages/django/db/models/sql/compiler.py", line 1623, in execute_sql
    cursor.execute(sql, params)
  File "/home/dev11/Videos/e700/backend/venv/lib/python3.12/site-packages/django/db/backends/utils.py", line 122, in execute
    return super().execute(sql, params)
           ^^^^^^^^^^^^^^^^^^^^^^^^^^^^
  File "/home/dev11/Videos/e700/backend/venv/lib/python3.12/site-packages/django/db/backends/utils.py", line 79, in execute
    return self._execute_with_wrappers(
           ^^^^^^^^^^^^^^^^^^^^^^^^^^^^
  File "/home/dev11/Videos/e700/backend/venv/lib/python3.12/site-packages/django/db/backends/utils.py", line 92, in _execute_with_wrappers
    return executor(sql, params, many, context)
           ^^^^^^^^^^^^^^^^^^^^^^^^^^^^^^^^^^^^
  File "/home/dev11/Videos/e700/backend/venv/lib/python3.12/site-packages/django/db/backends/utils.py", line 100, in _execute
    with self.db.wrap_database_errors:
  File "/home/dev11/Videos/e700/backend/venv/lib/python3.12/site-packages/django/db/utils.py", line 91, in __exit__
    raise dj_exc_value.with_traceback(traceback) from exc_value
  File "/home/dev11/Videos/e700/backend/venv/lib/python3.12/site-packages/django/db/backends/utils.py", line 105, in _execute
    return self.cursor.execute(sql, params)
           ^^^^^^^^^^^^^^^^^^^^^^^^^^^^^^^^
django.db.utils.ProgrammingError: column how_found_defects.occation does not exist
LINE 1: SELECT "how_found_defects"."id", "how_found_defects"."occati...
                                         ^
HINT:  Perhaps you meant to reference the column "how_found_defects.occasion".

[ERROR] 2025-08-25 03:28:20,204 django.db.backends:35 - SQL queries executed for GET /api/how_found_defects/:(method=- path=-)
[ERROR] 2025-08-25 03:28:20,204 django.db.backends:39 -   (0.002) SELECT "django_session"."session_key", "django_session"."session_data", "django_session"."expire_date" FROM "django_session" WHERE ("django_session"."expire_date" > '2025-08-25T03:28:20.077574+00:00'::timestamptz AND "django_session"."session_key" = 'qyqrv3orcv4he5ovwizkvdfvihl2aws4') LIMIT 21(method=- path=-)
[ERROR] 2025-08-25 03:28:20,204 django.db.backends:39 -   (0.001) SELECT "how_found_defects"."id", "how_found_defects"."occation", "how_found_defects"."user_type" FROM "how_found_defects"(method=- path=-)
[ERROR] 2025-08-25 03:28:20,205 django.db.backends:39 -   (0.000) SELECT "how_found_defects"."id", "how_found_defects"."occation", "how_found_defects"."user_type" FROM "how_found_defects" LIMIT 21(method=- path=-)
[ERROR] 2025-08-25 03:28:20,205 django.db.backends:39 -   (0.000) SELECT "how_found_defects"."id", "how_found_defects"."occation", "how_found_defects"."user_type" FROM "how_found_defects" LIMIT 21(method=- path=-)
[ERROR] 2025-08-25 03:28:20,205 django.db.backends:39 -   (0.000) SELECT "how_found_defects"."id", "how_found_defects"."occation", "how_found_defects"."user_type" FROM "how_found_defects" LIMIT 21(method=- path=-)
[ERROR] 2025-08-25 03:28:20,205 django.db.backends:39 -   (0.000) SELECT "how_found_defects"."id", "how_found_defects"."occation", "how_found_defects"."user_type" FROM "how_found_defects" LIMIT 21(method=- path=-)
[ERROR] 2025-08-25 03:28:20,205 django.db.backends:39 -   (0.000) SELECT "how_found_defects"."id", "how_found_defects"."occation", "how_found_defects"."user_type" FROM "how_found_defects" LIMIT 21(method=- path=-)
[ERROR] 2025-08-25 03:28:20,205 django.db.backends:39 -   (0.006) SELECT "how_found_defects"."id", "how_found_defects"."occation", "how_found_defects"."user_type" FROM "how_found_defects" LIMIT 21(method=- path=-)
[ERROR] 2025-08-25 03:28:20,205 django.db.backends:39 -   (0.000) SELECT "how_found_defects"."id", "how_found_defects"."occation", "how_found_defects"."user_type" FROM "how_found_defects" LIMIT 21(method=- path=-)
[ERROR] 2025-08-25 03:28:20,205 django.db.backends:39 -   (0.000) SELECT "how_found_defects"."id", "how_found_defects"."occation", "how_found_defects"."user_type" FROM "how_found_defects" LIMIT 21(method=- path=-)
[ERROR] 2025-08-25 03:28:20,205 django.db.backends:39 -   (0.001) SELECT "how_found_defects"."id", "how_found_defects"."occation", "how_found_defects"."user_type" FROM "how_found_defects" LIMIT 21(method=- path=-)
[ERROR] 2025-08-25 03:28:20,205 django.db.backends:39 -   (0.000) SELECT "how_found_defects"."id", "how_found_defects"."occation", "how_found_defects"."user_type" FROM "how_found_defects" LIMIT 21(method=- path=-)
[ERROR] 2025-08-25 03:28:20,205 django.server:213 - "GET /api/how_found_defects/ HTTP/1.1" 500 170201(method=- path=-)
[INFO] 2025-08-25 03:28:20,215 django.server:213 - "GET /api/aircraft_masters/201710263/ HTTP/1.1" 200 524(method=- path=-)
[ERROR] 2025-08-25 03:28:20,233 django.request:248 - Internal Server Error: /api/entry_types/(method=- path=-)
Traceback (most recent call last):
  File "/home/dev11/Videos/e700/backend/venv/lib/python3.12/site-packages/django/db/backends/utils.py", line 105, in _execute
    return self.cursor.execute(sql, params)
           ^^^^^^^^^^^^^^^^^^^^^^^^^^^^^^^^
psycopg2.errors.UndefinedColumn: column entry_types.occation does not exist
LINE 1: SELECT "entry_types"."id", "entry_types"."occation" FROM "en...
                                   ^
HINT:  Perhaps you meant to reference the column "entry_types.occasion".


The above exception was the direct cause of the following exception:

Traceback (most recent call last):
  File "/home/dev11/Videos/e700/backend/venv/lib/python3.12/site-packages/django/core/handlers/exception.py", line 55, in inner
    response = get_response(request)
               ^^^^^^^^^^^^^^^^^^^^^
  File "/home/dev11/Videos/e700/backend/venv/lib/python3.12/site-packages/django/core/handlers/base.py", line 197, in _get_response
    response = wrapped_callback(request, *callback_args, **callback_kwargs)
               ^^^^^^^^^^^^^^^^^^^^^^^^^^^^^^^^^^^^^^^^^^^^^^^^^^^^^^^^^^^^
  File "/home/dev11/Videos/e700/backend/venv/lib/python3.12/site-packages/django/views/decorators/csrf.py", line 65, in _view_wrapper
    return view_func(request, *args, **kwargs)
           ^^^^^^^^^^^^^^^^^^^^^^^^^^^^^^^^^^^
  File "/home/dev11/Videos/e700/backend/venv/lib/python3.12/site-packages/rest_framework/viewsets.py", line 125, in view
    return self.dispatch(request, *args, **kwargs)
           ^^^^^^^^^^^^^^^^^^^^^^^^^^^^^^^^^^^^^^^
  File "/home/dev11/Videos/e700/backend/venv/lib/python3.12/site-packages/rest_framework/views.py", line 515, in dispatch
    response = self.handle_exception(exc)
               ^^^^^^^^^^^^^^^^^^^^^^^^^^
  File "/home/dev11/Videos/e700/backend/venv/lib/python3.12/site-packages/rest_framework/views.py", line 475, in handle_exception
    self.raise_uncaught_exception(exc)
  File "/home/dev11/Videos/e700/backend/venv/lib/python3.12/site-packages/rest_framework/views.py", line 486, in raise_uncaught_exception
    raise exc
  File "/home/dev11/Videos/e700/backend/venv/lib/python3.12/site-packages/rest_framework/views.py", line 512, in dispatch
    response = handler(request, *args, **kwargs)
               ^^^^^^^^^^^^^^^^^^^^^^^^^^^^^^^^^
  File "/home/dev11/Videos/e700/backend/userprofile/views.py", line 190, in list
    return Response(serializer.data)
                    ^^^^^^^^^^^^^^^
  File "/home/dev11/Videos/e700/backend/venv/lib/python3.12/site-packages/rest_framework/serializers.py", line 797, in data
    ret = super().data
          ^^^^^^^^^^^^
  File "/home/dev11/Videos/e700/backend/venv/lib/python3.12/site-packages/rest_framework/serializers.py", line 251, in data
    self._data = self.to_representation(self.instance)
                 ^^^^^^^^^^^^^^^^^^^^^^^^^^^^^^^^^^^^^
  File "/home/dev11/Videos/e700/backend/venv/lib/python3.12/site-packages/rest_framework/serializers.py", line 715, in to_representation
    return [
           ^
  File "/home/dev11/Videos/e700/backend/venv/lib/python3.12/site-packages/django/db/models/query.py", line 384, in __iter__
    self._fetch_all()
  File "/home/dev11/Videos/e700/backend/venv/lib/python3.12/site-packages/django/db/models/query.py", line 1945, in _fetch_all
    self._result_cache = list(self._iterable_class(self))
                         ^^^^^^^^^^^^^^^^^^^^^^^^^^^^^^^^
  File "/home/dev11/Videos/e700/backend/venv/lib/python3.12/site-packages/django/db/models/query.py", line 91, in __iter__
    results = compiler.execute_sql(
              ^^^^^^^^^^^^^^^^^^^^^
  File "/home/dev11/Videos/e700/backend/venv/lib/python3.12/site-packages/django/db/models/sql/compiler.py", line 1623, in execute_sql
    cursor.execute(sql, params)
  File "/home/dev11/Videos/e700/backend/venv/lib/python3.12/site-packages/django/db/backends/utils.py", line 122, in execute
    return super().execute(sql, params)
           ^^^^^^^^^^^^^^^^^^^^^^^^^^^^
  File "/home/dev11/Videos/e700/backend/venv/lib/python3.12/site-packages/django/db/backends/utils.py", line 79, in execute
    return self._execute_with_wrappers(
           ^^^^^^^^^^^^^^^^^^^^^^^^^^^^
  File "/home/dev11/Videos/e700/backend/venv/lib/python3.12/site-packages/django/db/backends/utils.py", line 92, in _execute_with_wrappers
    return executor(sql, params, many, context)
           ^^^^^^^^^^^^^^^^^^^^^^^^^^^^^^^^^^^^
  File "/home/dev11/Videos/e700/backend/venv/lib/python3.12/site-packages/django/db/backends/utils.py", line 100, in _execute
    with self.db.wrap_database_errors:
  File "/home/dev11/Videos/e700/backend/venv/lib/python3.12/site-packages/django/db/utils.py", line 91, in __exit__
    raise dj_exc_value.with_traceback(traceback) from exc_value
  File "/home/dev11/Videos/e700/backend/venv/lib/python3.12/site-packages/django/db/backends/utils.py", line 105, in _execute
    return self.cursor.execute(sql, params)
           ^^^^^^^^^^^^^^^^^^^^^^^^^^^^^^^^
django.db.utils.ProgrammingError: column entry_types.occation does not exist
LINE 1: SELECT "entry_types"."id", "entry_types"."occation" FROM "en...
                                   ^
HINT:  Perhaps you meant to reference the column "entry_types.occasion".

[ERROR] 2025-08-25 03:28:20,239 django.db.backends:35 - SQL queries executed for GET /api/entry_types/:(method=- path=-)
[ERROR] 2025-08-25 03:28:20,239 django.db.backends:39 -   (0.001) SELECT "django_session"."session_key", "django_session"."session_data", "django_session"."expire_date" FROM "django_session" WHERE ("django_session"."expire_date" > '2025-08-25T03:28:20.079921+00:00'::timestamptz AND "django_session"."session_key" = 'qyqrv3orcv4he5ovwizkvdfvihl2aws4') LIMIT 21(method=- path=-)
[WARNING] 2025-08-25 03:28:20,239 django.server:213 - "GET /installHook.js.map HTTP/1.1" 404 8378(method=- path=-)
[ERROR] 2025-08-25 03:28:20,239 django.db.backends:39 -   (0.000) SELECT "entry_types"."id", "entry_types"."occation" FROM "entry_types"(method=- path=-)
[ERROR] 2025-08-25 03:28:20,239 django.db.backends:39 -   (0.008) SELECT "entry_types"."id", "entry_types"."occation" FROM "entry_types" LIMIT 21(method=- path=-)
[ERROR] 2025-08-25 03:28:20,239 django.db.backends:39 -   (0.000) SELECT "entry_types"."id", "entry_types"."occation" FROM "entry_types" LIMIT 21(method=- path=-)
[ERROR] 2025-08-25 03:28:20,239 django.db.backends:39 -   (0.000) SELECT "entry_types"."id", "entry_types"."occation" FROM "entry_types" LIMIT 21(method=- path=-)
[ERROR] 2025-08-25 03:28:20,239 django.db.backends:39 -   (0.000) SELECT "entry_types"."id", "entry_types"."occation" FROM "entry_types" LIMIT 21(method=- path=-)
[ERROR] 2025-08-25 03:28:20,239 django.db.backends:39 -   (0.000) SELECT "entry_types"."id", "entry_types"."occation" FROM "entry_types" LIMIT 21(method=- path=-)
[ERROR] 2025-08-25 03:28:20,239 django.db.backends:39 -   (0.000) SELECT "entry_types"."id", "entry_types"."occation" FROM "entry_types" LIMIT 21(method=- path=-)
[ERROR] 2025-08-25 03:28:20,239 django.db.backends:39 -   (0.000) SELECT "entry_types"."id", "entry_types"."occation" FROM "entry_types" LIMIT 21(method=- path=-)
[ERROR] 2025-08-25 03:28:20,239 django.db.backends:39 -   (0.000) SELECT "entry_types"."id", "entry_types"."occation" FROM "entry_types" LIMIT 21(method=- path=-)
[ERROR] 2025-08-25 03:28:20,239 django.db.backends:39 -   (0.000) SELECT "entry_types"."id", "entry_types"."occation" FROM "entry_types" LIMIT 21(method=- path=-)
[ERROR] 2025-08-25 03:28:20,239 django.db.backends:39 -   (0.000) SELECT "entry_types"."id", "entry_types"."occation" FROM "entry_types" LIMIT 21(method=- path=-)
[ERROR] 2025-08-25 03:28:20,240 django.server:213 - "GET /api/entry_types/ HTTP/1.1" 500 169273(method=- path=-)
[ERROR] 2025-08-25 03:28:20,268 django.request:248 - Internal Server Error: /api/entry_types/(method=- path=-)
Traceback (most recent call last):
  File "/home/dev11/Videos/e700/backend/venv/lib/python3.12/site-packages/django/db/backends/utils.py", line 105, in _execute
    return self.cursor.execute(sql, params)
           ^^^^^^^^^^^^^^^^^^^^^^^^^^^^^^^^
psycopg2.errors.UndefinedColumn: column entry_types.occation does not exist
LINE 1: SELECT "entry_types"."id", "entry_types"."occation" FROM "en...
                                   ^
HINT:  Perhaps you meant to reference the column "entry_types.occasion".


The above exception was the direct cause of the following exception:

Traceback (most recent call last):
  File "/home/dev11/Videos/e700/backend/venv/lib/python3.12/site-packages/django/core/handlers/exception.py", line 55, in inner
    response = get_response(request)
               ^^^^^^^^^^^^^^^^^^^^^
  File "/home/dev11/Videos/e700/backend/venv/lib/python3.12/site-packages/django/core/handlers/base.py", line 197, in _get_response
    response = wrapped_callback(request, *callback_args, **callback_kwargs)
               ^^^^^^^^^^^^^^^^^^^^^^^^^^^^^^^^^^^^^^^^^^^^^^^^^^^^^^^^^^^^
  File "/home/dev11/Videos/e700/backend/venv/lib/python3.12/site-packages/django/views/decorators/csrf.py", line 65, in _view_wrapper
    return view_func(request, *args, **kwargs)
           ^^^^^^^^^^^^^^^^^^^^^^^^^^^^^^^^^^^
  File "/home/dev11/Videos/e700/backend/venv/lib/python3.12/site-packages/rest_framework/viewsets.py", line 125, in view
    return self.dispatch(request, *args, **kwargs)
           ^^^^^^^^^^^^^^^^^^^^^^^^^^^^^^^^^^^^^^^
  File "/home/dev11/Videos/e700/backend/venv/lib/python3.12/site-packages/rest_framework/views.py", line 515, in dispatch
    response = self.handle_exception(exc)
               ^^^^^^^^^^^^^^^^^^^^^^^^^^
  File "/home/dev11/Videos/e700/backend/venv/lib/python3.12/site-packages/rest_framework/views.py", line 475, in handle_exception
    self.raise_uncaught_exception(exc)
  File "/home/dev11/Videos/e700/backend/venv/lib/python3.12/site-packages/rest_framework/views.py", line 486, in raise_uncaught_exception
    raise exc
  File "/home/dev11/Videos/e700/backend/venv/lib/python3.12/site-packages/rest_framework/views.py", line 512, in dispatch
    response = handler(request, *args, **kwargs)
               ^^^^^^^^^^^^^^^^^^^^^^^^^^^^^^^^^
  File "/home/dev11/Videos/e700/backend/userprofile/views.py", line 190, in list
    return Response(serializer.data)
                    ^^^^^^^^^^^^^^^
  File "/home/dev11/Videos/e700/backend/venv/lib/python3.12/site-packages/rest_framework/serializers.py", line 797, in data
    ret = super().data
          ^^^^^^^^^^^^
  File "/home/dev11/Videos/e700/backend/venv/lib/python3.12/site-packages/rest_framework/serializers.py", line 251, in data
    self._data = self.to_representation(self.instance)
                 ^^^^^^^^^^^^^^^^^^^^^^^^^^^^^^^^^^^^^
  File "/home/dev11/Videos/e700/backend/venv/lib/python3.12/site-packages/rest_framework/serializers.py", line 715, in to_representation
    return [
           ^
  File "/home/dev11/Videos/e700/backend/venv/lib/python3.12/site-packages/django/db/models/query.py", line 384, in __iter__
    self._fetch_all()
  File "/home/dev11/Videos/e700/backend/venv/lib/python3.12/site-packages/django/db/models/query.py", line 1945, in _fetch_all
    self._result_cache = list(self._iterable_class(self))
                         ^^^^^^^^^^^^^^^^^^^^^^^^^^^^^^^^
  File "/home/dev11/Videos/e700/backend/venv/lib/python3.12/site-packages/django/db/models/query.py", line 91, in __iter__
    results = compiler.execute_sql(
              ^^^^^^^^^^^^^^^^^^^^^
  File "/home/dev11/Videos/e700/backend/venv/lib/python3.12/site-packages/django/db/models/sql/compiler.py", line 1623, in execute_sql
    cursor.execute(sql, params)
  File "/home/dev11/Videos/e700/backend/venv/lib/python3.12/site-packages/django/db/backends/utils.py", line 122, in execute
    return super().execute(sql, params)
           ^^^^^^^^^^^^^^^^^^^^^^^^^^^^
  File "/home/dev11/Videos/e700/backend/venv/lib/python3.12/site-packages/django/db/backends/utils.py", line 79, in execute
    return self._execute_with_wrappers(
           ^^^^^^^^^^^^^^^^^^^^^^^^^^^^
  File "/home/dev11/Videos/e700/backend/venv/lib/python3.12/site-packages/django/db/backends/utils.py", line 92, in _execute_with_wrappers
    return executor(sql, params, many, context)
           ^^^^^^^^^^^^^^^^^^^^^^^^^^^^^^^^^^^^
  File "/home/dev11/Videos/e700/backend/venv/lib/python3.12/site-packages/django/db/backends/utils.py", line 100, in _execute
    with self.db.wrap_database_errors:
  File "/home/dev11/Videos/e700/backend/venv/lib/python3.12/site-packages/django/db/utils.py", line 91, in __exit__
    raise dj_exc_value.with_traceback(traceback) from exc_value
  File "/home/dev11/Videos/e700/backend/venv/lib/python3.12/site-packages/django/db/backends/utils.py", line 105, in _execute
    return self.cursor.execute(sql, params)
           ^^^^^^^^^^^^^^^^^^^^^^^^^^^^^^^^
django.db.utils.ProgrammingError: column entry_types.occation does not exist
LINE 1: SELECT "entry_types"."id", "entry_types"."occation" FROM "en...
                                   ^
HINT:  Perhaps you meant to reference the column "entry_types.occasion".

[ERROR] 2025-08-25 03:28:20,269 django.db.backends:35 - SQL queries executed for GET /api/entry_types/:(method=- path=-)
[ERROR] 2025-08-25 03:28:20,269 django.db.backends:39 -   (0.009) SELECT "django_session"."session_key", "django_session"."session_data", "django_session"."expire_date" FROM "django_session" WHERE ("django_session"."expire_date" > '2025-08-25T03:28:20.083118+00:00'::timestamptz AND "django_session"."session_key" = 'qyqrv3orcv4he5ovwizkvdfvihl2aws4') LIMIT 21(method=- path=-)
[ERROR] 2025-08-25 03:28:20,269 django.db.backends:39 -   (0.001) SELECT "entry_types"."id", "entry_types"."occation" FROM "entry_types"(method=- path=-)
[ERROR] 2025-08-25 03:28:20,269 django.db.backends:39 -   (0.000) SELECT "entry_types"."id", "entry_types"."occation" FROM "entry_types" LIMIT 21(method=- path=-)
[ERROR] 2025-08-25 03:28:20,269 django.db.backends:39 -   (0.000) SELECT "entry_types"."id", "entry_types"."occation" FROM "entry_types" LIMIT 21(method=- path=-)
[ERROR] 2025-08-25 03:28:20,269 django.db.backends:39 -   (0.000) SELECT "entry_types"."id", "entry_types"."occation" FROM "entry_types" LIMIT 21(method=- path=-)
[ERROR] 2025-08-25 03:28:20,269 django.db.backends:39 -   (0.000) SELECT "entry_types"."id", "entry_types"."occation" FROM "entry_types" LIMIT 21(method=- path=-)
[ERROR] 2025-08-25 03:28:20,269 django.db.backends:39 -   (0.000) SELECT "entry_types"."id", "entry_types"."occation" FROM "entry_types" LIMIT 21(method=- path=-)
[ERROR] 2025-08-25 03:28:20,269 django.db.backends:39 -   (0.000) SELECT "entry_types"."id", "entry_types"."occation" FROM "entry_types" LIMIT 21(method=- path=-)
[ERROR] 2025-08-25 03:28:20,269 django.db.backends:39 -   (0.000) SELECT "entry_types"."id", "entry_types"."occation" FROM "entry_types" LIMIT 21(method=- path=-)
[ERROR] 2025-08-25 03:28:20,269 django.db.backends:39 -   (0.000) SELECT "entry_types"."id", "entry_types"."occation" FROM "entry_types" LIMIT 21(method=- path=-)
[ERROR] 2025-08-25 03:28:20,269 django.db.backends:39 -   (0.000) SELECT "entry_types"."id", "entry_types"."occation" FROM "entry_types" LIMIT 21(method=- path=-)
[ERROR] 2025-08-25 03:28:20,269 django.db.backends:39 -   (0.000) SELECT "entry_types"."id", "entry_types"."occation" FROM "entry_types" LIMIT 21(method=- path=-)
[ERROR] 2025-08-25 03:28:20,270 django.server:213 - "GET /api/entry_types/ HTTP/1.1" 500 169273(method=- path=-)
[ERROR] 2025-08-25 03:28:20,340 django.request:248 - Internal Server Error: /api/how_found_defects/(method=- path=-)
Traceback (most recent call last):
  File "/home/dev11/Videos/e700/backend/venv/lib/python3.12/site-packages/django/db/backends/utils.py", line 105, in _execute
    return self.cursor.execute(sql, params)
           ^^^^^^^^^^^^^^^^^^^^^^^^^^^^^^^^
psycopg2.errors.UndefinedColumn: column how_found_defects.occation does not exist
LINE 1: SELECT "how_found_defects"."id", "how_found_defects"."occati...
                                         ^
HINT:  Perhaps you meant to reference the column "how_found_defects.occasion".


The above exception was the direct cause of the following exception:

Traceback (most recent call last):
  File "/home/dev11/Videos/e700/backend/venv/lib/python3.12/site-packages/django/core/handlers/exception.py", line 55, in inner
    response = get_response(request)
               ^^^^^^^^^^^^^^^^^^^^^
  File "/home/dev11/Videos/e700/backend/venv/lib/python3.12/site-packages/django/core/handlers/base.py", line 197, in _get_response
    response = wrapped_callback(request, *callback_args, **callback_kwargs)
               ^^^^^^^^^^^^^^^^^^^^^^^^^^^^^^^^^^^^^^^^^^^^^^^^^^^^^^^^^^^^
  File "/home/dev11/Videos/e700/backend/venv/lib/python3.12/site-packages/django/views/decorators/csrf.py", line 65, in _view_wrapper
    return view_func(request, *args, **kwargs)
           ^^^^^^^^^^^^^^^^^^^^^^^^^^^^^^^^^^^
  File "/home/dev11/Videos/e700/backend/venv/lib/python3.12/site-packages/rest_framework/viewsets.py", line 125, in view
    return self.dispatch(request, *args, **kwargs)
           ^^^^^^^^^^^^^^^^^^^^^^^^^^^^^^^^^^^^^^^
  File "/home/dev11/Videos/e700/backend/venv/lib/python3.12/site-packages/rest_framework/views.py", line 515, in dispatch
    response = self.handle_exception(exc)
               ^^^^^^^^^^^^^^^^^^^^^^^^^^
  File "/home/dev11/Videos/e700/backend/venv/lib/python3.12/site-packages/rest_framework/views.py", line 475, in handle_exception
    self.raise_uncaught_exception(exc)
  File "/home/dev11/Videos/e700/backend/venv/lib/python3.12/site-packages/rest_framework/views.py", line 486, in raise_uncaught_exception
    raise exc
  File "/home/dev11/Videos/e700/backend/venv/lib/python3.12/site-packages/rest_framework/views.py", line 512, in dispatch
    response = handler(request, *args, **kwargs)
               ^^^^^^^^^^^^^^^^^^^^^^^^^^^^^^^^^
  File "/home/dev11/Videos/e700/backend/userprofile/views.py", line 190, in list
    return Response(serializer.data)
                    ^^^^^^^^^^^^^^^
  File "/home/dev11/Videos/e700/backend/venv/lib/python3.12/site-packages/rest_framework/serializers.py", line 797, in data
    ret = super().data
          ^^^^^^^^^^^^
  File "/home/dev11/Videos/e700/backend/venv/lib/python3.12/site-packages/rest_framework/serializers.py", line 251, in data
    self._data = self.to_representation(self.instance)
                 ^^^^^^^^^^^^^^^^^^^^^^^^^^^^^^^^^^^^^
  File "/home/dev11/Videos/e700/backend/venv/lib/python3.12/site-packages/rest_framework/serializers.py", line 715, in to_representation
    return [
           ^
  File "/home/dev11/Videos/e700/backend/venv/lib/python3.12/site-packages/django/db/models/query.py", line 384, in __iter__
    self._fetch_all()
  File "/home/dev11/Videos/e700/backend/venv/lib/python3.12/site-packages/django/db/models/query.py", line 1945, in _fetch_all
    self._result_cache = list(self._iterable_class(self))
                         ^^^^^^^^^^^^^^^^^^^^^^^^^^^^^^^^
  File "/home/dev11/Videos/e700/backend/venv/lib/python3.12/site-packages/django/db/models/query.py", line 91, in __iter__
    results = compiler.execute_sql(
              ^^^^^^^^^^^^^^^^^^^^^
  File "/home/dev11/Videos/e700/backend/venv/lib/python3.12/site-packages/django/db/models/sql/compiler.py", line 1623, in execute_sql
    cursor.execute(sql, params)
  File "/home/dev11/Videos/e700/backend/venv/lib/python3.12/site-packages/django/db/backends/utils.py", line 122, in execute
    return super().execute(sql, params)
           ^^^^^^^^^^^^^^^^^^^^^^^^^^^^
  File "/home/dev11/Videos/e700/backend/venv/lib/python3.12/site-packages/django/db/backends/utils.py", line 79, in execute
    return self._execute_with_wrappers(
           ^^^^^^^^^^^^^^^^^^^^^^^^^^^^
  File "/home/dev11/Videos/e700/backend/venv/lib/python3.12/site-packages/django/db/backends/utils.py", line 92, in _execute_with_wrappers
    return executor(sql, params, many, context)
           ^^^^^^^^^^^^^^^^^^^^^^^^^^^^^^^^^^^^
  File "/home/dev11/Videos/e700/backend/venv/lib/python3.12/site-packages/django/db/backends/utils.py", line 100, in _execute
    with self.db.wrap_database_errors:
  File "/home/dev11/Videos/e700/backend/venv/lib/python3.12/site-packages/django/db/utils.py", line 91, in __exit__
    raise dj_exc_value.with_traceback(traceback) from exc_value
  File "/home/dev11/Videos/e700/backend/venv/lib/python3.12/site-packages/django/db/backends/utils.py", line 105, in _execute
    return self.cursor.execute(sql, params)
           ^^^^^^^^^^^^^^^^^^^^^^^^^^^^^^^^
django.db.utils.ProgrammingError: column how_found_defects.occation does not exist
LINE 1: SELECT "how_found_defects"."id", "how_found_defects"."occati...
                                         ^
HINT:  Perhaps you meant to reference the column "how_found_defects.occasion".

[ERROR] 2025-08-25 03:28:20,341 django.db.backends:35 - SQL queries executed for GET /api/how_found_defects/:(method=- path=-)
[ERROR] 2025-08-25 03:28:20,341 django.db.backends:39 -   (0.001) SELECT "django_session"."session_key", "django_session"."session_data", "django_session"."expire_date" FROM "django_session" WHERE ("django_session"."expire_date" > '2025-08-25T03:28:20.082292+00:00'::timestamptz AND "django_session"."session_key" = 'qyqrv3orcv4he5ovwizkvdfvihl2aws4') LIMIT 21(method=- path=-)
[ERROR] 2025-08-25 03:28:20,341 django.db.backends:39 -   (0.000) SELECT "how_found_defects"."id", "how_found_defects"."occation", "how_found_defects"."user_type" FROM "how_found_defects"(method=- path=-)
[ERROR] 2025-08-25 03:28:20,341 django.db.backends:39 -   (0.000) SELECT "how_found_defects"."id", "how_found_defects"."occation", "how_found_defects"."user_type" FROM "how_found_defects" LIMIT 21(method=- path=-)
[ERROR] 2025-08-25 03:28:20,341 django.db.backends:39 -   (0.000) SELECT "how_found_defects"."id", "how_found_defects"."occation", "how_found_defects"."user_type" FROM "how_found_defects" LIMIT 21(method=- path=-)
[ERROR] 2025-08-25 03:28:20,341 django.db.backends:39 -   (0.000) SELECT "how_found_defects"."id", "how_found_defects"."occation", "how_found_defects"."user_type" FROM "how_found_defects" LIMIT 21(method=- path=-)
[ERROR] 2025-08-25 03:28:20,341 django.db.backends:39 -   (0.000) SELECT "how_found_defects"."id", "how_found_defects"."occation", "how_found_defects"."user_type" FROM "how_found_defects" LIMIT 21(method=- path=-)
[ERROR] 2025-08-25 03:28:20,341 django.db.backends:39 -   (0.000) SELECT "how_found_defects"."id", "how_found_defects"."occation", "how_found_defects"."user_type" FROM "how_found_defects" LIMIT 21(method=- path=-)
[ERROR] 2025-08-25 03:28:20,341 django.db.backends:39 -   (0.000) SELECT "how_found_defects"."id", "how_found_defects"."occation", "how_found_defects"."user_type" FROM "how_found_defects" LIMIT 21(method=- path=-)
[ERROR] 2025-08-25 03:28:20,341 django.db.backends:39 -   (0.000) SELECT "how_found_defects"."id", "how_found_defects"."occation", "how_found_defects"."user_type" FROM "how_found_defects" LIMIT 21(method=- path=-)
[ERROR] 2025-08-25 03:28:20,341 django.db.backends:39 -   (0.000) SELECT "how_found_defects"."id", "how_found_defects"."occation", "how_found_defects"."user_type" FROM "how_found_defects" LIMIT 21(method=- path=-)
[ERROR] 2025-08-25 03:28:20,341 django.db.backends:39 -   (0.000) SELECT "how_found_defects"."id", "how_found_defects"."occation", "how_found_defects"."user_type" FROM "how_found_defects" LIMIT 21(method=- path=-)
[ERROR] 2025-08-25 03:28:20,341 django.db.backends:39 -   (0.000) SELECT "how_found_defects"."id", "how_found_defects"."occation", "how_found_defects"."user_type" FROM "how_found_defects" LIMIT 21(method=- path=-)
[ERROR] 2025-08-25 03:28:20,341 django.server:213 - "GET /api/how_found_defects/ HTTP/1.1" 500 170201(method=- path=-)
[INFO] 2025-08-25 03:28:20,380 django.server:213 - "GET /api/aircraft_masters/201710263/?include=aircraft_type HTTP/1.1" 200 766(method=- path=-)
[INFO] 2025-08-25 03:28:20,415 django.server:213 - "GET /api/aircraft_masters/201710263/ HTTP/1.1" 200 524(method=- path=-)
[INFO] 2025-08-25 03:29:37,261 django.utils.autoreload:265 - /home/dev11/Videos/e700/backend/userprofile/models/how_found_defects.py changed, reloading.(method=- path=-)
[INFO] 2025-08-25 03:29:37,587 django.utils.autoreload:667 - Watching for file changes with StatReloader(method=- path=-)
[INFO] 2025-08-25 03:29:45,798 django.utils.autoreload:265 - /home/dev11/Videos/e700/backend/userprofile/models/entry_types.py changed, reloading.(method=- path=-)
[INFO] 2025-08-25 03:29:46,057 django.utils.autoreload:667 - Watching for file changes with StatReloader(method=- path=-)
[INFO] 2025-08-25 03:29:53,513 django.server:213 - "GET /user-profile/ HTTP/1.1" 200 180(method=- path=-)
[INFO] 2025-08-25 03:29:53,524 django.server:213 - "GET /api/params/get/ HTTP/1.1" 200 76(method=- path=-)
[INFO] 2025-08-25 03:29:53,537 django.server:213 - "GET /api/params/get/ HTTP/1.1" 200 76(method=- path=-)
[INFO] 2025-08-25 03:29:53,635 django.server:213 - "GET /user-profile/ HTTP/1.1" 200 180(method=- path=-)
[INFO] 2025-08-25 03:29:53,693 django.server:213 - "GET /api/how_found_defects/ HTTP/1.1" 200 4016(method=- path=-)
[INFO] 2025-08-25 03:29:53,713 django.server:213 - "GET /api/entry_types/ HTTP/1.1" 200 349(method=- path=-)
[INFO] 2025-08-25 03:29:53,719 django.server:213 - "GET /api/aircraft_masters/201710263/ HTTP/1.1" 200 524(method=- path=-)
[INFO] 2025-08-25 03:29:53,763 django.server:213 - "GET /api/aircraft_masters/201710263/?include=aircraft_type HTTP/1.1" 200 766(method=- path=-)
[INFO] 2025-08-25 03:29:53,768 django.server:213 - "GET /api/entry_types/ HTTP/1.1" 200 349(method=- path=-)
[INFO] 2025-08-25 03:29:53,812 django.server:213 - "GET /api/aircraft_masters/201710263/ HTTP/1.1" 200 524(method=- path=-)
[INFO] 2025-08-25 03:29:53,840 django.server:213 - "GET /api/how_found_defects/ HTTP/1.1" 200 4016(method=- path=-)
[INFO] 2025-08-25 03:29:53,847 django.server:213 - "GET /api/aircraft_masters/201710263/?include=aircraft_type HTTP/1.1" 200 766(method=- path=-)
[WARNING] 2025-08-25 03:30:08,095 django.server:213 - "GET /installHook.js.map HTTP/1.1" 404 8378(method=- path=-)
[INFO] 2025-08-25 03:30:12,367 django.server:213 - "GET /user-profile/ HTTP/1.1" 200 180(method=- path=-)
[INFO] 2025-08-25 03:30:12,386 django.server:213 - "GET /api/params/get/ HTTP/1.1" 200 76(method=- path=-)
[INFO] 2025-08-25 03:30:12,390 django.server:213 - "GET /user-profile/ HTTP/1.1" 200 180(method=- path=-)
[INFO] 2025-08-25 03:30:12,394 django.server:213 - "GET /api/params/get/ HTTP/1.1" 200 76(method=- path=-)
[INFO] 2025-08-25 03:30:12,526 django.server:213 - "GET /api/aircraft_masters/201710263/?include=aircraft_type HTTP/1.1" 200 766(method=- path=-)
[INFO] 2025-08-25 03:30:12,542 django.server:213 - "GET /api/how_found_defects/ HTTP/1.1" 200 4016(method=- path=-)
[INFO] 2025-08-25 03:30:12,566 django.server:213 - "GET /api/aircraft_masters/201710263/ HTTP/1.1" 200 524(method=- path=-)
[WARNING] 2025-08-25 03:30:12,609 django.server:213 - "GET /installHook.js.map HTTP/1.1" 404 8378(method=- path=-)
[INFO] 2025-08-25 03:30:12,609 django.server:213 - "GET /api/aircraft_masters/201710263/?include=aircraft_type HTTP/1.1" 200 766(method=- path=-)
[INFO] 2025-08-25 03:30:12,618 django.server:213 - "GET /api/how_found_defects/ HTTP/1.1" 200 4016(method=- path=-)
[INFO] 2025-08-25 03:30:12,640 django.server:213 - "GET /api/aircraft_masters/201710263/ HTTP/1.1" 200 524(method=- path=-)
[INFO] 2025-08-25 03:30:12,649 django.server:213 - "GET /api/entry_types/ HTTP/1.1" 200 349(method=- path=-)
[INFO] 2025-08-25 03:30:12,717 django.server:213 - "GET /api/entry_types/ HTTP/1.1" 200 349(method=- path=-)
[INFO] 2025-08-25 03:30:15,909 django.server:213 - "GET /user-profile/ HTTP/1.1" 200 180(method=- path=-)
[INFO] 2025-08-25 03:30:15,945 django.server:213 - "GET /api/params/get/ HTTP/1.1" 200 76(method=- path=-)
[INFO] 2025-08-25 03:30:16,043 django.server:213 - "GET /api/params/get/ HTTP/1.1" 200 76(method=- path=-)
[INFO] 2025-08-25 03:30:16,071 django.server:213 - "GET /user-profile/ HTTP/1.1" 200 180(method=- path=-)
[INFO] 2025-08-25 03:30:16,117 django.server:213 - "GET /api/aircraft_masters/201710263/?include=aircraft_type HTTP/1.1" 200 766(method=- path=-)
[INFO] 2025-08-25 03:30:16,134 django.server:213 - "GET /api/how_found_defects/ HTTP/1.1" 200 4016(method=- path=-)
[INFO] 2025-08-25 03:30:16,160 django.server:213 - "GET /api/entry_types/ HTTP/1.1" 200 349(method=- path=-)
[INFO] 2025-08-25 03:30:16,195 django.server:213 - "GET /api/aircraft_masters/201710263/ HTTP/1.1" 200 524(method=- path=-)
[WARNING] 2025-08-25 03:30:16,213 django.server:213 - "GET /installHook.js.map HTTP/1.1" 404 8378(method=- path=-)
[INFO] 2025-08-25 03:30:16,230 django.server:213 - "GET /api/how_found_defects/ HTTP/1.1" 200 4016(method=- path=-)
[INFO] 2025-08-25 03:30:16,271 django.server:213 - "GET /api/aircraft_masters/201710263/ HTTP/1.1" 200 524(method=- path=-)
[INFO] 2025-08-25 03:30:16,290 django.server:213 - "GET /api/aircraft_masters/201710263/?include=aircraft_type HTTP/1.1" 200 766(method=- path=-)
[INFO] 2025-08-25 03:30:16,355 django.server:213 - "GET /api/entry_types/ HTTP/1.1" 200 349(method=- path=-)
[INFO] 2025-08-25 03:30:19,090 django.server:213 - "GET /user-profile/ HTTP/1.1" 200 180(method=- path=-)
[INFO] 2025-08-25 03:30:19,118 django.server:213 - "GET /user-profile/ HTTP/1.1" 200 180(method=- path=-)
[INFO] 2025-08-25 03:30:19,123 django.server:213 - "GET /api/params/get/ HTTP/1.1" 200 76(method=- path=-)
[INFO] 2025-08-25 03:30:19,128 django.server:213 - "GET /api/params/get/ HTTP/1.1" 200 76(method=- path=-)
[INFO] 2025-08-25 03:30:19,257 django.server:213 - "GET /api/aircraft_masters/201710263/?include=aircraft_type HTTP/1.1" 200 766(method=- path=-)
[INFO] 2025-08-25 03:30:19,301 django.server:213 - "GET /api/how_found_defects/ HTTP/1.1" 200 4016(method=- path=-)
[INFO] 2025-08-25 03:30:19,305 django.server:213 - "GET /api/entry_types/ HTTP/1.1" 200 349(method=- path=-)
[INFO] 2025-08-25 03:30:19,324 django.server:213 - "GET /api/aircraft_masters/201710263/ HTTP/1.1" 200 524(method=- path=-)
[INFO] 2025-08-25 03:30:19,349 django.server:213 - "GET /api/aircraft_masters/201710263/?include=aircraft_type HTTP/1.1" 200 766(method=- path=-)
[WARNING] 2025-08-25 03:30:19,354 django.server:213 - "GET /installHook.js.map HTTP/1.1" 404 8378(method=- path=-)
[INFO] 2025-08-25 03:30:19,368 django.server:213 - "GET /api/how_found_defects/ HTTP/1.1" 200 4016(method=- path=-)
[INFO] 2025-08-25 03:30:19,396 django.server:213 - "GET /api/aircraft_masters/201710263/ HTTP/1.1" 200 524(method=- path=-)
[INFO] 2025-08-25 03:30:19,501 django.server:213 - "GET /api/entry_types/ HTTP/1.1" 200 349(method=- path=-)
[INFO] 2025-08-25 03:30:22,059 django.server:213 - "GET /user-profile/ HTTP/1.1" 200 180(method=- path=-)
[INFO] 2025-08-25 03:30:22,080 django.server:213 - "GET /user-profile/ HTTP/1.1" 200 180(method=- path=-)
[INFO] 2025-08-25 03:30:22,089 django.server:213 - "GET /api/params/get/ HTTP/1.1" 200 76(method=- path=-)
[INFO] 2025-08-25 03:30:22,098 django.server:213 - "GET /api/params/get/ HTTP/1.1" 200 76(method=- path=-)
[INFO] 2025-08-25 03:30:22,217 django.server:213 - "GET /api/how_found_defects/ HTTP/1.1" 200 4016(method=- path=-)
[INFO] 2025-08-25 03:30:22,223 django.server:213 - "GET /api/entry_types/ HTTP/1.1" 200 349(method=- path=-)
[INFO] 2025-08-25 03:30:22,254 django.server:213 - "GET /api/aircraft_masters/201710263/ HTTP/1.1" 200 524(method=- path=-)
[INFO] 2025-08-25 03:30:22,309 django.server:213 - "GET /api/how_found_defects/ HTTP/1.1" 200 4016(method=- path=-)
[INFO] 2025-08-25 03:30:22,314 django.server:213 - "GET /api/aircraft_masters/201710263/?include=aircraft_type HTTP/1.1" 200 766(method=- path=-)
[INFO] 2025-08-25 03:30:22,318 django.server:213 - "GET /api/entry_types/ HTTP/1.1" 200 349(method=- path=-)
[WARNING] 2025-08-25 03:30:22,361 django.server:213 - "GET /installHook.js.map HTTP/1.1" 404 8378(method=- path=-)
[INFO] 2025-08-25 03:30:22,362 django.server:213 - "GET /api/aircraft_masters/201710263/ HTTP/1.1" 200 524(method=- path=-)
[INFO] 2025-08-25 03:30:22,390 django.server:213 - "GET /api/aircraft_masters/201710263/?include=aircraft_type HTTP/1.1" 200 766(method=- path=-)
[INFO] 2025-08-25 03:30:59,018 django.server:213 - "POST /api/params/set/ HTTP/1.1" 200 33(method=- path=-)
[INFO] 2025-08-25 03:30:59,028 django.server:213 - "POST /logout/ HTTP/1.1" 200 49(method=- path=-)
[INFO] 2025-08-25 03:30:59,123 django.server:213 - "GET /api/aircraft-type-details HTTP/1.1" 200 4335(method=- path=-)
[INFO] 2025-08-25 03:30:59,154 django.server:213 - "GET /csrf/ HTTP/1.1" 200 47(method=- path=-)
[INFO] 2025-08-25 03:30:59,156 django.server:213 - "GET /api/aircraft-type-details HTTP/1.1" 200 4335(method=- path=-)
[INFO] 2025-08-25 03:30:59,157 django.server:213 - "GET /csrf/ HTTP/1.1" 200 47(method=- path=-)
[INFO] 2025-08-25 03:31:09,145 django.server:213 - "POST /login/ HTTP/1.1" 200 180(method=- path=-)
[INFO] 2025-08-25 03:31:09,271 django.server:213 - "GET /api/aircraft-type-details HTTP/1.1" 200 4335(method=- path=-)
[INFO] 2025-08-25 03:31:09,279 django.server:213 - "GET /api/aircraft-type-details HTTP/1.1" 200 4335(method=- path=-)
[INFO] 2025-08-25 03:31:09,551 django.server:213 - "GET /api/aircraft_masters/?include=aircraft_type HTTP/1.1" 200 294064(method=- path=-)
[INFO] 2025-08-25 03:31:09,916 django.server:213 - "GET /api/aircraft_masters/?include=aircraft_type HTTP/1.1" 200 294064(method=- path=-)
[INFO] 2025-08-25 03:31:11,271 django.server:213 - "GET /api/aircraft-details/202500008 HTTP/1.1" 200 11532(method=- path=-)
[INFO] 2025-08-25 03:31:13,499 django.server:213 - "POST /api/params/set/ HTTP/1.1" 200 95(method=- path=-)
[INFO] 2025-08-25 03:31:19,936 django.server:213 - "POST /api/params/set/ HTTP/1.1" 200 33(method=- path=-)
[INFO] 2025-08-25 03:31:19,966 django.server:213 - "POST /logout/ HTTP/1.1" 200 49(method=- path=-)
[WARNING] 2025-08-25 03:31:19,985 django.server:213 - "GET /api/aircraft-type-details HTTP/1.1" 400 104768(method=- path=-)
[INFO] 2025-08-25 03:31:20,037 django.server:213 - "GET /csrf/ HTTP/1.1" 200 47(method=- path=-)
[INFO] 2025-08-25 03:31:20,037 django.server:213 - "GET /csrf/ HTTP/1.1" 200 47(method=- path=-)
[INFO] 2025-08-25 03:31:20,076 django.server:213 - "GET /api/aircraft-type-details HTTP/1.1" 200 4335(method=- path=-)
[INFO] 2025-08-25 03:31:20,100 django.server:213 - "GET /api/aircraft-type-details HTTP/1.1" 200 4335(method=- path=-)
[INFO] 2025-08-25 03:31:20,118 django.server:213 - "POST /api/params/set/ HTTP/1.1" 200 33(method=- path=-)
[INFO] 2025-08-25 03:31:20,121 django.server:213 - "POST /logout/ HTTP/1.1" 200 49(method=- path=-)
[INFO] 2025-08-25 03:31:20,166 django.server:213 - "GET /api/aircraft-type-details HTTP/1.1" 200 4335(method=- path=-)
[WARNING] 2025-08-25 03:31:26,438 django.security.csrf:248 - Forbidden (CSRF cookie not set.): /login/(method=- path=-)
[WARNING] 2025-08-25 03:31:26,438 django.server:213 - "POST /login/ HTTP/1.1" 403 2855(method=- path=-)
[WARNING] 2025-08-25 03:31:34,530 django.security.csrf:248 - Forbidden (CSRF cookie not set.): /login/(method=- path=-)
[WARNING] 2025-08-25 03:31:34,531 django.server:213 - "POST /login/ HTTP/1.1" 403 2855(method=- path=-)
[WARNING] 2025-08-25 03:31:37,043 django.server:213 - "GET /installHook.js.map HTTP/1.1" 404 8378(method=- path=-)
[INFO] 2025-08-25 03:31:37,048 django.server:213 - "GET /csrf/ HTTP/1.1" 200 47(method=- path=-)
[INFO] 2025-08-25 03:31:37,055 django.server:213 - "GET /api/params/get/ HTTP/1.1" 200 14(method=- path=-)
[WARNING] 2025-08-25 03:31:37,060 django.server:213 - "GET /user-profile/ HTTP/1.1" 401 46(method=- path=-)
[INFO] 2025-08-25 03:31:37,062 django.server:213 - "GET /csrf/ HTTP/1.1" 200 47(method=- path=-)
[INFO] 2025-08-25 03:31:37,067 django.server:213 - "GET /api/params/get/ HTTP/1.1" 200 14(method=- path=-)
[WARNING] 2025-08-25 03:31:37,073 django.server:213 - "GET /user-profile/ HTTP/1.1" 401 46(method=- path=-)
[INFO] 2025-08-25 03:31:51,795 django.server:213 - "POST /login/ HTTP/1.1" 200 180(method=- path=-)
[INFO] 2025-08-25 03:31:51,947 django.server:213 - "GET /api/aircraft-type-details HTTP/1.1" 200 4335(method=- path=-)
[INFO] 2025-08-25 03:31:51,984 django.server:213 - "GET /api/aircraft-type-details HTTP/1.1" 200 4335(method=- path=-)
[INFO] 2025-08-25 03:31:52,257 django.server:213 - "GET /api/aircraft_masters/?include=aircraft_type HTTP/1.1" 200 294064(method=- path=-)
[INFO] 2025-08-25 03:31:52,638 django.server:213 - "GET /api/aircraft_masters/?include=aircraft_type HTTP/1.1" 200 294064(method=- path=-)
[INFO] 2025-08-25 03:32:01,284 django.server:213 - "GET /api/aircraft-details/202500005 HTTP/1.1" 200 22566(method=- path=-)
[INFO] 2025-08-25 03:32:04,106 django.server:213 - "POST /api/params/set/ HTTP/1.1" 200 95(method=- path=-)
[INFO] 2025-08-25 03:32:07,819 django.server:213 - "GET /api/how_found_defects/ HTTP/1.1" 200 4016(method=- path=-)
[INFO] 2025-08-25 03:32:07,854 django.server:213 - "GET /api/entry_types/ HTTP/1.1" 200 349(method=- path=-)
[INFO] 2025-08-25 03:32:07,859 django.server:213 - "GET /api/aircraft_masters/201710168/ HTTP/1.1" 200 610(method=- path=-)
[INFO] 2025-08-25 03:32:07,906 django.server:213 - "GET /api/how_found_defects/ HTTP/1.1" 200 4016(method=- path=-)
[INFO] 2025-08-25 03:32:08,056 django.server:213 - "GET /api/entry_types/ HTTP/1.1" 200 349(method=- path=-)
[INFO] 2025-08-25 03:32:08,074 django.server:213 - "GET /api/aircraft_masters/201710168/ HTTP/1.1" 200 610(method=- path=-)
[INFO] 2025-08-25 03:32:10,505 django.server:213 - "GET /user-profile/ HTTP/1.1" 200 180(method=- path=-)
[INFO] 2025-08-25 03:32:10,531 django.server:213 - "GET /api/params/get/ HTTP/1.1" 200 76(method=- path=-)
[INFO] 2025-08-25 03:32:10,599 django.server:213 - "GET /api/params/get/ HTTP/1.1" 200 76(method=- path=-)
[INFO] 2025-08-25 03:32:10,708 django.server:213 - "GET /user-profile/ HTTP/1.1" 200 180(method=- path=-)
[INFO] 2025-08-25 03:32:10,713 django.server:213 - "GET /api/how_found_defects/ HTTP/1.1" 200 4016(method=- path=-)
[INFO] 2025-08-25 03:32:10,786 django.server:213 - "GET /api/how_found_defects/ HTTP/1.1" 200 4016(method=- path=-)
[INFO] 2025-08-25 03:32:10,805 django.server:213 - "GET /api/entry_types/ HTTP/1.1" 200 349(method=- path=-)
[WARNING] 2025-08-25 03:32:10,819 django.server:213 - "GET /installHook.js.map HTTP/1.1" 404 8378(method=- path=-)
[INFO] 2025-08-25 03:32:10,851 django.server:213 - "GET /api/aircraft_masters/ HTTP/1.1" 200 222844(method=- path=-)
[INFO] 2025-08-25 03:32:10,889 django.server:213 - "GET /api/entry_types/ HTTP/1.1" 200 349(method=- path=-)
[INFO] 2025-08-25 03:32:10,937 django.server:213 - "GET /api/aircraft_masters/ HTTP/1.1" 200 222844(method=- path=-)
[INFO] 2025-08-25 03:32:11,079 django.server:213 - "GET /api/aircraft_masters/?include=aircraft_type HTTP/1.1" 200 294064(method=- path=-)
[INFO] 2025-08-25 03:32:11,477 django.server:213 - "GET /api/aircraft_masters/?include=aircraft_type HTTP/1.1" 200 294064(method=- path=-)
[INFO] 2025-09-01 06:15:53,123 django.utils.autoreload:667 - Watching for file changes with StatReloader(method=- path=-)
[INFO] 2025-09-01 06:15:56,509 django.server:213 - "GET / HTTP/1.1" 302 0(method=- path=-)
[INFO] 2025-09-01 06:15:56,521 django.server:213 - "GET /admin/ HTTP/1.1" 302 0(method=- path=-)
[INFO] 2025-09-01 06:15:57,249 django.server:213 - "GET /admin/login/?next=/admin/ HTTP/1.1" 200 4173(method=- path=-)
[INFO] 2025-09-01 06:15:57,629 django.server:213 - "GET /static/admin/css/login.css HTTP/1.1" 200 951(method=- path=-)
[INFO] 2025-09-01 06:15:57,630 django.server:213 - "GET /static/admin/css/dark_mode.css HTTP/1.1" 200 2808(method=- path=-)
[INFO] 2025-09-01 06:15:57,632 django.server:213 - "GET /static/admin/css/base.css HTTP/1.1" 200 22120(method=- path=-)
[INFO] 2025-09-01 06:15:57,633 django.server:213 - "GET /static/admin/css/nav_sidebar.css HTTP/1.1" 200 2810(method=- path=-)
[INFO] 2025-09-01 06:15:57,634 django.server:213 - "GET /static/admin/js/nav_sidebar.js HTTP/1.1" 200 3063(method=- path=-)
[INFO] 2025-09-01 06:15:57,637 django.server:213 - "GET /static/admin/js/theme.js HTTP/1.1" 200 1653(method=- path=-)
[INFO] 2025-09-01 06:15:57,645 django.server:213 - "GET /static/admin/css/responsive.css HTTP/1.1" 200 16565(method=- path=-)
[WARNING] 2025-09-01 06:15:57,735 django.server:213 - "GET /favicon.ico HTTP/1.1" 404 8357(method=- path=-)
[WARNING] 2025-09-01 06:16:22,100 django.server:213 - "GET /user-profile/ HTTP/1.1" 401 46(method=- path=-)
[WARNING] 2025-09-01 06:16:22,103 django.server:213 - "GET /user-profile/ HTTP/1.1" 401 46(method=- path=-)
[INFO] 2025-09-01 06:16:22,107 django.server:213 - "GET /api/params/get/ HTTP/1.1" 200 14(method=- path=-)
[INFO] 2025-09-01 06:16:22,107 django.server:213 - "GET /api/params/get/ HTTP/1.1" 200 14(method=- path=-)
[WARNING] 2025-09-01 06:16:22,166 django.server:213 - "GET /user-profile/ HTTP/1.1" 401 46(method=- path=-)
[INFO] 2025-09-01 06:16:22,167 django.server:213 - "GET /api/params/get/ HTTP/1.1" 200 14(method=- path=-)
[WARNING] 2025-09-01 06:16:22,169 django.server:213 - "GET /user-profile/ HTTP/1.1" 401 46(method=- path=-)
[INFO] 2025-09-01 06:16:22,170 django.server:213 - "GET /api/params/get/ HTTP/1.1" 200 14(method=- path=-)
[INFO] 2025-09-01 06:16:24,978 django.server:213 - "GET /csrf/ HTTP/1.1" 200 47(method=- path=-)
[INFO] 2025-09-01 06:16:24,978 django.server:213 - "GET /csrf/ HTTP/1.1" 200 47(method=- path=-)
[INFO] 2025-09-01 06:16:28,386 django.server:213 - "OPTIONS /login/ HTTP/1.1" 200 0(method=- path=-)
[INFO] 2025-09-01 06:16:29,231 django.server:213 - "POST /login/ HTTP/1.1" 200 180(method=- path=-)
[INFO] 2025-09-01 06:16:29,426 django.server:213 - "GET /api/aircraft-type-details HTTP/1.1" 200 4335(method=- path=-)
[INFO] 2025-09-01 06:16:29,484 django.server:213 - "GET /api/aircraft-type-details HTTP/1.1" 200 4335(method=- path=-)
[INFO] 2025-09-01 06:16:29,781 django.server:213 - "GET /api/aircraft_masters/?include=aircraft_type HTTP/1.1" 200 294064(method=- path=-)
[INFO] 2025-09-01 06:16:29,863 django.server:213 - "GET /api/aircraft_masters/?include=aircraft_type HTTP/1.1" 200 294064(method=- path=-)
[INFO] 2025-09-01 06:16:31,741 django.server:213 - "GET /api/aircraft-details/202500005 HTTP/1.1" 200 22566(method=- path=-)
[INFO] 2025-09-01 06:16:34,552 django.server:213 - "POST /api/params/set/ HTTP/1.1" 200 95(method=- path=-)
[INFO] 2025-09-01 06:18:38,275 django.server:213 - "GET /user-profile/ HTTP/1.1" 200 180(method=- path=-)
[INFO] 2025-09-01 06:21:55,543 django.utils.autoreload:265 - /home/snc-cnams-dev8/Pictures/e700/backend/reports/urls.py changed, reloading.(method=- path=-)
[INFO] 2025-09-01 06:21:56,167 django.utils.autoreload:667 - Watching for file changes with StatReloader(method=- path=-)
[INFO] 2025-09-01 06:23:46,318 django.server:213 - "GET /user-profile/ HTTP/1.1" 200 180(method=- path=-)
[INFO] 2025-09-01 06:23:46,329 django.server:213 - "GET /user-profile/ HTTP/1.1" 200 180(method=- path=-)
[INFO] 2025-09-01 06:23:46,345 django.server:213 - "GET /api/params/get/ HTTP/1.1" 200 76(method=- path=-)
[INFO] 2025-09-01 06:23:46,354 django.server:213 - "GET /api/params/get/ HTTP/1.1" 200 76(method=- path=-)
[INFO] 2025-09-01 06:23:46,870 django.server:213 - "GET /api/aircraft_masters/?include=aircraft_type HTTP/1.1" 200 294064(method=- path=-)
[INFO] 2025-09-01 06:23:46,943 django.server:213 - "GET /api/aircraft_masters/?include=aircraft_type HTTP/1.1" 200 294064(method=- path=-)
[INFO] 2025-09-01 06:24:47,101 django.server:213 - "GET /user-profile/ HTTP/1.1" 200 180(method=- path=-)
[INFO] 2025-09-01 06:24:48,178 django.server:213 - "GET /user-profile/ HTTP/1.1" 200 180(method=- path=-)
[INFO] 2025-09-01 06:24:48,201 django.server:213 - "GET /api/params/get/ HTTP/1.1" 200 76(method=- path=-)
[INFO] 2025-09-01 06:24:48,210 django.server:213 - "GET /user-profile/ HTTP/1.1" 200 180(method=- path=-)
[INFO] 2025-09-01 06:24:48,215 django.server:213 - "GET /api/params/get/ HTTP/1.1" 200 76(method=- path=-)
[INFO] 2025-09-01 06:24:48,310 django.server:213 - "GET /api/aircraft_masters/201710168/?include=aircraft_type HTTP/1.1" 200 851(method=- path=-)
[INFO] 2025-09-01 06:24:48,507 django.server:213 - "GET /api/aircraft_masters/201710168/?include=aircraft_type HTTP/1.1" 200 851(method=- path=-)
[INFO] 2025-09-01 06:25:23,185 django.server:213 - "GET /user-profile/ HTTP/1.1" 200 180(method=- path=-)
[INFO] 2025-09-01 06:25:27,543 django.server:213 - "GET /user-profile/ HTTP/1.1" 200 180(method=- path=-)
[INFO] 2025-09-01 06:25:27,562 django.server:213 - "GET /api/params/get/ HTTP/1.1" 200 76(method=- path=-)
[INFO] 2025-09-01 06:25:27,580 django.server:213 - "GET /user-profile/ HTTP/1.1" 200 180(method=- path=-)
[INFO] 2025-09-01 06:25:27,585 django.server:213 - "GET /api/params/get/ HTTP/1.1" 200 76(method=- path=-)
[INFO] 2025-09-01 06:25:27,662 django.server:213 - "GET /api/aircraft_masters/201710168/?include=aircraft_type HTTP/1.1" 200 851(method=- path=-)
[INFO] 2025-09-01 06:25:27,774 django.server:213 - "GET /api/aircraft_masters/201710168/?include=aircraft_type HTTP/1.1" 200 851(method=- path=-)
[INFO] 2025-09-01 06:26:41,824 django.server:213 - "GET /user-profile/ HTTP/1.1" 200 180(method=- path=-)
[INFO] 2025-09-01 06:26:41,854 django.server:213 - "GET /api/params/get/ HTTP/1.1" 200 76(method=- path=-)
[INFO] 2025-09-01 06:26:41,945 django.server:213 - "GET /user-profile/ HTTP/1.1" 200 180(method=- path=-)
[INFO] 2025-09-01 06:26:41,949 django.server:213 - "GET /api/aircraft_masters/201710168/?include=aircraft_type HTTP/1.1" 200 851(method=- path=-)
[INFO] 2025-09-01 06:26:41,953 django.server:213 - "GET /api/params/get/ HTTP/1.1" 200 76(method=- path=-)
[INFO] 2025-09-01 06:26:41,998 django.server:213 - "GET /api/customers/ HTTP/1.1" 200 410758(method=- path=-)
[INFO] 2025-09-01 06:26:42,004 django.server:213 - "GET /api/aircraft_masters/201710168/?include=aircraft_type HTTP/1.1" 200 851(method=- path=-)
[INFO] 2025-09-01 06:26:42,164 django.server:213 - "GET /api/customers/ HTTP/1.1" 200 410758(method=- path=-)
[ERROR] 2025-09-01 06:26:47,027 django.request:248 - Internal Server Error: /aircraft/pdf/(method=- path=-)
Traceback (most recent call last):
  File "/home/snc-cnams-dev8/Videos/e700/backend/venv/lib/python3.12/site-packages/django/db/models/sql/query.py", line 2234, in add_fields
    join_info = self.setup_joins(
                ^^^^^^^^^^^^^^^^^
  File "/home/snc-cnams-dev8/Videos/e700/backend/venv/lib/python3.12/site-packages/django/db/models/sql/query.py", line 1897, in setup_joins
    path, final_field, targets, rest = self.names_to_path(
                                       ^^^^^^^^^^^^^^^^^^^
  File "/home/snc-cnams-dev8/Videos/e700/backend/venv/lib/python3.12/site-packages/django/db/models/sql/query.py", line 1802, in names_to_path
    raise FieldError(
django.core.exceptions.FieldError: Cannot resolve keyword 'std_type' into field. Choices are: aircraft_type, aircraft_type_id, capacity, description, id, item, item_id, nato_code, sect_ref, substitute_id, system, system_id, type_of_pol, us_spec

During handling of the above exception, another exception occurred:

Traceback (most recent call last):
  File "/home/snc-cnams-dev8/Videos/e700/backend/venv/lib/python3.12/site-packages/django/core/handlers/exception.py", line 55, in inner
    response = get_response(request)
               ^^^^^^^^^^^^^^^^^^^^^
  File "/home/snc-cnams-dev8/Videos/e700/backend/venv/lib/python3.12/site-packages/django/core/handlers/base.py", line 197, in _get_response
    response = wrapped_callback(request, *callback_args, **callback_kwargs)
               ^^^^^^^^^^^^^^^^^^^^^^^^^^^^^^^^^^^^^^^^^^^^^^^^^^^^^^^^^^^^
  File "/home/snc-cnams-dev8/Pictures/e700/backend/reports/views.py", line 22, in aircraft_pdf
    olg_rows = Pols.objects.filter(aircraft_type_id=data["aircraft_type"]).exclude(type_of_pol= "F").values(
               ^^^^^^^^^^^^^^^^^^^^^^^^^^^^^^^^^^^^^^^^^^^^^^^^^^^^^^^^^^^^^^^^^^^^^^^^^^^^^^^^^^^^^^^^^^^^^
  File "/home/snc-cnams-dev8/Videos/e700/backend/venv/lib/python3.12/site-packages/django/db/models/query.py", line 1366, in values
    clone = self._values(*fields, **expressions)
            ^^^^^^^^^^^^^^^^^^^^^^^^^^^^^^^^^^^^
  File "/home/snc-cnams-dev8/Videos/e700/backend/venv/lib/python3.12/site-packages/django/db/models/query.py", line 1361, in _values
    clone.query.set_values(fields)
  File "/home/snc-cnams-dev8/Videos/e700/backend/venv/lib/python3.12/site-packages/django/db/models/sql/query.py", line 2560, in set_values
    self.add_fields(field_names, True)
  File "/home/snc-cnams-dev8/Videos/e700/backend/venv/lib/python3.12/site-packages/django/db/models/sql/query.py", line 2262, in add_fields
    raise FieldError(
django.core.exceptions.FieldError: Cannot resolve keyword 'std_type' into field. Choices are: aircraft_type, aircraft_type_id, capacity, description, id, item, item_id, nato_code, sect_ref, substitute_id, system, system_id, type_of_pol, us_spec
[ERROR] 2025-09-01 06:26:47,028 django.db.backends:35 - SQL queries executed for GET /aircraft/pdf/:(method=- path=-)
[ERROR] 2025-09-01 06:26:47,028 django.db.backends:39 -   (0.001) SELECT "aircraft_masters"."id", "aircraft_masters"."side_no", "aircraft_masters"."aircraft_mark", "aircraft_masters"."customer_id", "aircraft_masters"."aircraft_type_id", "aircraft_masters"."airframe_serial_no", "aircraft_masters"."date_of_acceptance", "aircraft_masters"."date_of_manufacture", "aircraft_masters"."expiry_of_ttl_cal", "aircraft_masters"."date_of_expiry_of_warranty", "aircraft_masters"."basic_weight", "aircraft_masters"."max_auw", "aircraft_masters"."max_landing_weight", "aircraft_masters"."max_combat_load", "aircraft_masters"."max_operating_g_load", "aircraft_masters"."max_fuel_capacity", "aircraft_masters"."max_takeoff_speed", "aircraft_masters"."max_landing_speed", "aircraft_masters"."active_yn", "aircraft_masters"."max_speed", "aircraft_masters"."expiry_of_ttl_hrs", "aircraft_masters"."empty_weight", "aircraft_masters"."airframe_hrs" FROM "aircraft_masters" WHERE "aircraft_masters"."id" = 201710168 LIMIT 21(method=- path=-)
[ERROR] 2025-09-01 06:26:47,028 django.db.backends:39 -   (0.001) SELECT "ecu_masters"."location" AS "location", "ecu_masters"."type" AS "type", "ecu_masters"."mark" AS "mark", "ecu_masters"."serial_no" AS "serial_no", "ecu_masters"."date_of_fitment" AS "date_of_fitment" FROM "ecu_masters" WHERE "ecu_masters"."aircraft_master_id" = 201710168 LIMIT 21(method=- path=-)
[ERROR] 2025-09-01 06:26:47,029 django.db.backends:39 -   (0.001) SELECT "pols"."description" AS "description", "pols"."sect_ref" AS "sect_ref", "pols"."nato_code" AS "nato_code" FROM "pols" WHERE ("pols"."aircraft_type_id" = 202500005 AND "pols"."type_of_pol" = 'F') LIMIT 21(method=- path=-)
[ERROR] 2025-09-01 06:26:47,029 django.db.backends:39 -   (0.001) SELECT "pols"."id", "pols"."type_of_pol", "pols"."description", "pols"."sect_ref", "pols"."nato_code", "pols"."substitute_id", "pols"."system_id", "pols"."aircraft_type_id", "pols"."us_spec", "pols"."capacity", "pols"."item_id" FROM "pols" WHERE ("pols"."aircraft_type_id" = 202500005 AND NOT ("pols"."type_of_pol" = 'F' AND "pols"."type_of_pol" IS NOT NULL)) LIMIT 21(method=- path=-)
[ERROR] 2025-09-01 06:26:47,029 django.db.backends:39 -   (0.001) SELECT "pols"."id", "pols"."type_of_pol", "pols"."description", "pols"."sect_ref", "pols"."nato_code", "pols"."substitute_id", "pols"."system_id", "pols"."aircraft_type_id", "pols"."us_spec", "pols"."capacity", "pols"."item_id" FROM "pols" WHERE ("pols"."aircraft_type_id" = 202500005 AND NOT ("pols"."type_of_pol" = 'F' AND "pols"."type_of_pol" IS NOT NULL)) LIMIT 21(method=- path=-)
[ERROR] 2025-09-01 06:26:47,029 django.db.backends:39 -   (0.000) SELECT "pols"."id", "pols"."type_of_pol", "pols"."description", "pols"."sect_ref", "pols"."nato_code", "pols"."substitute_id", "pols"."system_id", "pols"."aircraft_type_id", "pols"."us_spec", "pols"."capacity", "pols"."item_id" FROM "pols" WHERE ("pols"."aircraft_type_id" = 202500005 AND NOT ("pols"."type_of_pol" = 'F' AND "pols"."type_of_pol" IS NOT NULL)) LIMIT 21(method=- path=-)
[ERROR] 2025-09-01 06:26:47,029 django.server:213 - "GET /aircraft/pdf/?customer_id=201710168 HTTP/1.1" 500 115320(method=- path=-)
[ERROR] 2025-09-01 06:26:49,755 django.request:248 - Internal Server Error: /aircraft/pdf/(method=- path=-)
Traceback (most recent call last):
  File "/home/snc-cnams-dev8/Videos/e700/backend/venv/lib/python3.12/site-packages/django/db/models/sql/query.py", line 2234, in add_fields
    join_info = self.setup_joins(
                ^^^^^^^^^^^^^^^^^
  File "/home/snc-cnams-dev8/Videos/e700/backend/venv/lib/python3.12/site-packages/django/db/models/sql/query.py", line 1897, in setup_joins
    path, final_field, targets, rest = self.names_to_path(
                                       ^^^^^^^^^^^^^^^^^^^
  File "/home/snc-cnams-dev8/Videos/e700/backend/venv/lib/python3.12/site-packages/django/db/models/sql/query.py", line 1802, in names_to_path
    raise FieldError(
django.core.exceptions.FieldError: Cannot resolve keyword 'std_type' into field. Choices are: aircraft_type, aircraft_type_id, capacity, description, id, item, item_id, nato_code, sect_ref, substitute_id, system, system_id, type_of_pol, us_spec

During handling of the above exception, another exception occurred:

Traceback (most recent call last):
  File "/home/snc-cnams-dev8/Videos/e700/backend/venv/lib/python3.12/site-packages/django/core/handlers/exception.py", line 55, in inner
    response = get_response(request)
               ^^^^^^^^^^^^^^^^^^^^^
  File "/home/snc-cnams-dev8/Videos/e700/backend/venv/lib/python3.12/site-packages/django/core/handlers/base.py", line 197, in _get_response
    response = wrapped_callback(request, *callback_args, **callback_kwargs)
               ^^^^^^^^^^^^^^^^^^^^^^^^^^^^^^^^^^^^^^^^^^^^^^^^^^^^^^^^^^^^
  File "/home/snc-cnams-dev8/Pictures/e700/backend/reports/views.py", line 22, in aircraft_pdf
    olg_rows = Pols.objects.filter(aircraft_type_id=data["aircraft_type"]).exclude(type_of_pol= "F").values(
               ^^^^^^^^^^^^^^^^^^^^^^^^^^^^^^^^^^^^^^^^^^^^^^^^^^^^^^^^^^^^^^^^^^^^^^^^^^^^^^^^^^^^^^^^^^^^^
  File "/home/snc-cnams-dev8/Videos/e700/backend/venv/lib/python3.12/site-packages/django/db/models/query.py", line 1366, in values
    clone = self._values(*fields, **expressions)
            ^^^^^^^^^^^^^^^^^^^^^^^^^^^^^^^^^^^^
  File "/home/snc-cnams-dev8/Videos/e700/backend/venv/lib/python3.12/site-packages/django/db/models/query.py", line 1361, in _values
    clone.query.set_values(fields)
  File "/home/snc-cnams-dev8/Videos/e700/backend/venv/lib/python3.12/site-packages/django/db/models/sql/query.py", line 2560, in set_values
    self.add_fields(field_names, True)
  File "/home/snc-cnams-dev8/Videos/e700/backend/venv/lib/python3.12/site-packages/django/db/models/sql/query.py", line 2262, in add_fields
    raise FieldError(
django.core.exceptions.FieldError: Cannot resolve keyword 'std_type' into field. Choices are: aircraft_type, aircraft_type_id, capacity, description, id, item, item_id, nato_code, sect_ref, substitute_id, system, system_id, type_of_pol, us_spec
[ERROR] 2025-09-01 06:26:49,756 django.db.backends:35 - SQL queries executed for GET /aircraft/pdf/:(method=- path=-)
[ERROR] 2025-09-01 06:26:49,756 django.db.backends:39 -   (0.003) SELECT "aircraft_masters"."id", "aircraft_masters"."side_no", "aircraft_masters"."aircraft_mark", "aircraft_masters"."customer_id", "aircraft_masters"."aircraft_type_id", "aircraft_masters"."airframe_serial_no", "aircraft_masters"."date_of_acceptance", "aircraft_masters"."date_of_manufacture", "aircraft_masters"."expiry_of_ttl_cal", "aircraft_masters"."date_of_expiry_of_warranty", "aircraft_masters"."basic_weight", "aircraft_masters"."max_auw", "aircraft_masters"."max_landing_weight", "aircraft_masters"."max_combat_load", "aircraft_masters"."max_operating_g_load", "aircraft_masters"."max_fuel_capacity", "aircraft_masters"."max_takeoff_speed", "aircraft_masters"."max_landing_speed", "aircraft_masters"."active_yn", "aircraft_masters"."max_speed", "aircraft_masters"."expiry_of_ttl_hrs", "aircraft_masters"."empty_weight", "aircraft_masters"."airframe_hrs" FROM "aircraft_masters" WHERE "aircraft_masters"."id" = 201710168 LIMIT 21(method=- path=-)
[ERROR] 2025-09-01 06:26:49,756 django.db.backends:39 -   (0.001) SELECT "ecu_masters"."location" AS "location", "ecu_masters"."type" AS "type", "ecu_masters"."mark" AS "mark", "ecu_masters"."serial_no" AS "serial_no", "ecu_masters"."date_of_fitment" AS "date_of_fitment" FROM "ecu_masters" WHERE "ecu_masters"."aircraft_master_id" = 201710168 LIMIT 21(method=- path=-)
[ERROR] 2025-09-01 06:26:49,756 django.db.backends:39 -   (0.001) SELECT "pols"."description" AS "description", "pols"."sect_ref" AS "sect_ref", "pols"."nato_code" AS "nato_code" FROM "pols" WHERE ("pols"."aircraft_type_id" = 202500005 AND "pols"."type_of_pol" = 'F') LIMIT 21(method=- path=-)
[ERROR] 2025-09-01 06:26:49,756 django.db.backends:39 -   (0.000) SELECT "pols"."id", "pols"."type_of_pol", "pols"."description", "pols"."sect_ref", "pols"."nato_code", "pols"."substitute_id", "pols"."system_id", "pols"."aircraft_type_id", "pols"."us_spec", "pols"."capacity", "pols"."item_id" FROM "pols" WHERE ("pols"."aircraft_type_id" = 202500005 AND NOT ("pols"."type_of_pol" = 'F' AND "pols"."type_of_pol" IS NOT NULL)) LIMIT 21(method=- path=-)
[ERROR] 2025-09-01 06:26:49,756 django.db.backends:39 -   (0.000) SELECT "pols"."id", "pols"."type_of_pol", "pols"."description", "pols"."sect_ref", "pols"."nato_code", "pols"."substitute_id", "pols"."system_id", "pols"."aircraft_type_id", "pols"."us_spec", "pols"."capacity", "pols"."item_id" FROM "pols" WHERE ("pols"."aircraft_type_id" = 202500005 AND NOT ("pols"."type_of_pol" = 'F' AND "pols"."type_of_pol" IS NOT NULL)) LIMIT 21(method=- path=-)
[ERROR] 2025-09-01 06:26:49,756 django.db.backends:39 -   (0.000) SELECT "pols"."id", "pols"."type_of_pol", "pols"."description", "pols"."sect_ref", "pols"."nato_code", "pols"."substitute_id", "pols"."system_id", "pols"."aircraft_type_id", "pols"."us_spec", "pols"."capacity", "pols"."item_id" FROM "pols" WHERE ("pols"."aircraft_type_id" = 202500005 AND NOT ("pols"."type_of_pol" = 'F' AND "pols"."type_of_pol" IS NOT NULL)) LIMIT 21(method=- path=-)
[ERROR] 2025-09-01 06:26:49,757 django.server:213 - "GET /aircraft/pdf/?customer_id=201710168 HTTP/1.1" 500 115320(method=- path=-)
[INFO] 2025-09-02 05:28:08,177 django.utils.autoreload:667 - Watching for file changes with StatReloader(method=- path=-)
[WARNING] 2025-09-02 05:28:32,926 django.server:213 - "GET /logo192.png HTTP/1.1" 404 8624(method=- path=-)
[WARNING] 2025-09-02 05:28:32,927 django.server:213 - "GET /favicon.ico HTTP/1.1" 404 8624(method=- path=-)
[WARNING] 2025-09-02 05:28:33,739 django.server:213 - "GET /user-profile/ HTTP/1.1" 401 46(method=- path=-)
[WARNING] 2025-09-02 05:28:33,739 django.server:213 - "GET /user-profile/ HTTP/1.1" 401 46(method=- path=-)
[INFO] 2025-09-02 05:28:33,741 django.server:213 - "GET /api/params/get/ HTTP/1.1" 200 14(method=- path=-)
[INFO] 2025-09-02 05:28:33,741 django.server:213 - "GET /api/params/get/ HTTP/1.1" 200 14(method=- path=-)
[INFO] 2025-09-02 05:28:42,210 django.server:213 - "GET /csrf/ HTTP/1.1" 200 47(method=- path=-)
[INFO] 2025-09-02 05:28:42,213 django.server:213 - "GET /csrf/ HTTP/1.1" 200 47(method=- path=-)
[INFO] 2025-09-02 05:28:45,449 django.server:213 - "OPTIONS /login/ HTTP/1.1" 200 0(method=- path=-)
[INFO] 2025-09-02 05:28:45,885 django.server:213 - "POST /login/ HTTP/1.1" 200 177(method=- path=-)
[INFO] 2025-09-02 05:28:46,140 django.server:213 - "GET /api/aircraft-type-details HTTP/1.1" 200 4335(method=- path=-)
[INFO] 2025-09-02 05:28:46,167 django.server:213 - "GET /api/aircraft-type-details HTTP/1.1" 200 4335(method=- path=-)
[INFO] 2025-09-02 05:28:46,361 django.server:213 - "GET /api/aircraft_masters/?include=aircraft_type HTTP/1.1" 200 294064(method=- path=-)
[INFO] 2025-09-02 05:28:46,536 django.server:213 - "GET /api/aircraft_masters/?include=aircraft_type HTTP/1.1" 200 294064(method=- path=-)
[INFO] 2025-09-02 05:28:48,911 django.server:213 - "GET /api/aircraft-details/202500005 HTTP/1.1" 200 22566(method=- path=-)
[INFO] 2025-09-02 05:28:51,787 django.server:213 - "POST /api/params/set/ HTTP/1.1" 200 95(method=- path=-)
[INFO] 2025-09-02 05:28:53,710 django.server:213 - "GET /api/customers/ HTTP/1.1" 200 410758(method=- path=-)
[INFO] 2025-09-02 05:28:53,731 django.server:213 - "GET /api/customers/ HTTP/1.1" 200 410758(method=- path=-)
[ERROR] 2025-09-02 05:28:56,463 django.request:248 - Internal Server Error: /aircraft/pdf/(method=- path=-)
Traceback (most recent call last):
  File "/home/snc-cnams-dev8/Videos/e700/backend/venv/lib/python3.12/site-packages/django/db/models/sql/query.py", line 2234, in add_fields
    join_info = self.setup_joins(
                ^^^^^^^^^^^^^^^^^
  File "/home/snc-cnams-dev8/Videos/e700/backend/venv/lib/python3.12/site-packages/django/db/models/sql/query.py", line 1897, in setup_joins
    path, final_field, targets, rest = self.names_to_path(
                                       ^^^^^^^^^^^^^^^^^^^
  File "/home/snc-cnams-dev8/Videos/e700/backend/venv/lib/python3.12/site-packages/django/db/models/sql/query.py", line 1802, in names_to_path
    raise FieldError(
django.core.exceptions.FieldError: Cannot resolve keyword 'std_type' into field. Choices are: aircraft_type, aircraft_type_id, capacity, description, id, item, item_id, nato_code, sect_ref, substitute_id, system, system_id, type_of_pol, us_spec

During handling of the above exception, another exception occurred:

Traceback (most recent call last):
  File "/home/snc-cnams-dev8/Videos/e700/backend/venv/lib/python3.12/site-packages/django/core/handlers/exception.py", line 55, in inner
    response = get_response(request)
               ^^^^^^^^^^^^^^^^^^^^^
  File "/home/snc-cnams-dev8/Videos/e700/backend/venv/lib/python3.12/site-packages/django/core/handlers/base.py", line 197, in _get_response
    response = wrapped_callback(request, *callback_args, **callback_kwargs)
               ^^^^^^^^^^^^^^^^^^^^^^^^^^^^^^^^^^^^^^^^^^^^^^^^^^^^^^^^^^^^
  File "/home/snc-cnams-dev8/Pictures/e700/backend/reports/views.py", line 22, in aircraft_pdf
    olg_rows = Pols.objects.filter(aircraft_type_id=data["aircraft_type"]).exclude(type_of_pol= "F").values(
               ^^^^^^^^^^^^^^^^^^^^^^^^^^^^^^^^^^^^^^^^^^^^^^^^^^^^^^^^^^^^^^^^^^^^^^^^^^^^^^^^^^^^^^^^^^^^^
  File "/home/snc-cnams-dev8/Videos/e700/backend/venv/lib/python3.12/site-packages/django/db/models/query.py", line 1366, in values
    clone = self._values(*fields, **expressions)
            ^^^^^^^^^^^^^^^^^^^^^^^^^^^^^^^^^^^^
  File "/home/snc-cnams-dev8/Videos/e700/backend/venv/lib/python3.12/site-packages/django/db/models/query.py", line 1361, in _values
    clone.query.set_values(fields)
  File "/home/snc-cnams-dev8/Videos/e700/backend/venv/lib/python3.12/site-packages/django/db/models/sql/query.py", line 2560, in set_values
    self.add_fields(field_names, True)
  File "/home/snc-cnams-dev8/Videos/e700/backend/venv/lib/python3.12/site-packages/django/db/models/sql/query.py", line 2262, in add_fields
    raise FieldError(
django.core.exceptions.FieldError: Cannot resolve keyword 'std_type' into field. Choices are: aircraft_type, aircraft_type_id, capacity, description, id, item, item_id, nato_code, sect_ref, substitute_id, system, system_id, type_of_pol, us_spec
[ERROR] 2025-09-02 05:28:56,464 django.db.backends:35 - SQL queries executed for GET /aircraft/pdf/:(method=- path=-)
[ERROR] 2025-09-02 05:28:56,464 django.db.backends:39 -   (0.001) SELECT "aircraft_masters"."id", "aircraft_masters"."side_no", "aircraft_masters"."aircraft_mark", "aircraft_masters"."customer_id", "aircraft_masters"."aircraft_type_id", "aircraft_masters"."airframe_serial_no", "aircraft_masters"."date_of_acceptance", "aircraft_masters"."date_of_manufacture", "aircraft_masters"."expiry_of_ttl_cal", "aircraft_masters"."date_of_expiry_of_warranty", "aircraft_masters"."basic_weight", "aircraft_masters"."max_auw", "aircraft_masters"."max_landing_weight", "aircraft_masters"."max_combat_load", "aircraft_masters"."max_operating_g_load", "aircraft_masters"."max_fuel_capacity", "aircraft_masters"."max_takeoff_speed", "aircraft_masters"."max_landing_speed", "aircraft_masters"."active_yn", "aircraft_masters"."max_speed", "aircraft_masters"."expiry_of_ttl_hrs", "aircraft_masters"."empty_weight", "aircraft_masters"."airframe_hrs" FROM "aircraft_masters" WHERE "aircraft_masters"."id" = 201710168 LIMIT 21(method=- path=-)
[ERROR] 2025-09-02 05:28:56,464 django.db.backends:39 -   (0.001) SELECT "ecu_masters"."location" AS "location", "ecu_masters"."type" AS "type", "ecu_masters"."mark" AS "mark", "ecu_masters"."serial_no" AS "serial_no", "ecu_masters"."date_of_fitment" AS "date_of_fitment" FROM "ecu_masters" WHERE "ecu_masters"."aircraft_master_id" = 201710168 LIMIT 21(method=- path=-)
[ERROR] 2025-09-02 05:28:56,464 django.db.backends:39 -   (0.001) SELECT "pols"."description" AS "description", "pols"."sect_ref" AS "sect_ref", "pols"."nato_code" AS "nato_code" FROM "pols" WHERE ("pols"."aircraft_type_id" = 202500005 AND "pols"."type_of_pol" = 'F') LIMIT 21(method=- path=-)
[ERROR] 2025-09-02 05:28:56,464 django.db.backends:39 -   (0.001) SELECT "pols"."id", "pols"."type_of_pol", "pols"."description", "pols"."sect_ref", "pols"."nato_code", "pols"."substitute_id", "pols"."system_id", "pols"."aircraft_type_id", "pols"."us_spec", "pols"."capacity", "pols"."item_id" FROM "pols" WHERE ("pols"."aircraft_type_id" = 202500005 AND NOT ("pols"."type_of_pol" = 'F' AND "pols"."type_of_pol" IS NOT NULL)) LIMIT 21(method=- path=-)
[ERROR] 2025-09-02 05:28:56,465 django.db.backends:39 -   (0.001) SELECT "pols"."id", "pols"."type_of_pol", "pols"."description", "pols"."sect_ref", "pols"."nato_code", "pols"."substitute_id", "pols"."system_id", "pols"."aircraft_type_id", "pols"."us_spec", "pols"."capacity", "pols"."item_id" FROM "pols" WHERE ("pols"."aircraft_type_id" = 202500005 AND NOT ("pols"."type_of_pol" = 'F' AND "pols"."type_of_pol" IS NOT NULL)) LIMIT 21(method=- path=-)
[ERROR] 2025-09-02 05:28:56,465 django.db.backends:39 -   (0.001) SELECT "pols"."id", "pols"."type_of_pol", "pols"."description", "pols"."sect_ref", "pols"."nato_code", "pols"."substitute_id", "pols"."system_id", "pols"."aircraft_type_id", "pols"."us_spec", "pols"."capacity", "pols"."item_id" FROM "pols" WHERE ("pols"."aircraft_type_id" = 202500005 AND NOT ("pols"."type_of_pol" = 'F' AND "pols"."type_of_pol" IS NOT NULL)) LIMIT 21(method=- path=-)
[ERROR] 2025-09-02 05:28:56,465 django.server:213 - "GET /aircraft/pdf/?customer_id=201710168 HTTP/1.1" 500 115321(method=- path=-)
[ERROR] 2025-09-02 05:35:13,681 django.request:248 - Internal Server Error: /aircraft/pdf/(method=- path=-)
Traceback (most recent call last):
  File "/home/snc-cnams-dev8/Videos/e700/backend/venv/lib/python3.12/site-packages/django/db/models/sql/query.py", line 2234, in add_fields
    join_info = self.setup_joins(
                ^^^^^^^^^^^^^^^^^
  File "/home/snc-cnams-dev8/Videos/e700/backend/venv/lib/python3.12/site-packages/django/db/models/sql/query.py", line 1897, in setup_joins
    path, final_field, targets, rest = self.names_to_path(
                                       ^^^^^^^^^^^^^^^^^^^
  File "/home/snc-cnams-dev8/Videos/e700/backend/venv/lib/python3.12/site-packages/django/db/models/sql/query.py", line 1802, in names_to_path
    raise FieldError(
django.core.exceptions.FieldError: Cannot resolve keyword 'std_type' into field. Choices are: aircraft_type, aircraft_type_id, capacity, description, id, item, item_id, nato_code, sect_ref, substitute_id, system, system_id, type_of_pol, us_spec

During handling of the above exception, another exception occurred:

Traceback (most recent call last):
  File "/home/snc-cnams-dev8/Videos/e700/backend/venv/lib/python3.12/site-packages/django/core/handlers/exception.py", line 55, in inner
    response = get_response(request)
               ^^^^^^^^^^^^^^^^^^^^^
  File "/home/snc-cnams-dev8/Videos/e700/backend/venv/lib/python3.12/site-packages/django/core/handlers/base.py", line 197, in _get_response
    response = wrapped_callback(request, *callback_args, **callback_kwargs)
               ^^^^^^^^^^^^^^^^^^^^^^^^^^^^^^^^^^^^^^^^^^^^^^^^^^^^^^^^^^^^
  File "/home/snc-cnams-dev8/Pictures/e700/backend/reports/views.py", line 22, in aircraft_pdf
    olg_rows = Pols.objects.filter(aircraft_type_id=data["aircraft_type"]).exclude(type_of_pol= "F").values(
               ^^^^^^^^^^^^^^^^^^^^^^^^^^^^^^^^^^^^^^^^^^^^^^^^^^^^^^^^^^^^^^^^^^^^^^^^^^^^^^^^^^^^^^^^^^^^^
  File "/home/snc-cnams-dev8/Videos/e700/backend/venv/lib/python3.12/site-packages/django/db/models/query.py", line 1366, in values
    clone = self._values(*fields, **expressions)
            ^^^^^^^^^^^^^^^^^^^^^^^^^^^^^^^^^^^^
  File "/home/snc-cnams-dev8/Videos/e700/backend/venv/lib/python3.12/site-packages/django/db/models/query.py", line 1361, in _values
    clone.query.set_values(fields)
  File "/home/snc-cnams-dev8/Videos/e700/backend/venv/lib/python3.12/site-packages/django/db/models/sql/query.py", line 2560, in set_values
    self.add_fields(field_names, True)
  File "/home/snc-cnams-dev8/Videos/e700/backend/venv/lib/python3.12/site-packages/django/db/models/sql/query.py", line 2262, in add_fields
    raise FieldError(
django.core.exceptions.FieldError: Cannot resolve keyword 'std_type' into field. Choices are: aircraft_type, aircraft_type_id, capacity, description, id, item, item_id, nato_code, sect_ref, substitute_id, system, system_id, type_of_pol, us_spec
[ERROR] 2025-09-02 05:35:13,682 django.db.backends:35 - SQL queries executed for GET /aircraft/pdf/:(method=- path=-)
[ERROR] 2025-09-02 05:35:13,682 django.db.backends:39 -   (0.001) SELECT "aircraft_masters"."id", "aircraft_masters"."side_no", "aircraft_masters"."aircraft_mark", "aircraft_masters"."customer_id", "aircraft_masters"."aircraft_type_id", "aircraft_masters"."airframe_serial_no", "aircraft_masters"."date_of_acceptance", "aircraft_masters"."date_of_manufacture", "aircraft_masters"."expiry_of_ttl_cal", "aircraft_masters"."date_of_expiry_of_warranty", "aircraft_masters"."basic_weight", "aircraft_masters"."max_auw", "aircraft_masters"."max_landing_weight", "aircraft_masters"."max_combat_load", "aircraft_masters"."max_operating_g_load", "aircraft_masters"."max_fuel_capacity", "aircraft_masters"."max_takeoff_speed", "aircraft_masters"."max_landing_speed", "aircraft_masters"."active_yn", "aircraft_masters"."max_speed", "aircraft_masters"."expiry_of_ttl_hrs", "aircraft_masters"."empty_weight", "aircraft_masters"."airframe_hrs" FROM "aircraft_masters" WHERE "aircraft_masters"."id" = 201710168 LIMIT 21(method=- path=-)
[ERROR] 2025-09-02 05:35:13,682 django.db.backends:39 -   (0.001) SELECT "ecu_masters"."location" AS "location", "ecu_masters"."type" AS "type", "ecu_masters"."mark" AS "mark", "ecu_masters"."serial_no" AS "serial_no", "ecu_masters"."date_of_fitment" AS "date_of_fitment" FROM "ecu_masters" WHERE "ecu_masters"."aircraft_master_id" = 201710168 LIMIT 21(method=- path=-)
[ERROR] 2025-09-02 05:35:13,682 django.db.backends:39 -   (0.001) SELECT "pols"."description" AS "description", "pols"."sect_ref" AS "sect_ref", "pols"."nato_code" AS "nato_code" FROM "pols" WHERE ("pols"."aircraft_type_id" = 202500005 AND "pols"."type_of_pol" = 'F') LIMIT 21(method=- path=-)
[ERROR] 2025-09-02 05:35:13,682 django.db.backends:39 -   (0.000) SELECT "pols"."id", "pols"."type_of_pol", "pols"."description", "pols"."sect_ref", "pols"."nato_code", "pols"."substitute_id", "pols"."system_id", "pols"."aircraft_type_id", "pols"."us_spec", "pols"."capacity", "pols"."item_id" FROM "pols" WHERE ("pols"."aircraft_type_id" = 202500005 AND NOT ("pols"."type_of_pol" = 'F' AND "pols"."type_of_pol" IS NOT NULL)) LIMIT 21(method=- path=-)
[ERROR] 2025-09-02 05:35:13,682 django.db.backends:39 -   (0.000) SELECT "pols"."id", "pols"."type_of_pol", "pols"."description", "pols"."sect_ref", "pols"."nato_code", "pols"."substitute_id", "pols"."system_id", "pols"."aircraft_type_id", "pols"."us_spec", "pols"."capacity", "pols"."item_id" FROM "pols" WHERE ("pols"."aircraft_type_id" = 202500005 AND NOT ("pols"."type_of_pol" = 'F' AND "pols"."type_of_pol" IS NOT NULL)) LIMIT 21(method=- path=-)
[ERROR] 2025-09-02 05:35:13,682 django.db.backends:39 -   (0.000) SELECT "pols"."id", "pols"."type_of_pol", "pols"."description", "pols"."sect_ref", "pols"."nato_code", "pols"."substitute_id", "pols"."system_id", "pols"."aircraft_type_id", "pols"."us_spec", "pols"."capacity", "pols"."item_id" FROM "pols" WHERE ("pols"."aircraft_type_id" = 202500005 AND NOT ("pols"."type_of_pol" = 'F' AND "pols"."type_of_pol" IS NOT NULL)) LIMIT 21(method=- path=-)
[ERROR] 2025-09-02 05:35:13,682 django.server:213 - "GET /aircraft/pdf/?customer_id=201710168 HTTP/1.1" 500 115321(method=- path=-)
[ERROR] 2025-09-02 05:35:21,133 django.request:248 - Internal Server Error: /aircraft/pdf/(method=- path=-)
Traceback (most recent call last):
  File "/home/snc-cnams-dev8/Videos/e700/backend/venv/lib/python3.12/site-packages/django/db/models/sql/query.py", line 2234, in add_fields
    join_info = self.setup_joins(
                ^^^^^^^^^^^^^^^^^
  File "/home/snc-cnams-dev8/Videos/e700/backend/venv/lib/python3.12/site-packages/django/db/models/sql/query.py", line 1897, in setup_joins
    path, final_field, targets, rest = self.names_to_path(
                                       ^^^^^^^^^^^^^^^^^^^
  File "/home/snc-cnams-dev8/Videos/e700/backend/venv/lib/python3.12/site-packages/django/db/models/sql/query.py", line 1802, in names_to_path
    raise FieldError(
django.core.exceptions.FieldError: Cannot resolve keyword 'std_type' into field. Choices are: aircraft_type, aircraft_type_id, capacity, description, id, item, item_id, nato_code, sect_ref, substitute_id, system, system_id, type_of_pol, us_spec

During handling of the above exception, another exception occurred:

Traceback (most recent call last):
  File "/home/snc-cnams-dev8/Videos/e700/backend/venv/lib/python3.12/site-packages/django/core/handlers/exception.py", line 55, in inner
    response = get_response(request)
               ^^^^^^^^^^^^^^^^^^^^^
  File "/home/snc-cnams-dev8/Videos/e700/backend/venv/lib/python3.12/site-packages/django/core/handlers/base.py", line 197, in _get_response
    response = wrapped_callback(request, *callback_args, **callback_kwargs)
               ^^^^^^^^^^^^^^^^^^^^^^^^^^^^^^^^^^^^^^^^^^^^^^^^^^^^^^^^^^^^
  File "/home/snc-cnams-dev8/Pictures/e700/backend/reports/views.py", line 22, in aircraft_pdf
    olg_rows = Pols.objects.filter(aircraft_type_id=data["aircraft_type"]).exclude(type_of_pol= "F").values(
               ^^^^^^^^^^^^^^^^^^^^^^^^^^^^^^^^^^^^^^^^^^^^^^^^^^^^^^^^^^^^^^^^^^^^^^^^^^^^^^^^^^^^^^^^^^^^^
  File "/home/snc-cnams-dev8/Videos/e700/backend/venv/lib/python3.12/site-packages/django/db/models/query.py", line 1366, in values
    clone = self._values(*fields, **expressions)
            ^^^^^^^^^^^^^^^^^^^^^^^^^^^^^^^^^^^^
  File "/home/snc-cnams-dev8/Videos/e700/backend/venv/lib/python3.12/site-packages/django/db/models/query.py", line 1361, in _values
    clone.query.set_values(fields)
  File "/home/snc-cnams-dev8/Videos/e700/backend/venv/lib/python3.12/site-packages/django/db/models/sql/query.py", line 2560, in set_values
    self.add_fields(field_names, True)
  File "/home/snc-cnams-dev8/Videos/e700/backend/venv/lib/python3.12/site-packages/django/db/models/sql/query.py", line 2262, in add_fields
    raise FieldError(
django.core.exceptions.FieldError: Cannot resolve keyword 'std_type' into field. Choices are: aircraft_type, aircraft_type_id, capacity, description, id, item, item_id, nato_code, sect_ref, substitute_id, system, system_id, type_of_pol, us_spec
[ERROR] 2025-09-02 05:35:21,133 django.db.backends:35 - SQL queries executed for GET /aircraft/pdf/:(method=- path=-)
[ERROR] 2025-09-02 05:35:21,133 django.db.backends:39 -   (0.001) SELECT "aircraft_masters"."id", "aircraft_masters"."side_no", "aircraft_masters"."aircraft_mark", "aircraft_masters"."customer_id", "aircraft_masters"."aircraft_type_id", "aircraft_masters"."airframe_serial_no", "aircraft_masters"."date_of_acceptance", "aircraft_masters"."date_of_manufacture", "aircraft_masters"."expiry_of_ttl_cal", "aircraft_masters"."date_of_expiry_of_warranty", "aircraft_masters"."basic_weight", "aircraft_masters"."max_auw", "aircraft_masters"."max_landing_weight", "aircraft_masters"."max_combat_load", "aircraft_masters"."max_operating_g_load", "aircraft_masters"."max_fuel_capacity", "aircraft_masters"."max_takeoff_speed", "aircraft_masters"."max_landing_speed", "aircraft_masters"."active_yn", "aircraft_masters"."max_speed", "aircraft_masters"."expiry_of_ttl_hrs", "aircraft_masters"."empty_weight", "aircraft_masters"."airframe_hrs" FROM "aircraft_masters" WHERE "aircraft_masters"."id" = 201710168 LIMIT 21(method=- path=-)
[ERROR] 2025-09-02 05:35:21,133 django.db.backends:39 -   (0.001) SELECT "ecu_masters"."location" AS "location", "ecu_masters"."type" AS "type", "ecu_masters"."mark" AS "mark", "ecu_masters"."serial_no" AS "serial_no", "ecu_masters"."date_of_fitment" AS "date_of_fitment" FROM "ecu_masters" WHERE "ecu_masters"."aircraft_master_id" = 201710168 LIMIT 21(method=- path=-)
[ERROR] 2025-09-02 05:35:21,133 django.db.backends:39 -   (0.001) SELECT "pols"."description" AS "description", "pols"."sect_ref" AS "sect_ref", "pols"."nato_code" AS "nato_code" FROM "pols" WHERE ("pols"."aircraft_type_id" = 202500005 AND "pols"."type_of_pol" = 'F') LIMIT 21(method=- path=-)
[ERROR] 2025-09-02 05:35:21,133 django.db.backends:39 -   (0.000) SELECT "pols"."id", "pols"."type_of_pol", "pols"."description", "pols"."sect_ref", "pols"."nato_code", "pols"."substitute_id", "pols"."system_id", "pols"."aircraft_type_id", "pols"."us_spec", "pols"."capacity", "pols"."item_id" FROM "pols" WHERE ("pols"."aircraft_type_id" = 202500005 AND NOT ("pols"."type_of_pol" = 'F' AND "pols"."type_of_pol" IS NOT NULL)) LIMIT 21(method=- path=-)
[ERROR] 2025-09-02 05:35:21,133 django.db.backends:39 -   (0.000) SELECT "pols"."id", "pols"."type_of_pol", "pols"."description", "pols"."sect_ref", "pols"."nato_code", "pols"."substitute_id", "pols"."system_id", "pols"."aircraft_type_id", "pols"."us_spec", "pols"."capacity", "pols"."item_id" FROM "pols" WHERE ("pols"."aircraft_type_id" = 202500005 AND NOT ("pols"."type_of_pol" = 'F' AND "pols"."type_of_pol" IS NOT NULL)) LIMIT 21(method=- path=-)
[ERROR] 2025-09-02 05:35:21,133 django.db.backends:39 -   (0.000) SELECT "pols"."id", "pols"."type_of_pol", "pols"."description", "pols"."sect_ref", "pols"."nato_code", "pols"."substitute_id", "pols"."system_id", "pols"."aircraft_type_id", "pols"."us_spec", "pols"."capacity", "pols"."item_id" FROM "pols" WHERE ("pols"."aircraft_type_id" = 202500005 AND NOT ("pols"."type_of_pol" = 'F' AND "pols"."type_of_pol" IS NOT NULL)) LIMIT 21(method=- path=-)
[ERROR] 2025-09-02 05:35:21,134 django.server:213 - "GET /aircraft/pdf/?customer_id=201710168 HTTP/1.1" 500 115321(method=- path=-)
[ERROR] 2025-09-02 05:35:37,113 django.request:248 - Internal Server Error: /aircraft/pdf/(method=- path=-)
Traceback (most recent call last):
  File "/home/snc-cnams-dev8/Videos/e700/backend/venv/lib/python3.12/site-packages/django/db/models/sql/query.py", line 2234, in add_fields
    join_info = self.setup_joins(
                ^^^^^^^^^^^^^^^^^
  File "/home/snc-cnams-dev8/Videos/e700/backend/venv/lib/python3.12/site-packages/django/db/models/sql/query.py", line 1897, in setup_joins
    path, final_field, targets, rest = self.names_to_path(
                                       ^^^^^^^^^^^^^^^^^^^
  File "/home/snc-cnams-dev8/Videos/e700/backend/venv/lib/python3.12/site-packages/django/db/models/sql/query.py", line 1802, in names_to_path
    raise FieldError(
django.core.exceptions.FieldError: Cannot resolve keyword 'std_type' into field. Choices are: aircraft_type, aircraft_type_id, capacity, description, id, item, item_id, nato_code, sect_ref, substitute_id, system, system_id, type_of_pol, us_spec

During handling of the above exception, another exception occurred:

Traceback (most recent call last):
  File "/home/snc-cnams-dev8/Videos/e700/backend/venv/lib/python3.12/site-packages/django/core/handlers/exception.py", line 55, in inner
    response = get_response(request)
               ^^^^^^^^^^^^^^^^^^^^^
  File "/home/snc-cnams-dev8/Videos/e700/backend/venv/lib/python3.12/site-packages/django/core/handlers/base.py", line 197, in _get_response
    response = wrapped_callback(request, *callback_args, **callback_kwargs)
               ^^^^^^^^^^^^^^^^^^^^^^^^^^^^^^^^^^^^^^^^^^^^^^^^^^^^^^^^^^^^
  File "/home/snc-cnams-dev8/Pictures/e700/backend/reports/views.py", line 22, in aircraft_pdf
    olg_rows = Pols.objects.filter(aircraft_type_id=data["aircraft_type"]).exclude(type_of_pol= "F").values(
               ^^^^^^^^^^^^^^^^^^^^^^^^^^^^^^^^^^^^^^^^^^^^^^^^^^^^^^^^^^^^^^^^^^^^^^^^^^^^^^^^^^^^^^^^^^^^^
  File "/home/snc-cnams-dev8/Videos/e700/backend/venv/lib/python3.12/site-packages/django/db/models/query.py", line 1366, in values
    clone = self._values(*fields, **expressions)
            ^^^^^^^^^^^^^^^^^^^^^^^^^^^^^^^^^^^^
  File "/home/snc-cnams-dev8/Videos/e700/backend/venv/lib/python3.12/site-packages/django/db/models/query.py", line 1361, in _values
    clone.query.set_values(fields)
  File "/home/snc-cnams-dev8/Videos/e700/backend/venv/lib/python3.12/site-packages/django/db/models/sql/query.py", line 2560, in set_values
    self.add_fields(field_names, True)
  File "/home/snc-cnams-dev8/Videos/e700/backend/venv/lib/python3.12/site-packages/django/db/models/sql/query.py", line 2262, in add_fields
    raise FieldError(
django.core.exceptions.FieldError: Cannot resolve keyword 'std_type' into field. Choices are: aircraft_type, aircraft_type_id, capacity, description, id, item, item_id, nato_code, sect_ref, substitute_id, system, system_id, type_of_pol, us_spec
[ERROR] 2025-09-02 05:35:37,114 django.db.backends:35 - SQL queries executed for GET /aircraft/pdf/:(method=- path=-)
[ERROR] 2025-09-02 05:35:37,114 django.db.backends:39 -   (0.001) SELECT "aircraft_masters"."id", "aircraft_masters"."side_no", "aircraft_masters"."aircraft_mark", "aircraft_masters"."customer_id", "aircraft_masters"."aircraft_type_id", "aircraft_masters"."airframe_serial_no", "aircraft_masters"."date_of_acceptance", "aircraft_masters"."date_of_manufacture", "aircraft_masters"."expiry_of_ttl_cal", "aircraft_masters"."date_of_expiry_of_warranty", "aircraft_masters"."basic_weight", "aircraft_masters"."max_auw", "aircraft_masters"."max_landing_weight", "aircraft_masters"."max_combat_load", "aircraft_masters"."max_operating_g_load", "aircraft_masters"."max_fuel_capacity", "aircraft_masters"."max_takeoff_speed", "aircraft_masters"."max_landing_speed", "aircraft_masters"."active_yn", "aircraft_masters"."max_speed", "aircraft_masters"."expiry_of_ttl_hrs", "aircraft_masters"."empty_weight", "aircraft_masters"."airframe_hrs" FROM "aircraft_masters" WHERE "aircraft_masters"."id" = 201710168 LIMIT 21(method=- path=-)
[ERROR] 2025-09-02 05:35:37,114 django.db.backends:39 -   (0.001) SELECT "ecu_masters"."location" AS "location", "ecu_masters"."type" AS "type", "ecu_masters"."mark" AS "mark", "ecu_masters"."serial_no" AS "serial_no", "ecu_masters"."date_of_fitment" AS "date_of_fitment" FROM "ecu_masters" WHERE "ecu_masters"."aircraft_master_id" = 201710168 LIMIT 21(method=- path=-)
[ERROR] 2025-09-02 05:35:37,114 django.db.backends:39 -   (0.001) SELECT "pols"."description" AS "description", "pols"."sect_ref" AS "sect_ref", "pols"."nato_code" AS "nato_code" FROM "pols" WHERE ("pols"."aircraft_type_id" = 202500005 AND "pols"."type_of_pol" = 'F') LIMIT 21(method=- path=-)
[ERROR] 2025-09-02 05:35:37,114 django.db.backends:39 -   (0.000) SELECT "pols"."id", "pols"."type_of_pol", "pols"."description", "pols"."sect_ref", "pols"."nato_code", "pols"."substitute_id", "pols"."system_id", "pols"."aircraft_type_id", "pols"."us_spec", "pols"."capacity", "pols"."item_id" FROM "pols" WHERE ("pols"."aircraft_type_id" = 202500005 AND NOT ("pols"."type_of_pol" = 'F' AND "pols"."type_of_pol" IS NOT NULL)) LIMIT 21(method=- path=-)
[ERROR] 2025-09-02 05:35:37,114 django.db.backends:39 -   (0.000) SELECT "pols"."id", "pols"."type_of_pol", "pols"."description", "pols"."sect_ref", "pols"."nato_code", "pols"."substitute_id", "pols"."system_id", "pols"."aircraft_type_id", "pols"."us_spec", "pols"."capacity", "pols"."item_id" FROM "pols" WHERE ("pols"."aircraft_type_id" = 202500005 AND NOT ("pols"."type_of_pol" = 'F' AND "pols"."type_of_pol" IS NOT NULL)) LIMIT 21(method=- path=-)
[ERROR] 2025-09-02 05:35:37,114 django.db.backends:39 -   (0.000) SELECT "pols"."id", "pols"."type_of_pol", "pols"."description", "pols"."sect_ref", "pols"."nato_code", "pols"."substitute_id", "pols"."system_id", "pols"."aircraft_type_id", "pols"."us_spec", "pols"."capacity", "pols"."item_id" FROM "pols" WHERE ("pols"."aircraft_type_id" = 202500005 AND NOT ("pols"."type_of_pol" = 'F' AND "pols"."type_of_pol" IS NOT NULL)) LIMIT 21(method=- path=-)
[ERROR] 2025-09-02 05:35:37,114 django.server:213 - "GET /aircraft/pdf/?customer_id=201710168 HTTP/1.1" 500 115321(method=- path=-)
[ERROR] 2025-09-02 05:35:40,902 django.request:248 - Internal Server Error: /aircraft/pdf/(method=- path=-)
Traceback (most recent call last):
  File "/home/snc-cnams-dev8/Videos/e700/backend/venv/lib/python3.12/site-packages/django/db/models/sql/query.py", line 2234, in add_fields
    join_info = self.setup_joins(
                ^^^^^^^^^^^^^^^^^
  File "/home/snc-cnams-dev8/Videos/e700/backend/venv/lib/python3.12/site-packages/django/db/models/sql/query.py", line 1897, in setup_joins
    path, final_field, targets, rest = self.names_to_path(
                                       ^^^^^^^^^^^^^^^^^^^
  File "/home/snc-cnams-dev8/Videos/e700/backend/venv/lib/python3.12/site-packages/django/db/models/sql/query.py", line 1802, in names_to_path
    raise FieldError(
django.core.exceptions.FieldError: Cannot resolve keyword 'std_type' into field. Choices are: aircraft_type, aircraft_type_id, capacity, description, id, item, item_id, nato_code, sect_ref, substitute_id, system, system_id, type_of_pol, us_spec

During handling of the above exception, another exception occurred:

Traceback (most recent call last):
  File "/home/snc-cnams-dev8/Videos/e700/backend/venv/lib/python3.12/site-packages/django/core/handlers/exception.py", line 55, in inner
    response = get_response(request)
               ^^^^^^^^^^^^^^^^^^^^^
  File "/home/snc-cnams-dev8/Videos/e700/backend/venv/lib/python3.12/site-packages/django/core/handlers/base.py", line 197, in _get_response
    response = wrapped_callback(request, *callback_args, **callback_kwargs)
               ^^^^^^^^^^^^^^^^^^^^^^^^^^^^^^^^^^^^^^^^^^^^^^^^^^^^^^^^^^^^
  File "/home/snc-cnams-dev8/Pictures/e700/backend/reports/views.py", line 22, in aircraft_pdf
    olg_rows = Pols.objects.filter(aircraft_type_id=data["aircraft_type"]).exclude(type_of_pol= "F").values(
               ^^^^^^^^^^^^^^^^^^^^^^^^^^^^^^^^^^^^^^^^^^^^^^^^^^^^^^^^^^^^^^^^^^^^^^^^^^^^^^^^^^^^^^^^^^^^^
  File "/home/snc-cnams-dev8/Videos/e700/backend/venv/lib/python3.12/site-packages/django/db/models/query.py", line 1366, in values
    clone = self._values(*fields, **expressions)
            ^^^^^^^^^^^^^^^^^^^^^^^^^^^^^^^^^^^^
  File "/home/snc-cnams-dev8/Videos/e700/backend/venv/lib/python3.12/site-packages/django/db/models/query.py", line 1361, in _values
    clone.query.set_values(fields)
  File "/home/snc-cnams-dev8/Videos/e700/backend/venv/lib/python3.12/site-packages/django/db/models/sql/query.py", line 2560, in set_values
    self.add_fields(field_names, True)
  File "/home/snc-cnams-dev8/Videos/e700/backend/venv/lib/python3.12/site-packages/django/db/models/sql/query.py", line 2262, in add_fields
    raise FieldError(
django.core.exceptions.FieldError: Cannot resolve keyword 'std_type' into field. Choices are: aircraft_type, aircraft_type_id, capacity, description, id, item, item_id, nato_code, sect_ref, substitute_id, system, system_id, type_of_pol, us_spec
[ERROR] 2025-09-02 05:35:40,903 django.db.backends:35 - SQL queries executed for GET /aircraft/pdf/:(method=- path=-)
[ERROR] 2025-09-02 05:35:40,903 django.db.backends:39 -   (0.001) SELECT "aircraft_masters"."id", "aircraft_masters"."side_no", "aircraft_masters"."aircraft_mark", "aircraft_masters"."customer_id", "aircraft_masters"."aircraft_type_id", "aircraft_masters"."airframe_serial_no", "aircraft_masters"."date_of_acceptance", "aircraft_masters"."date_of_manufacture", "aircraft_masters"."expiry_of_ttl_cal", "aircraft_masters"."date_of_expiry_of_warranty", "aircraft_masters"."basic_weight", "aircraft_masters"."max_auw", "aircraft_masters"."max_landing_weight", "aircraft_masters"."max_combat_load", "aircraft_masters"."max_operating_g_load", "aircraft_masters"."max_fuel_capacity", "aircraft_masters"."max_takeoff_speed", "aircraft_masters"."max_landing_speed", "aircraft_masters"."active_yn", "aircraft_masters"."max_speed", "aircraft_masters"."expiry_of_ttl_hrs", "aircraft_masters"."empty_weight", "aircraft_masters"."airframe_hrs" FROM "aircraft_masters" WHERE "aircraft_masters"."id" = 201710168 LIMIT 21(method=- path=-)
[ERROR] 2025-09-02 05:35:40,903 django.db.backends:39 -   (0.001) SELECT "ecu_masters"."location" AS "location", "ecu_masters"."type" AS "type", "ecu_masters"."mark" AS "mark", "ecu_masters"."serial_no" AS "serial_no", "ecu_masters"."date_of_fitment" AS "date_of_fitment" FROM "ecu_masters" WHERE "ecu_masters"."aircraft_master_id" = 201710168 LIMIT 21(method=- path=-)
[ERROR] 2025-09-02 05:35:40,903 django.db.backends:39 -   (0.001) SELECT "pols"."description" AS "description", "pols"."sect_ref" AS "sect_ref", "pols"."nato_code" AS "nato_code" FROM "pols" WHERE ("pols"."aircraft_type_id" = 202500005 AND "pols"."type_of_pol" = 'F') LIMIT 21(method=- path=-)
[ERROR] 2025-09-02 05:35:40,903 django.db.backends:39 -   (0.001) SELECT "pols"."id", "pols"."type_of_pol", "pols"."description", "pols"."sect_ref", "pols"."nato_code", "pols"."substitute_id", "pols"."system_id", "pols"."aircraft_type_id", "pols"."us_spec", "pols"."capacity", "pols"."item_id" FROM "pols" WHERE ("pols"."aircraft_type_id" = 202500005 AND NOT ("pols"."type_of_pol" = 'F' AND "pols"."type_of_pol" IS NOT NULL)) LIMIT 21(method=- path=-)
[ERROR] 2025-09-02 05:35:40,903 django.db.backends:39 -   (0.000) SELECT "pols"."id", "pols"."type_of_pol", "pols"."description", "pols"."sect_ref", "pols"."nato_code", "pols"."substitute_id", "pols"."system_id", "pols"."aircraft_type_id", "pols"."us_spec", "pols"."capacity", "pols"."item_id" FROM "pols" WHERE ("pols"."aircraft_type_id" = 202500005 AND NOT ("pols"."type_of_pol" = 'F' AND "pols"."type_of_pol" IS NOT NULL)) LIMIT 21(method=- path=-)
[ERROR] 2025-09-02 05:35:40,903 django.db.backends:39 -   (0.000) SELECT "pols"."id", "pols"."type_of_pol", "pols"."description", "pols"."sect_ref", "pols"."nato_code", "pols"."substitute_id", "pols"."system_id", "pols"."aircraft_type_id", "pols"."us_spec", "pols"."capacity", "pols"."item_id" FROM "pols" WHERE ("pols"."aircraft_type_id" = 202500005 AND NOT ("pols"."type_of_pol" = 'F' AND "pols"."type_of_pol" IS NOT NULL)) LIMIT 21(method=- path=-)
[ERROR] 2025-09-02 05:35:40,903 django.server:213 - "GET /aircraft/pdf/?customer_id=201710168 HTTP/1.1" 500 115321(method=- path=-)
[INFO] 2025-09-02 05:35:43,857 django.server:213 - "GET /user-profile/ HTTP/1.1" 200 177(method=- path=-)
[INFO] 2025-09-02 05:35:43,867 django.server:213 - "GET /api/params/get/ HTTP/1.1" 200 76(method=- path=-)
[INFO] 2025-09-02 05:35:43,880 django.server:213 - "GET /api/params/get/ HTTP/1.1" 200 76(method=- path=-)
[INFO] 2025-09-02 05:35:44,027 django.server:213 - "GET /user-profile/ HTTP/1.1" 200 177(method=- path=-)
[INFO] 2025-09-02 05:35:44,066 django.server:213 - "GET /api/customers/ HTTP/1.1" 200 410758(method=- path=-)
[INFO] 2025-09-02 05:35:44,085 django.server:213 - "GET /api/customers/ HTTP/1.1" 200 410758(method=- path=-)
[INFO] 2025-09-02 05:35:44,504 django.server:213 - "GET /api/aircraft_masters/?include=aircraft_type HTTP/1.1" 200 294064(method=- path=-)
[INFO] 2025-09-02 05:35:44,516 django.server:213 - "GET /api/aircraft_masters/?include=aircraft_type HTTP/1.1" 200 294064(method=- path=-)
[INFO] 2025-09-02 05:35:45,130 django.server:213 - "GET /user-profile/ HTTP/1.1" 200 177(method=- path=-)
[INFO] 2025-09-02 05:35:45,158 django.server:213 - "GET /api/params/get/ HTTP/1.1" 200 76(method=- path=-)
[INFO] 2025-09-02 05:35:45,165 django.server:213 - "GET /user-profile/ HTTP/1.1" 200 177(method=- path=-)
[INFO] 2025-09-02 05:35:45,176 django.server:213 - "GET /api/params/get/ HTTP/1.1" 200 76(method=- path=-)
[INFO] 2025-09-02 05:35:45,281 django.server:213 - "GET /api/customers/ HTTP/1.1" 200 410758(method=- path=-)
[INFO] 2025-09-02 05:35:45,286 django.server:213 - "GET /api/aircraft_masters/201710168/?include=aircraft_type HTTP/1.1" 200 851(method=- path=-)
[INFO] 2025-09-02 05:35:45,398 django.server:213 - "GET /api/aircraft_masters/201710168/?include=aircraft_type HTTP/1.1" 200 851(method=- path=-)
[INFO] 2025-09-02 05:35:45,429 django.server:213 - "GET /api/customers/ HTTP/1.1" 200 410758(method=- path=-)
[ERROR] 2025-09-02 05:35:47,938 django.request:248 - Internal Server Error: /aircraft/pdf/(method=- path=-)
Traceback (most recent call last):
  File "/home/snc-cnams-dev8/Videos/e700/backend/venv/lib/python3.12/site-packages/django/db/models/sql/query.py", line 2234, in add_fields
    join_info = self.setup_joins(
                ^^^^^^^^^^^^^^^^^
  File "/home/snc-cnams-dev8/Videos/e700/backend/venv/lib/python3.12/site-packages/django/db/models/sql/query.py", line 1897, in setup_joins
    path, final_field, targets, rest = self.names_to_path(
                                       ^^^^^^^^^^^^^^^^^^^
  File "/home/snc-cnams-dev8/Videos/e700/backend/venv/lib/python3.12/site-packages/django/db/models/sql/query.py", line 1802, in names_to_path
    raise FieldError(
django.core.exceptions.FieldError: Cannot resolve keyword 'std_type' into field. Choices are: aircraft_type, aircraft_type_id, capacity, description, id, item, item_id, nato_code, sect_ref, substitute_id, system, system_id, type_of_pol, us_spec

During handling of the above exception, another exception occurred:

Traceback (most recent call last):
  File "/home/snc-cnams-dev8/Videos/e700/backend/venv/lib/python3.12/site-packages/django/core/handlers/exception.py", line 55, in inner
    response = get_response(request)
               ^^^^^^^^^^^^^^^^^^^^^
  File "/home/snc-cnams-dev8/Videos/e700/backend/venv/lib/python3.12/site-packages/django/core/handlers/base.py", line 197, in _get_response
    response = wrapped_callback(request, *callback_args, **callback_kwargs)
               ^^^^^^^^^^^^^^^^^^^^^^^^^^^^^^^^^^^^^^^^^^^^^^^^^^^^^^^^^^^^
  File "/home/snc-cnams-dev8/Pictures/e700/backend/reports/views.py", line 22, in aircraft_pdf
    olg_rows = Pols.objects.filter(aircraft_type_id=data["aircraft_type"]).exclude(type_of_pol= "F").values(
               ^^^^^^^^^^^^^^^^^^^^^^^^^^^^^^^^^^^^^^^^^^^^^^^^^^^^^^^^^^^^^^^^^^^^^^^^^^^^^^^^^^^^^^^^^^^^^
  File "/home/snc-cnams-dev8/Videos/e700/backend/venv/lib/python3.12/site-packages/django/db/models/query.py", line 1366, in values
    clone = self._values(*fields, **expressions)
            ^^^^^^^^^^^^^^^^^^^^^^^^^^^^^^^^^^^^
  File "/home/snc-cnams-dev8/Videos/e700/backend/venv/lib/python3.12/site-packages/django/db/models/query.py", line 1361, in _values
    clone.query.set_values(fields)
  File "/home/snc-cnams-dev8/Videos/e700/backend/venv/lib/python3.12/site-packages/django/db/models/sql/query.py", line 2560, in set_values
    self.add_fields(field_names, True)
  File "/home/snc-cnams-dev8/Videos/e700/backend/venv/lib/python3.12/site-packages/django/db/models/sql/query.py", line 2262, in add_fields
    raise FieldError(
django.core.exceptions.FieldError: Cannot resolve keyword 'std_type' into field. Choices are: aircraft_type, aircraft_type_id, capacity, description, id, item, item_id, nato_code, sect_ref, substitute_id, system, system_id, type_of_pol, us_spec
[ERROR] 2025-09-02 05:35:47,939 django.db.backends:35 - SQL queries executed for GET /aircraft/pdf/:(method=- path=-)
[ERROR] 2025-09-02 05:35:47,939 django.db.backends:39 -   (0.001) SELECT "aircraft_masters"."id", "aircraft_masters"."side_no", "aircraft_masters"."aircraft_mark", "aircraft_masters"."customer_id", "aircraft_masters"."aircraft_type_id", "aircraft_masters"."airframe_serial_no", "aircraft_masters"."date_of_acceptance", "aircraft_masters"."date_of_manufacture", "aircraft_masters"."expiry_of_ttl_cal", "aircraft_masters"."date_of_expiry_of_warranty", "aircraft_masters"."basic_weight", "aircraft_masters"."max_auw", "aircraft_masters"."max_landing_weight", "aircraft_masters"."max_combat_load", "aircraft_masters"."max_operating_g_load", "aircraft_masters"."max_fuel_capacity", "aircraft_masters"."max_takeoff_speed", "aircraft_masters"."max_landing_speed", "aircraft_masters"."active_yn", "aircraft_masters"."max_speed", "aircraft_masters"."expiry_of_ttl_hrs", "aircraft_masters"."empty_weight", "aircraft_masters"."airframe_hrs" FROM "aircraft_masters" WHERE "aircraft_masters"."id" = 201710168 LIMIT 21(method=- path=-)
[ERROR] 2025-09-02 05:35:47,939 django.db.backends:39 -   (0.001) SELECT "ecu_masters"."location" AS "location", "ecu_masters"."type" AS "type", "ecu_masters"."mark" AS "mark", "ecu_masters"."serial_no" AS "serial_no", "ecu_masters"."date_of_fitment" AS "date_of_fitment" FROM "ecu_masters" WHERE "ecu_masters"."aircraft_master_id" = 201710168 LIMIT 21(method=- path=-)
[ERROR] 2025-09-02 05:35:47,939 django.db.backends:39 -   (0.001) SELECT "pols"."description" AS "description", "pols"."sect_ref" AS "sect_ref", "pols"."nato_code" AS "nato_code" FROM "pols" WHERE ("pols"."aircraft_type_id" = 202500005 AND "pols"."type_of_pol" = 'F') LIMIT 21(method=- path=-)
[ERROR] 2025-09-02 05:35:47,939 django.db.backends:39 -   (0.000) SELECT "pols"."id", "pols"."type_of_pol", "pols"."description", "pols"."sect_ref", "pols"."nato_code", "pols"."substitute_id", "pols"."system_id", "pols"."aircraft_type_id", "pols"."us_spec", "pols"."capacity", "pols"."item_id" FROM "pols" WHERE ("pols"."aircraft_type_id" = 202500005 AND NOT ("pols"."type_of_pol" = 'F' AND "pols"."type_of_pol" IS NOT NULL)) LIMIT 21(method=- path=-)
[ERROR] 2025-09-02 05:35:47,939 django.db.backends:39 -   (0.000) SELECT "pols"."id", "pols"."type_of_pol", "pols"."description", "pols"."sect_ref", "pols"."nato_code", "pols"."substitute_id", "pols"."system_id", "pols"."aircraft_type_id", "pols"."us_spec", "pols"."capacity", "pols"."item_id" FROM "pols" WHERE ("pols"."aircraft_type_id" = 202500005 AND NOT ("pols"."type_of_pol" = 'F' AND "pols"."type_of_pol" IS NOT NULL)) LIMIT 21(method=- path=-)
[ERROR] 2025-09-02 05:35:47,939 django.db.backends:39 -   (0.000) SELECT "pols"."id", "pols"."type_of_pol", "pols"."description", "pols"."sect_ref", "pols"."nato_code", "pols"."substitute_id", "pols"."system_id", "pols"."aircraft_type_id", "pols"."us_spec", "pols"."capacity", "pols"."item_id" FROM "pols" WHERE ("pols"."aircraft_type_id" = 202500005 AND NOT ("pols"."type_of_pol" = 'F' AND "pols"."type_of_pol" IS NOT NULL)) LIMIT 21(method=- path=-)
[ERROR] 2025-09-02 05:35:47,939 django.server:213 - "GET /aircraft/pdf/?customer_id=201710168 HTTP/1.1" 500 115321(method=- path=-)
[INFO] 2025-09-02 05:36:14,000 django.utils.autoreload:265 - /home/snc-cnams-dev8/Pictures/e700/backend/reports/views.py changed, reloading.(method=- path=-)
[INFO] 2025-09-02 05:36:14,428 django.utils.autoreload:667 - Watching for file changes with StatReloader(method=- path=-)
[ERROR] 2025-09-02 05:36:26,546 django.request:248 - Internal Server Error: /aircraft/pdf/(method=- path=-)
Traceback (most recent call last):
  File "/home/snc-cnams-dev8/Videos/e700/backend/venv/lib/python3.12/site-packages/django/db/models/sql/query.py", line 2234, in add_fields
    join_info = self.setup_joins(
                ^^^^^^^^^^^^^^^^^
  File "/home/snc-cnams-dev8/Videos/e700/backend/venv/lib/python3.12/site-packages/django/db/models/sql/query.py", line 1897, in setup_joins
    path, final_field, targets, rest = self.names_to_path(
                                       ^^^^^^^^^^^^^^^^^^^
  File "/home/snc-cnams-dev8/Videos/e700/backend/venv/lib/python3.12/site-packages/django/db/models/sql/query.py", line 1802, in names_to_path
    raise FieldError(
django.core.exceptions.FieldError: Cannot resolve keyword 'std_type' into field. Choices are: aircraft_type, aircraft_type_id, capacity, description, id, item, item_id, nato_code, sect_ref, substitute_id, system, system_id, type_of_pol, us_spec

During handling of the above exception, another exception occurred:

Traceback (most recent call last):
  File "/home/snc-cnams-dev8/Videos/e700/backend/venv/lib/python3.12/site-packages/django/core/handlers/exception.py", line 55, in inner
    response = get_response(request)
               ^^^^^^^^^^^^^^^^^^^^^
  File "/home/snc-cnams-dev8/Videos/e700/backend/venv/lib/python3.12/site-packages/django/core/handlers/base.py", line 197, in _get_response
    response = wrapped_callback(request, *callback_args, **callback_kwargs)
               ^^^^^^^^^^^^^^^^^^^^^^^^^^^^^^^^^^^^^^^^^^^^^^^^^^^^^^^^^^^^
  File "/home/snc-cnams-dev8/Pictures/e700/backend/reports/views.py", line 22, in aircraft_pdf
    olg_rows = Pols.objects.filter(aircraft_type_id=data["aircraft_type"]).exclude(type_of_pol= "F").values(
               ^^^^^^^^^^^^^^^^^^^^^^^^^^^^^^^^^^^^^^^^^^^^^^^^^^^^^^^^^^^^^^^^^^^^^^^^^^^^^^^^^^^^^^^^^^^^^
  File "/home/snc-cnams-dev8/Videos/e700/backend/venv/lib/python3.12/site-packages/django/db/models/query.py", line 1366, in values
    clone = self._values(*fields, **expressions)
            ^^^^^^^^^^^^^^^^^^^^^^^^^^^^^^^^^^^^
  File "/home/snc-cnams-dev8/Videos/e700/backend/venv/lib/python3.12/site-packages/django/db/models/query.py", line 1361, in _values
    clone.query.set_values(fields)
  File "/home/snc-cnams-dev8/Videos/e700/backend/venv/lib/python3.12/site-packages/django/db/models/sql/query.py", line 2560, in set_values
    self.add_fields(field_names, True)
  File "/home/snc-cnams-dev8/Videos/e700/backend/venv/lib/python3.12/site-packages/django/db/models/sql/query.py", line 2262, in add_fields
    raise FieldError(
django.core.exceptions.FieldError: Cannot resolve keyword 'std_type' into field. Choices are: aircraft_type, aircraft_type_id, capacity, description, id, item, item_id, nato_code, sect_ref, substitute_id, system, system_id, type_of_pol, us_spec
[ERROR] 2025-09-02 05:36:26,547 django.db.backends:35 - SQL queries executed for GET /aircraft/pdf/:(method=- path=-)
[ERROR] 2025-09-02 05:36:26,547 django.db.backends:39 -   (0.001) SELECT "aircraft_masters"."id", "aircraft_masters"."side_no", "aircraft_masters"."aircraft_mark", "aircraft_masters"."customer_id", "aircraft_masters"."aircraft_type_id", "aircraft_masters"."airframe_serial_no", "aircraft_masters"."date_of_acceptance", "aircraft_masters"."date_of_manufacture", "aircraft_masters"."expiry_of_ttl_cal", "aircraft_masters"."date_of_expiry_of_warranty", "aircraft_masters"."basic_weight", "aircraft_masters"."max_auw", "aircraft_masters"."max_landing_weight", "aircraft_masters"."max_combat_load", "aircraft_masters"."max_operating_g_load", "aircraft_masters"."max_fuel_capacity", "aircraft_masters"."max_takeoff_speed", "aircraft_masters"."max_landing_speed", "aircraft_masters"."active_yn", "aircraft_masters"."max_speed", "aircraft_masters"."expiry_of_ttl_hrs", "aircraft_masters"."empty_weight", "aircraft_masters"."airframe_hrs" FROM "aircraft_masters" WHERE "aircraft_masters"."id" = 201710168 LIMIT 21(method=- path=-)
[ERROR] 2025-09-02 05:36:26,547 django.db.backends:39 -   (0.001) SELECT "ecu_masters"."location" AS "location", "ecu_masters"."type" AS "type", "ecu_masters"."mark" AS "mark", "ecu_masters"."serial_no" AS "serial_no", "ecu_masters"."date_of_fitment" AS "date_of_fitment" FROM "ecu_masters" WHERE "ecu_masters"."aircraft_master_id" = 201710168 LIMIT 21(method=- path=-)
[ERROR] 2025-09-02 05:36:26,547 django.db.backends:39 -   (0.001) SELECT "pols"."description" AS "description", "pols"."sect_ref" AS "sect_ref", "pols"."nato_code" AS "nato_code" FROM "pols" WHERE ("pols"."aircraft_type_id" = 202500005 AND "pols"."type_of_pol" = 'F') LIMIT 21(method=- path=-)
[ERROR] 2025-09-02 05:36:26,547 django.db.backends:39 -   (0.000) SELECT "pols"."id", "pols"."type_of_pol", "pols"."description", "pols"."sect_ref", "pols"."nato_code", "pols"."substitute_id", "pols"."system_id", "pols"."aircraft_type_id", "pols"."us_spec", "pols"."capacity", "pols"."item_id" FROM "pols" WHERE ("pols"."aircraft_type_id" = 202500005 AND NOT ("pols"."type_of_pol" = 'F' AND "pols"."type_of_pol" IS NOT NULL)) LIMIT 21(method=- path=-)
[ERROR] 2025-09-02 05:36:26,547 django.db.backends:39 -   (0.000) SELECT "pols"."id", "pols"."type_of_pol", "pols"."description", "pols"."sect_ref", "pols"."nato_code", "pols"."substitute_id", "pols"."system_id", "pols"."aircraft_type_id", "pols"."us_spec", "pols"."capacity", "pols"."item_id" FROM "pols" WHERE ("pols"."aircraft_type_id" = 202500005 AND NOT ("pols"."type_of_pol" = 'F' AND "pols"."type_of_pol" IS NOT NULL)) LIMIT 21(method=- path=-)
[ERROR] 2025-09-02 05:36:26,547 django.db.backends:39 -   (0.000) SELECT "pols"."id", "pols"."type_of_pol", "pols"."description", "pols"."sect_ref", "pols"."nato_code", "pols"."substitute_id", "pols"."system_id", "pols"."aircraft_type_id", "pols"."us_spec", "pols"."capacity", "pols"."item_id" FROM "pols" WHERE ("pols"."aircraft_type_id" = 202500005 AND NOT ("pols"."type_of_pol" = 'F' AND "pols"."type_of_pol" IS NOT NULL)) LIMIT 21(method=- path=-)
[ERROR] 2025-09-02 05:36:26,548 django.server:213 - "GET /aircraft/pdf/?customer_id=201710168 HTTP/1.1" 500 115323(method=- path=-)
[INFO] 2025-09-02 05:40:41,938 django.utils.autoreload:265 - /home/snc-cnams-dev8/Pictures/e700/backend/reports/views.py changed, reloading.(method=- path=-)
[INFO] 2025-09-02 05:40:42,241 django.utils.autoreload:667 - Watching for file changes with StatReloader(method=- path=-)
[INFO] 2025-09-02 05:40:43,799 django.server:213 - "GET /aircraft/pdf/?customer_id=201710168 HTTP/1.1" 200 16243(method=- path=-)
[INFO] 2025-09-02 05:41:03,082 django.utils.autoreload:265 - /home/snc-cnams-dev8/Pictures/e700/backend/reports/views.py changed, reloading.(method=- path=-)
[INFO] 2025-09-02 05:41:03,412 django.utils.autoreload:667 - Watching for file changes with StatReloader(method=- path=-)
[INFO] 2025-09-02 05:41:08,080 django.server:213 - "GET /aircraft/pdf/?customer_id=201710168 HTTP/1.1" 200 16479(method=- path=-)
[INFO] 2025-09-02 05:42:05,821 django.utils.autoreload:265 - /home/snc-cnams-dev8/Pictures/e700/backend/reports/views.py changed, reloading.(method=- path=-)
[INFO] 2025-09-02 05:42:06,128 django.utils.autoreload:667 - Watching for file changes with StatReloader(method=- path=-)
[ERROR] 2025-09-02 05:42:10,577 django.request:248 - Internal Server Error: /aircraft/pdf/(method=- path=-)
Traceback (most recent call last):
  File "/home/snc-cnams-dev8/Videos/e700/backend/venv/lib/python3.12/site-packages/django/db/models/sql/query.py", line 2234, in add_fields
    join_info = self.setup_joins(
                ^^^^^^^^^^^^^^^^^
  File "/home/snc-cnams-dev8/Videos/e700/backend/venv/lib/python3.12/site-packages/django/db/models/sql/query.py", line 1897, in setup_joins
    path, final_field, targets, rest = self.names_to_path(
                                       ^^^^^^^^^^^^^^^^^^^
  File "/home/snc-cnams-dev8/Videos/e700/backend/venv/lib/python3.12/site-packages/django/db/models/sql/query.py", line 1802, in names_to_path
    raise FieldError(
django.core.exceptions.FieldError: Cannot resolve keyword 'std_type' into field. Choices are: aircraft_type, aircraft_type_id, capacity, description, id, item, item_id, nato_code, sect_ref, substitute_id, system, system_id, type_of_pol, us_spec

During handling of the above exception, another exception occurred:

Traceback (most recent call last):
  File "/home/snc-cnams-dev8/Videos/e700/backend/venv/lib/python3.12/site-packages/django/core/handlers/exception.py", line 55, in inner
    response = get_response(request)
               ^^^^^^^^^^^^^^^^^^^^^
  File "/home/snc-cnams-dev8/Videos/e700/backend/venv/lib/python3.12/site-packages/django/core/handlers/base.py", line 197, in _get_response
    response = wrapped_callback(request, *callback_args, **callback_kwargs)
               ^^^^^^^^^^^^^^^^^^^^^^^^^^^^^^^^^^^^^^^^^^^^^^^^^^^^^^^^^^^^
  File "/home/snc-cnams-dev8/Pictures/e700/backend/reports/views.py", line 22, in aircraft_pdf
    olg_rows = Pols.objects.filter(aircraft_type_id=data["aircraft_type"]).exclude(type_of_pol= "F").values(
               ^^^^^^^^^^^^^^^^^^^^^^^^^^^^^^^^^^^^^^^^^^^^^^^^^^^^^^^^^^^^^^^^^^^^^^^^^^^^^^^^^^^^^^^^^^^^^
  File "/home/snc-cnams-dev8/Videos/e700/backend/venv/lib/python3.12/site-packages/django/db/models/query.py", line 1366, in values
    clone = self._values(*fields, **expressions)
            ^^^^^^^^^^^^^^^^^^^^^^^^^^^^^^^^^^^^
  File "/home/snc-cnams-dev8/Videos/e700/backend/venv/lib/python3.12/site-packages/django/db/models/query.py", line 1361, in _values
    clone.query.set_values(fields)
  File "/home/snc-cnams-dev8/Videos/e700/backend/venv/lib/python3.12/site-packages/django/db/models/sql/query.py", line 2560, in set_values
    self.add_fields(field_names, True)
  File "/home/snc-cnams-dev8/Videos/e700/backend/venv/lib/python3.12/site-packages/django/db/models/sql/query.py", line 2262, in add_fields
    raise FieldError(
django.core.exceptions.FieldError: Cannot resolve keyword 'std_type' into field. Choices are: aircraft_type, aircraft_type_id, capacity, description, id, item, item_id, nato_code, sect_ref, substitute_id, system, system_id, type_of_pol, us_spec
[ERROR] 2025-09-02 05:42:10,579 django.db.backends:35 - SQL queries executed for GET /aircraft/pdf/:(method=- path=-)
[ERROR] 2025-09-02 05:42:10,580 django.db.backends:39 -   (0.001) SELECT "aircraft_masters"."id", "aircraft_masters"."side_no", "aircraft_masters"."aircraft_mark", "aircraft_masters"."customer_id", "aircraft_masters"."aircraft_type_id", "aircraft_masters"."airframe_serial_no", "aircraft_masters"."date_of_acceptance", "aircraft_masters"."date_of_manufacture", "aircraft_masters"."expiry_of_ttl_cal", "aircraft_masters"."date_of_expiry_of_warranty", "aircraft_masters"."basic_weight", "aircraft_masters"."max_auw", "aircraft_masters"."max_landing_weight", "aircraft_masters"."max_combat_load", "aircraft_masters"."max_operating_g_load", "aircraft_masters"."max_fuel_capacity", "aircraft_masters"."max_takeoff_speed", "aircraft_masters"."max_landing_speed", "aircraft_masters"."active_yn", "aircraft_masters"."max_speed", "aircraft_masters"."expiry_of_ttl_hrs", "aircraft_masters"."empty_weight", "aircraft_masters"."airframe_hrs" FROM "aircraft_masters" WHERE "aircraft_masters"."id" = 201710168 LIMIT 21(method=- path=-)
[ERROR] 2025-09-02 05:42:10,580 django.db.backends:39 -   (0.001) SELECT "ecu_masters"."location" AS "location", "ecu_masters"."type" AS "type", "ecu_masters"."mark" AS "mark", "ecu_masters"."serial_no" AS "serial_no", "ecu_masters"."date_of_fitment" AS "date_of_fitment" FROM "ecu_masters" WHERE "ecu_masters"."aircraft_master_id" = 201710168 LIMIT 21(method=- path=-)
[ERROR] 2025-09-02 05:42:10,580 django.db.backends:39 -   (0.001) SELECT "pols"."description" AS "description", "pols"."sect_ref" AS "sect_ref", "pols"."nato_code" AS "nato_code" FROM "pols" WHERE ("pols"."aircraft_type_id" = 202500005 AND "pols"."type_of_pol" = 'F') LIMIT 21(method=- path=-)
[ERROR] 2025-09-02 05:42:10,580 django.db.backends:39 -   (0.000) SELECT "pols"."id", "pols"."type_of_pol", "pols"."description", "pols"."sect_ref", "pols"."nato_code", "pols"."substitute_id", "pols"."system_id", "pols"."aircraft_type_id", "pols"."us_spec", "pols"."capacity", "pols"."item_id" FROM "pols" WHERE ("pols"."aircraft_type_id" = 202500005 AND NOT ("pols"."type_of_pol" = 'F' AND "pols"."type_of_pol" IS NOT NULL)) LIMIT 21(method=- path=-)
[ERROR] 2025-09-02 05:42:10,580 django.db.backends:39 -   (0.000) SELECT "pols"."id", "pols"."type_of_pol", "pols"."description", "pols"."sect_ref", "pols"."nato_code", "pols"."substitute_id", "pols"."system_id", "pols"."aircraft_type_id", "pols"."us_spec", "pols"."capacity", "pols"."item_id" FROM "pols" WHERE ("pols"."aircraft_type_id" = 202500005 AND NOT ("pols"."type_of_pol" = 'F' AND "pols"."type_of_pol" IS NOT NULL)) LIMIT 21(method=- path=-)
[ERROR] 2025-09-02 05:42:10,580 django.db.backends:39 -   (0.000) SELECT "pols"."id", "pols"."type_of_pol", "pols"."description", "pols"."sect_ref", "pols"."nato_code", "pols"."substitute_id", "pols"."system_id", "pols"."aircraft_type_id", "pols"."us_spec", "pols"."capacity", "pols"."item_id" FROM "pols" WHERE ("pols"."aircraft_type_id" = 202500005 AND NOT ("pols"."type_of_pol" = 'F' AND "pols"."type_of_pol" IS NOT NULL)) LIMIT 21(method=- path=-)
[ERROR] 2025-09-02 05:42:10,581 django.server:213 - "GET /aircraft/pdf/?customer_id=201710168 HTTP/1.1" 500 115321(method=- path=-)
[INFO] 2025-09-02 05:42:21,824 django.utils.autoreload:265 - /home/snc-cnams-dev8/Pictures/e700/backend/reports/views.py changed, reloading.(method=- path=-)
[INFO] 2025-09-02 05:42:22,159 django.utils.autoreload:667 - Watching for file changes with StatReloader(method=- path=-)
[INFO] 2025-09-02 05:42:24,766 django.server:213 - "GET /aircraft/pdf/?customer_id=201710168 HTTP/1.1" 200 16480(method=- path=-)
[INFO] 2025-09-02 05:43:29,191 django.server:213 - "GET /user-profile/ HTTP/1.1" 200 177(method=- path=-)
[INFO] 2025-09-02 05:43:29,196 django.server:213 - "GET /api/params/get/ HTTP/1.1" 200 76(method=- path=-)
[INFO] 2025-09-02 05:43:29,203 django.server:213 - "GET /user-profile/ HTTP/1.1" 200 177(method=- path=-)
[INFO] 2025-09-02 05:43:29,213 django.server:213 - "GET /api/params/get/ HTTP/1.1" 200 76(method=- path=-)
[INFO] 2025-09-02 05:43:29,347 django.server:213 - "GET /api/customers/ HTTP/1.1" 200 410758(method=- path=-)
[INFO] 2025-09-02 05:43:29,392 django.server:213 - "GET /api/customers/ HTTP/1.1" 200 410758(method=- path=-)
[INFO] 2025-09-02 05:43:29,785 django.server:213 - "GET /api/aircraft_masters/?include=aircraft_type HTTP/1.1" 200 294064(method=- path=-)
[INFO] 2025-09-02 05:43:29,815 django.server:213 - "GET /api/aircraft_masters/?include=aircraft_type HTTP/1.1" 200 294064(method=- path=-)
[INFO] 2025-09-02 05:43:33,781 django.server:213 - "GET /api/leadingParticularsOfAircraft/201710168 HTTP/1.1" 301 0(method=- path=-)
[INFO] 2025-09-02 05:43:33,905 django.server:213 - "GET /api/leadingParticularsOfAircraft/201710168/ HTTP/1.1" 200 3363(method=- path=-)
[WARNING] 2025-09-02 05:43:42,704 django.server:213 - "GET /download.jpeg HTTP/1.1" 404 8630(method=- path=-)
[WARNING] 2025-09-02 05:43:42,734 django.server:213 - "GET /U.jpeg HTTP/1.1" 404 8609(method=- path=-)
[INFO] 2025-09-02 05:46:35,265 django.utils.autoreload:265 - /home/snc-cnams-dev8/Pictures/e700/backend/reports/views.py changed, reloading.(method=- path=-)
[INFO] 2025-09-02 05:46:35,597 django.utils.autoreload:667 - Watching for file changes with StatReloader(method=- path=-)
[INFO] 2025-09-02 05:47:35,725 django.utils.autoreload:265 - /home/snc-cnams-dev8/Pictures/e700/backend/reports/views.py changed, reloading.(method=- path=-)
[INFO] 2025-09-02 05:47:36,022 django.utils.autoreload:667 - Watching for file changes with StatReloader(method=- path=-)
[INFO] 2025-09-02 05:48:03,734 django.utils.autoreload:265 - /home/snc-cnams-dev8/Pictures/e700/backend/reports/views.py changed, reloading.(method=- path=-)
[INFO] 2025-09-02 05:48:04,009 django.utils.autoreload:667 - Watching for file changes with StatReloader(method=- path=-)
[INFO] 2025-09-02 05:48:49,974 django.utils.autoreload:265 - /home/snc-cnams-dev8/Pictures/e700/backend/reports/views.py changed, reloading.(method=- path=-)
[INFO] 2025-09-02 05:48:50,253 django.utils.autoreload:667 - Watching for file changes with StatReloader(method=- path=-)
[INFO] 2025-09-02 05:50:36,212 django.utils.autoreload:265 - /home/snc-cnams-dev8/Pictures/e700/backend/reports/views.py changed, reloading.(method=- path=-)
[INFO] 2025-09-02 05:50:36,500 django.utils.autoreload:667 - Watching for file changes with StatReloader(method=- path=-)
[INFO] 2025-09-02 05:50:40,223 django.server:213 - "GET /aircraft/pdf/?customer_id=201710168 HTTP/1.1" 200 17047(method=- path=-)
[INFO] 2025-09-02 05:51:24,457 django.utils.autoreload:265 - /home/snc-cnams-dev8/Pictures/e700/backend/reports/views.py changed, reloading.(method=- path=-)
[INFO] 2025-09-02 05:51:24,752 django.utils.autoreload:667 - Watching for file changes with StatReloader(method=- path=-)
[INFO] 2025-09-02 05:51:27,359 django.server:213 - "GET /aircraft/pdf/?customer_id=201710168 HTTP/1.1" 200 17048(method=- path=-)
[INFO] 2025-09-02 05:53:23,724 django.utils.autoreload:265 - /home/snc-cnams-dev8/Pictures/e700/backend/reports/views.py changed, reloading.(method=- path=-)
[INFO] 2025-09-02 05:53:24,002 django.utils.autoreload:667 - Watching for file changes with StatReloader(method=- path=-)
[INFO] 2025-09-02 06:02:02,156 django.utils.autoreload:265 - /home/snc-cnams-dev8/Pictures/e700/backend/reports/views.py changed, reloading.(method=- path=-)
[INFO] 2025-09-02 06:02:02,446 django.utils.autoreload:667 - Watching for file changes with StatReloader(method=- path=-)
[ERROR] 2025-09-02 06:02:09,144 django.request:248 - Internal Server Error: /aircraft/pdf/(method=- path=-)
Traceback (most recent call last):
  File "/home/snc-cnams-dev8/Videos/e700/backend/venv/lib/python3.12/site-packages/django/core/handlers/exception.py", line 55, in inner
    response = get_response(request)
               ^^^^^^^^^^^^^^^^^^^^^
  File "/home/snc-cnams-dev8/Videos/e700/backend/venv/lib/python3.12/site-packages/django/core/handlers/base.py", line 197, in _get_response
    response = wrapped_callback(request, *callback_args, **callback_kwargs)
               ^^^^^^^^^^^^^^^^^^^^^^^^^^^^^^^^^^^^^^^^^^^^^^^^^^^^^^^^^^^^
  File "/home/snc-cnams-dev8/Pictures/e700/backend/reports/views.py", line 23, in aircraft_pdf
    "system_id", "description", "nato_code","substitute_id", "nato_code", Systems.GET.get(id="system_id"))
                                                                          ^^^^^^^^^^^
AttributeError: type object 'Systems' has no attribute 'GET'
[ERROR] 2025-09-02 06:02:09,145 django.db.backends:35 - SQL queries executed for GET /aircraft/pdf/:(method=- path=-)
[ERROR] 2025-09-02 06:02:09,145 django.db.backends:39 -   (0.001) SELECT "aircraft_masters"."id", "aircraft_masters"."side_no", "aircraft_masters"."aircraft_mark", "aircraft_masters"."customer_id", "aircraft_masters"."aircraft_type_id", "aircraft_masters"."airframe_serial_no", "aircraft_masters"."date_of_acceptance", "aircraft_masters"."date_of_manufacture", "aircraft_masters"."expiry_of_ttl_cal", "aircraft_masters"."date_of_expiry_of_warranty", "aircraft_masters"."basic_weight", "aircraft_masters"."max_auw", "aircraft_masters"."max_landing_weight", "aircraft_masters"."max_combat_load", "aircraft_masters"."max_operating_g_load", "aircraft_masters"."max_fuel_capacity", "aircraft_masters"."max_takeoff_speed", "aircraft_masters"."max_landing_speed", "aircraft_masters"."active_yn", "aircraft_masters"."max_speed", "aircraft_masters"."expiry_of_ttl_hrs", "aircraft_masters"."empty_weight", "aircraft_masters"."airframe_hrs" FROM "aircraft_masters" WHERE "aircraft_masters"."id" = 201710168 LIMIT 21(method=- path=-)
[ERROR] 2025-09-02 06:02:09,145 django.db.backends:39 -   (0.001) SELECT "ecu_masters"."location" AS "location", "ecu_masters"."type" AS "type", "ecu_masters"."mark" AS "mark", "ecu_masters"."serial_no" AS "serial_no", "ecu_masters"."date_of_fitment" AS "date_of_fitment" FROM "ecu_masters" WHERE "ecu_masters"."aircraft_master_id" = 201710168 LIMIT 21(method=- path=-)
[ERROR] 2025-09-02 06:02:09,145 django.db.backends:39 -   (0.001) SELECT "pols"."description" AS "description", "pols"."sect_ref" AS "sect_ref", "pols"."nato_code" AS "nato_code" FROM "pols" WHERE ("pols"."aircraft_type_id" = 202500005 AND "pols"."type_of_pol" = 'F') LIMIT 21(method=- path=-)
[ERROR] 2025-09-02 06:02:09,146 django.server:213 - "GET /aircraft/pdf/?customer_id=201710168 HTTP/1.1" 500 74047(method=- path=-)
[INFO] 2025-09-02 06:02:28,296 django.utils.autoreload:265 - /home/snc-cnams-dev8/Pictures/e700/backend/reports/views.py changed, reloading.(method=- path=-)
[INFO] 2025-09-02 06:02:28,618 django.utils.autoreload:667 - Watching for file changes with StatReloader(method=- path=-)
[ERROR] 2025-09-02 06:03:08,090 django.request:248 - Internal Server Error: /aircraft/pdf/(method=- path=-)
Traceback (most recent call last):
  File "/home/snc-cnams-dev8/Videos/e700/backend/venv/lib/python3.12/site-packages/django/db/models/fields/__init__.py", line 2128, in get_prep_value
    return int(value)
           ^^^^^^^^^^
ValueError: invalid literal for int() with base 10: 'system_id'

The above exception was the direct cause of the following exception:

Traceback (most recent call last):
  File "/home/snc-cnams-dev8/Videos/e700/backend/venv/lib/python3.12/site-packages/django/core/handlers/exception.py", line 55, in inner
    response = get_response(request)
               ^^^^^^^^^^^^^^^^^^^^^
  File "/home/snc-cnams-dev8/Videos/e700/backend/venv/lib/python3.12/site-packages/django/core/handlers/base.py", line 197, in _get_response
    response = wrapped_callback(request, *callback_args, **callback_kwargs)
               ^^^^^^^^^^^^^^^^^^^^^^^^^^^^^^^^^^^^^^^^^^^^^^^^^^^^^^^^^^^^
  File "/home/snc-cnams-dev8/Pictures/e700/backend/reports/views.py", line 23, in aircraft_pdf
    "system_id", "description", "nato_code","substitute_id", "nato_code", Systems.objects.get(id="system_id"))
                                                                          ^^^^^^^^^^^^^^^^^^^^^^^^^^^^^^^^^^^
  File "/home/snc-cnams-dev8/Videos/e700/backend/venv/lib/python3.12/site-packages/django/db/models/manager.py", line 87, in manager_method
    return getattr(self.get_queryset(), name)(*args, **kwargs)
           ^^^^^^^^^^^^^^^^^^^^^^^^^^^^^^^^^^^^^^^^^^^^^^^^^^^
  File "/home/snc-cnams-dev8/Videos/e700/backend/venv/lib/python3.12/site-packages/django/db/models/query.py", line 619, in get
    clone = self._chain() if self.query.combinator else self.filter(*args, **kwargs)
                                                        ^^^^^^^^^^^^^^^^^^^^^^^^^^^^
  File "/home/snc-cnams-dev8/Videos/e700/backend/venv/lib/python3.12/site-packages/django/db/models/query.py", line 1491, in filter
    return self._filter_or_exclude(False, args, kwargs)
           ^^^^^^^^^^^^^^^^^^^^^^^^^^^^^^^^^^^^^^^^^^^^
  File "/home/snc-cnams-dev8/Videos/e700/backend/venv/lib/python3.12/site-packages/django/db/models/query.py", line 1509, in _filter_or_exclude
    clone._filter_or_exclude_inplace(negate, args, kwargs)
  File "/home/snc-cnams-dev8/Videos/e700/backend/venv/lib/python3.12/site-packages/django/db/models/query.py", line 1516, in _filter_or_exclude_inplace
    self._query.add_q(Q(*args, **kwargs))
  File "/home/snc-cnams-dev8/Videos/e700/backend/venv/lib/python3.12/site-packages/django/db/models/sql/query.py", line 1643, in add_q
    clause, _ = self._add_q(q_object, can_reuse)
                ^^^^^^^^^^^^^^^^^^^^^^^^^^^^^^^^
  File "/home/snc-cnams-dev8/Videos/e700/backend/venv/lib/python3.12/site-packages/django/db/models/sql/query.py", line 1675, in _add_q
    child_clause, needed_inner = self.build_filter(
                                 ^^^^^^^^^^^^^^^^^^
  File "/home/snc-cnams-dev8/Videos/e700/backend/venv/lib/python3.12/site-packages/django/db/models/sql/query.py", line 1585, in build_filter
    condition = self.build_lookup(lookups, col, value)
                ^^^^^^^^^^^^^^^^^^^^^^^^^^^^^^^^^^^^^^
  File "/home/snc-cnams-dev8/Videos/e700/backend/venv/lib/python3.12/site-packages/django/db/models/sql/query.py", line 1412, in build_lookup
    lookup = lookup_class(lhs, rhs)
             ^^^^^^^^^^^^^^^^^^^^^^
  File "/home/snc-cnams-dev8/Videos/e700/backend/venv/lib/python3.12/site-packages/django/db/models/lookups.py", line 38, in __init__
    self.rhs = self.get_prep_lookup()
               ^^^^^^^^^^^^^^^^^^^^^^
  File "/home/snc-cnams-dev8/Videos/e700/backend/venv/lib/python3.12/site-packages/django/db/models/lookups.py", line 410, in get_prep_lookup
    return super().get_prep_lookup()
           ^^^^^^^^^^^^^^^^^^^^^^^^^
  File "/home/snc-cnams-dev8/Videos/e700/backend/venv/lib/python3.12/site-packages/django/db/models/lookups.py", line 96, in get_prep_lookup
    return self.lhs.output_field.get_prep_value(self.rhs)
           ^^^^^^^^^^^^^^^^^^^^^^^^^^^^^^^^^^^^^^^^^^^^^^
  File "/home/snc-cnams-dev8/Videos/e700/backend/venv/lib/python3.12/site-packages/django/db/models/fields/__init__.py", line 2130, in get_prep_value
    raise e.__class__(
ValueError: Field 'id' expected a number but got 'system_id'.
[ERROR] 2025-09-02 06:03:08,091 django.db.backends:35 - SQL queries executed for GET /aircraft/pdf/:(method=- path=-)
[ERROR] 2025-09-02 06:03:08,091 django.db.backends:39 -   (0.001) SELECT "aircraft_masters"."id", "aircraft_masters"."side_no", "aircraft_masters"."aircraft_mark", "aircraft_masters"."customer_id", "aircraft_masters"."aircraft_type_id", "aircraft_masters"."airframe_serial_no", "aircraft_masters"."date_of_acceptance", "aircraft_masters"."date_of_manufacture", "aircraft_masters"."expiry_of_ttl_cal", "aircraft_masters"."date_of_expiry_of_warranty", "aircraft_masters"."basic_weight", "aircraft_masters"."max_auw", "aircraft_masters"."max_landing_weight", "aircraft_masters"."max_combat_load", "aircraft_masters"."max_operating_g_load", "aircraft_masters"."max_fuel_capacity", "aircraft_masters"."max_takeoff_speed", "aircraft_masters"."max_landing_speed", "aircraft_masters"."active_yn", "aircraft_masters"."max_speed", "aircraft_masters"."expiry_of_ttl_hrs", "aircraft_masters"."empty_weight", "aircraft_masters"."airframe_hrs" FROM "aircraft_masters" WHERE "aircraft_masters"."id" = 201710168 LIMIT 21(method=- path=-)
[ERROR] 2025-09-02 06:03:08,091 django.db.backends:39 -   (0.001) SELECT "ecu_masters"."location" AS "location", "ecu_masters"."type" AS "type", "ecu_masters"."mark" AS "mark", "ecu_masters"."serial_no" AS "serial_no", "ecu_masters"."date_of_fitment" AS "date_of_fitment" FROM "ecu_masters" WHERE "ecu_masters"."aircraft_master_id" = 201710168 LIMIT 21(method=- path=-)
[ERROR] 2025-09-02 06:03:08,092 django.db.backends:39 -   (0.001) SELECT "pols"."description" AS "description", "pols"."sect_ref" AS "sect_ref", "pols"."nato_code" AS "nato_code" FROM "pols" WHERE ("pols"."aircraft_type_id" = 202500005 AND "pols"."type_of_pol" = 'F') LIMIT 21(method=- path=-)
[ERROR] 2025-09-02 06:03:08,092 django.db.backends:39 -   (0.001) SELECT "systems"."id", "systems"."system", "systems"."aircraft_type_id", "systems"."other_details" FROM "systems" LIMIT 21(method=- path=-)
[ERROR] 2025-09-02 06:03:08,092 django.db.backends:39 -   (0.000) SELECT "systems"."id", "systems"."system", "systems"."aircraft_type_id", "systems"."other_details" FROM "systems" LIMIT 21(method=- path=-)
[ERROR] 2025-09-02 06:03:08,092 django.db.backends:39 -   (0.000) SELECT "systems"."id", "systems"."system", "systems"."aircraft_type_id", "systems"."other_details" FROM "systems" LIMIT 21(method=- path=-)
[ERROR] 2025-09-02 06:03:08,092 django.db.backends:39 -   (0.000) SELECT "systems"."id", "systems"."system", "systems"."aircraft_type_id", "systems"."other_details" FROM "systems" LIMIT 21(method=- path=-)
[ERROR] 2025-09-02 06:03:08,092 django.db.backends:39 -   (0.000) SELECT "systems"."id", "systems"."system", "systems"."aircraft_type_id", "systems"."other_details" FROM "systems" LIMIT 21(method=- path=-)
[ERROR] 2025-09-02 06:03:08,092 django.server:213 - "GET /aircraft/pdf/?customer_id=201710168 HTTP/1.1" 500 146641(method=- path=-)
[INFO] 2025-09-02 06:04:57,893 django.utils.autoreload:265 - /home/snc-cnams-dev8/Pictures/e700/backend/reports/views.py changed, reloading.(method=- path=-)
[INFO] 2025-09-02 06:04:58,178 django.utils.autoreload:667 - Watching for file changes with StatReloader(method=- path=-)
[INFO] 2025-09-02 06:05:16,760 django.utils.autoreload:265 - /home/snc-cnams-dev8/Pictures/e700/backend/reports/views.py changed, reloading.(method=- path=-)
[INFO] 2025-09-02 06:05:17,052 django.utils.autoreload:667 - Watching for file changes with StatReloader(method=- path=-)
[ERROR] 2025-09-02 06:05:19,886 django.request:248 - Internal Server Error: /aircraft/pdf/(method=- path=-)
Traceback (most recent call last):
  File "/home/snc-cnams-dev8/Videos/e700/backend/venv/lib/python3.12/site-packages/django/core/handlers/exception.py", line 55, in inner
    response = get_response(request)
               ^^^^^^^^^^^^^^^^^^^^^
  File "/home/snc-cnams-dev8/Videos/e700/backend/venv/lib/python3.12/site-packages/django/core/handlers/base.py", line 197, in _get_response
    response = wrapped_callback(request, *callback_args, **callback_kwargs)
               ^^^^^^^^^^^^^^^^^^^^^^^^^^^^^^^^^^^^^^^^^^^^^^^^^^^^^^^^^^^^
  File "/home/snc-cnams-dev8/Pictures/e700/backend/reports/views.py", line 24, in aircraft_pdf
    system_row = Systems.objects.filter(id=olg_rows["system_id"]).values("system")
                                           ~~~~~~~~^^^^^^^^^^^^^
  File "/home/snc-cnams-dev8/Videos/e700/backend/venv/lib/python3.12/site-packages/django/db/models/query.py", line 404, in __getitem__
    raise TypeError(
TypeError: QuerySet indices must be integers or slices, not str.
[ERROR] 2025-09-02 06:05:19,887 django.db.backends:35 - SQL queries executed for GET /aircraft/pdf/:(method=- path=-)
[ERROR] 2025-09-02 06:05:19,887 django.db.backends:39 -   (0.001) SELECT "aircraft_masters"."id", "aircraft_masters"."side_no", "aircraft_masters"."aircraft_mark", "aircraft_masters"."customer_id", "aircraft_masters"."aircraft_type_id", "aircraft_masters"."airframe_serial_no", "aircraft_masters"."date_of_acceptance", "aircraft_masters"."date_of_manufacture", "aircraft_masters"."expiry_of_ttl_cal", "aircraft_masters"."date_of_expiry_of_warranty", "aircraft_masters"."basic_weight", "aircraft_masters"."max_auw", "aircraft_masters"."max_landing_weight", "aircraft_masters"."max_combat_load", "aircraft_masters"."max_operating_g_load", "aircraft_masters"."max_fuel_capacity", "aircraft_masters"."max_takeoff_speed", "aircraft_masters"."max_landing_speed", "aircraft_masters"."active_yn", "aircraft_masters"."max_speed", "aircraft_masters"."expiry_of_ttl_hrs", "aircraft_masters"."empty_weight", "aircraft_masters"."airframe_hrs" FROM "aircraft_masters" WHERE "aircraft_masters"."id" = 201710168 LIMIT 21(method=- path=-)
[ERROR] 2025-09-02 06:05:19,887 django.db.backends:39 -   (0.001) SELECT "ecu_masters"."location" AS "location", "ecu_masters"."type" AS "type", "ecu_masters"."mark" AS "mark", "ecu_masters"."serial_no" AS "serial_no", "ecu_masters"."date_of_fitment" AS "date_of_fitment" FROM "ecu_masters" WHERE "ecu_masters"."aircraft_master_id" = 201710168 LIMIT 21(method=- path=-)
[ERROR] 2025-09-02 06:05:19,887 django.db.backends:39 -   (0.001) SELECT "pols"."description" AS "description", "pols"."sect_ref" AS "sect_ref", "pols"."nato_code" AS "nato_code" FROM "pols" WHERE ("pols"."aircraft_type_id" = 202500005 AND "pols"."type_of_pol" = 'F') LIMIT 21(method=- path=-)
[ERROR] 2025-09-02 06:05:19,887 django.db.backends:39 -   (0.000) SELECT "pols"."system_id" AS "system_id", "pols"."description" AS "description", "pols"."nato_code" AS "nato_code", "pols"."substitute_id" AS "substitute_id" FROM "pols" WHERE ("pols"."aircraft_type_id" = 202500005 AND NOT ("pols"."type_of_pol" = 'F' AND "pols"."type_of_pol" IS NOT NULL)) LIMIT 21(method=- path=-)
[ERROR] 2025-09-02 06:05:19,887 django.db.backends:39 -   (0.000) SELECT "pols"."system_id" AS "system_id", "pols"."description" AS "description", "pols"."nato_code" AS "nato_code", "pols"."substitute_id" AS "substitute_id" FROM "pols" WHERE ("pols"."aircraft_type_id" = 202500005 AND NOT ("pols"."type_of_pol" = 'F' AND "pols"."type_of_pol" IS NOT NULL)) LIMIT 21(method=- path=-)
[ERROR] 2025-09-02 06:05:19,888 django.server:213 - "GET /aircraft/pdf/?customer_id=201710168 HTTP/1.1" 500 79342(method=- path=-)
[ERROR] 2025-09-02 06:05:22,239 django.request:248 - Internal Server Error: /aircraft/pdf/(method=- path=-)
Traceback (most recent call last):
  File "/home/snc-cnams-dev8/Videos/e700/backend/venv/lib/python3.12/site-packages/django/core/handlers/exception.py", line 55, in inner
    response = get_response(request)
               ^^^^^^^^^^^^^^^^^^^^^
  File "/home/snc-cnams-dev8/Videos/e700/backend/venv/lib/python3.12/site-packages/django/core/handlers/base.py", line 197, in _get_response
    response = wrapped_callback(request, *callback_args, **callback_kwargs)
               ^^^^^^^^^^^^^^^^^^^^^^^^^^^^^^^^^^^^^^^^^^^^^^^^^^^^^^^^^^^^
  File "/home/snc-cnams-dev8/Pictures/e700/backend/reports/views.py", line 24, in aircraft_pdf
    system_row = Systems.objects.filter(id=olg_rows["system_id"]).values("system")
                                           ~~~~~~~~^^^^^^^^^^^^^
  File "/home/snc-cnams-dev8/Videos/e700/backend/venv/lib/python3.12/site-packages/django/db/models/query.py", line 404, in __getitem__
    raise TypeError(
TypeError: QuerySet indices must be integers or slices, not str.
[ERROR] 2025-09-02 06:05:22,239 django.db.backends:35 - SQL queries executed for GET /aircraft/pdf/:(method=- path=-)
[ERROR] 2025-09-02 06:05:22,239 django.db.backends:39 -   (0.001) SELECT "aircraft_masters"."id", "aircraft_masters"."side_no", "aircraft_masters"."aircraft_mark", "aircraft_masters"."customer_id", "aircraft_masters"."aircraft_type_id", "aircraft_masters"."airframe_serial_no", "aircraft_masters"."date_of_acceptance", "aircraft_masters"."date_of_manufacture", "aircraft_masters"."expiry_of_ttl_cal", "aircraft_masters"."date_of_expiry_of_warranty", "aircraft_masters"."basic_weight", "aircraft_masters"."max_auw", "aircraft_masters"."max_landing_weight", "aircraft_masters"."max_combat_load", "aircraft_masters"."max_operating_g_load", "aircraft_masters"."max_fuel_capacity", "aircraft_masters"."max_takeoff_speed", "aircraft_masters"."max_landing_speed", "aircraft_masters"."active_yn", "aircraft_masters"."max_speed", "aircraft_masters"."expiry_of_ttl_hrs", "aircraft_masters"."empty_weight", "aircraft_masters"."airframe_hrs" FROM "aircraft_masters" WHERE "aircraft_masters"."id" = 201710168 LIMIT 21(method=- path=-)
[ERROR] 2025-09-02 06:05:22,239 django.db.backends:39 -   (0.001) SELECT "ecu_masters"."location" AS "location", "ecu_masters"."type" AS "type", "ecu_masters"."mark" AS "mark", "ecu_masters"."serial_no" AS "serial_no", "ecu_masters"."date_of_fitment" AS "date_of_fitment" FROM "ecu_masters" WHERE "ecu_masters"."aircraft_master_id" = 201710168 LIMIT 21(method=- path=-)
[ERROR] 2025-09-02 06:05:22,239 django.db.backends:39 -   (0.001) SELECT "pols"."description" AS "description", "pols"."sect_ref" AS "sect_ref", "pols"."nato_code" AS "nato_code" FROM "pols" WHERE ("pols"."aircraft_type_id" = 202500005 AND "pols"."type_of_pol" = 'F') LIMIT 21(method=- path=-)
[ERROR] 2025-09-02 06:05:22,239 django.db.backends:39 -   (0.000) SELECT "pols"."system_id" AS "system_id", "pols"."description" AS "description", "pols"."nato_code" AS "nato_code", "pols"."substitute_id" AS "substitute_id" FROM "pols" WHERE ("pols"."aircraft_type_id" = 202500005 AND NOT ("pols"."type_of_pol" = 'F' AND "pols"."type_of_pol" IS NOT NULL)) LIMIT 21(method=- path=-)
[ERROR] 2025-09-02 06:05:22,239 django.db.backends:39 -   (0.000) SELECT "pols"."system_id" AS "system_id", "pols"."description" AS "description", "pols"."nato_code" AS "nato_code", "pols"."substitute_id" AS "substitute_id" FROM "pols" WHERE ("pols"."aircraft_type_id" = 202500005 AND NOT ("pols"."type_of_pol" = 'F' AND "pols"."type_of_pol" IS NOT NULL)) LIMIT 21(method=- path=-)
[ERROR] 2025-09-02 06:05:22,239 django.server:213 - "GET /aircraft/pdf/?customer_id=201710168 HTTP/1.1" 500 79342(method=- path=-)
[INFO] 2025-09-02 06:05:26,087 django.server:213 - "GET /user-profile/ HTTP/1.1" 200 177(method=- path=-)
[INFO] 2025-09-02 06:05:26,101 django.server:213 - "GET /api/params/get/ HTTP/1.1" 200 76(method=- path=-)
[INFO] 2025-09-02 06:05:26,112 django.server:213 - "GET /user-profile/ HTTP/1.1" 200 177(method=- path=-)
[INFO] 2025-09-02 06:05:26,122 django.server:213 - "GET /api/params/get/ HTTP/1.1" 200 76(method=- path=-)
[INFO] 2025-09-02 06:05:26,225 django.server:213 - "GET /api/aircraft_masters/201710168/?include=aircraft_type HTTP/1.1" 200 851(method=- path=-)
[INFO] 2025-09-02 06:05:26,256 django.server:213 - "GET /api/customers/ HTTP/1.1" 200 410758(method=- path=-)
[INFO] 2025-09-02 06:05:26,261 django.server:213 - "GET /api/aircraft_masters/201710168/?include=aircraft_type HTTP/1.1" 200 851(method=- path=-)
[INFO] 2025-09-02 06:05:26,286 django.server:213 - "GET /api/customers/ HTTP/1.1" 200 410758(method=- path=-)
[ERROR] 2025-09-02 06:05:28,570 django.request:248 - Internal Server Error: /aircraft/pdf/(method=- path=-)
Traceback (most recent call last):
  File "/home/snc-cnams-dev8/Videos/e700/backend/venv/lib/python3.12/site-packages/django/core/handlers/exception.py", line 55, in inner
    response = get_response(request)
               ^^^^^^^^^^^^^^^^^^^^^
  File "/home/snc-cnams-dev8/Videos/e700/backend/venv/lib/python3.12/site-packages/django/core/handlers/base.py", line 197, in _get_response
    response = wrapped_callback(request, *callback_args, **callback_kwargs)
               ^^^^^^^^^^^^^^^^^^^^^^^^^^^^^^^^^^^^^^^^^^^^^^^^^^^^^^^^^^^^
  File "/home/snc-cnams-dev8/Pictures/e700/backend/reports/views.py", line 24, in aircraft_pdf
    system_row = Systems.objects.filter(id=olg_rows["system_id"]).values("system")
                                           ~~~~~~~~^^^^^^^^^^^^^
  File "/home/snc-cnams-dev8/Videos/e700/backend/venv/lib/python3.12/site-packages/django/db/models/query.py", line 404, in __getitem__
    raise TypeError(
TypeError: QuerySet indices must be integers or slices, not str.
[ERROR] 2025-09-02 06:05:28,571 django.db.backends:35 - SQL queries executed for GET /aircraft/pdf/:(method=- path=-)
[ERROR] 2025-09-02 06:05:28,571 django.db.backends:39 -   (0.001) SELECT "aircraft_masters"."id", "aircraft_masters"."side_no", "aircraft_masters"."aircraft_mark", "aircraft_masters"."customer_id", "aircraft_masters"."aircraft_type_id", "aircraft_masters"."airframe_serial_no", "aircraft_masters"."date_of_acceptance", "aircraft_masters"."date_of_manufacture", "aircraft_masters"."expiry_of_ttl_cal", "aircraft_masters"."date_of_expiry_of_warranty", "aircraft_masters"."basic_weight", "aircraft_masters"."max_auw", "aircraft_masters"."max_landing_weight", "aircraft_masters"."max_combat_load", "aircraft_masters"."max_operating_g_load", "aircraft_masters"."max_fuel_capacity", "aircraft_masters"."max_takeoff_speed", "aircraft_masters"."max_landing_speed", "aircraft_masters"."active_yn", "aircraft_masters"."max_speed", "aircraft_masters"."expiry_of_ttl_hrs", "aircraft_masters"."empty_weight", "aircraft_masters"."airframe_hrs" FROM "aircraft_masters" WHERE "aircraft_masters"."id" = 201710168 LIMIT 21(method=- path=-)
[ERROR] 2025-09-02 06:05:28,571 django.db.backends:39 -   (0.001) SELECT "ecu_masters"."location" AS "location", "ecu_masters"."type" AS "type", "ecu_masters"."mark" AS "mark", "ecu_masters"."serial_no" AS "serial_no", "ecu_masters"."date_of_fitment" AS "date_of_fitment" FROM "ecu_masters" WHERE "ecu_masters"."aircraft_master_id" = 201710168 LIMIT 21(method=- path=-)
[ERROR] 2025-09-02 06:05:28,571 django.db.backends:39 -   (0.001) SELECT "pols"."description" AS "description", "pols"."sect_ref" AS "sect_ref", "pols"."nato_code" AS "nato_code" FROM "pols" WHERE ("pols"."aircraft_type_id" = 202500005 AND "pols"."type_of_pol" = 'F') LIMIT 21(method=- path=-)
[ERROR] 2025-09-02 06:05:28,571 django.db.backends:39 -   (0.000) SELECT "pols"."system_id" AS "system_id", "pols"."description" AS "description", "pols"."nato_code" AS "nato_code", "pols"."substitute_id" AS "substitute_id" FROM "pols" WHERE ("pols"."aircraft_type_id" = 202500005 AND NOT ("pols"."type_of_pol" = 'F' AND "pols"."type_of_pol" IS NOT NULL)) LIMIT 21(method=- path=-)
[ERROR] 2025-09-02 06:05:28,571 django.db.backends:39 -   (0.000) SELECT "pols"."system_id" AS "system_id", "pols"."description" AS "description", "pols"."nato_code" AS "nato_code", "pols"."substitute_id" AS "substitute_id" FROM "pols" WHERE ("pols"."aircraft_type_id" = 202500005 AND NOT ("pols"."type_of_pol" = 'F' AND "pols"."type_of_pol" IS NOT NULL)) LIMIT 21(method=- path=-)
[ERROR] 2025-09-02 06:05:28,571 django.server:213 - "GET /aircraft/pdf/?customer_id=201710168 HTTP/1.1" 500 79342(method=- path=-)
[INFO] 2025-09-02 06:05:55,964 django.utils.autoreload:265 - /home/snc-cnams-dev8/Pictures/e700/backend/reports/views.py changed, reloading.(method=- path=-)
[INFO] 2025-09-02 06:05:56,261 django.utils.autoreload:667 - Watching for file changes with StatReloader(method=- path=-)
[ERROR] 2025-09-02 06:05:59,002 django.request:248 - Internal Server Error: /aircraft/pdf/(method=- path=-)
Traceback (most recent call last):
  File "/home/snc-cnams-dev8/Videos/e700/backend/venv/lib/python3.12/site-packages/django/core/handlers/exception.py", line 55, in inner
    response = get_response(request)
               ^^^^^^^^^^^^^^^^^^^^^
  File "/home/snc-cnams-dev8/Videos/e700/backend/venv/lib/python3.12/site-packages/django/core/handlers/base.py", line 197, in _get_response
    response = wrapped_callback(request, *callback_args, **callback_kwargs)
               ^^^^^^^^^^^^^^^^^^^^^^^^^^^^^^^^^^^^^^^^^^^^^^^^^^^^^^^^^^^^
  File "/home/snc-cnams-dev8/Pictures/e700/backend/reports/views.py", line 24, in aircraft_pdf
    system_row = Systems.objects.filter(id=olg_rows["system_id"]).values("system")
                                           ~~~~~~~~^^^^^^^^^^^^^
  File "/home/snc-cnams-dev8/Videos/e700/backend/venv/lib/python3.12/site-packages/django/db/models/query.py", line 404, in __getitem__
    raise TypeError(
TypeError: QuerySet indices must be integers or slices, not str.
[ERROR] 2025-09-02 06:05:59,003 django.db.backends:35 - SQL queries executed for GET /aircraft/pdf/:(method=- path=-)
[ERROR] 2025-09-02 06:05:59,003 django.db.backends:39 -   (0.001) SELECT "aircraft_masters"."id", "aircraft_masters"."side_no", "aircraft_masters"."aircraft_mark", "aircraft_masters"."customer_id", "aircraft_masters"."aircraft_type_id", "aircraft_masters"."airframe_serial_no", "aircraft_masters"."date_of_acceptance", "aircraft_masters"."date_of_manufacture", "aircraft_masters"."expiry_of_ttl_cal", "aircraft_masters"."date_of_expiry_of_warranty", "aircraft_masters"."basic_weight", "aircraft_masters"."max_auw", "aircraft_masters"."max_landing_weight", "aircraft_masters"."max_combat_load", "aircraft_masters"."max_operating_g_load", "aircraft_masters"."max_fuel_capacity", "aircraft_masters"."max_takeoff_speed", "aircraft_masters"."max_landing_speed", "aircraft_masters"."active_yn", "aircraft_masters"."max_speed", "aircraft_masters"."expiry_of_ttl_hrs", "aircraft_masters"."empty_weight", "aircraft_masters"."airframe_hrs" FROM "aircraft_masters" WHERE "aircraft_masters"."id" = 201710168 LIMIT 21(method=- path=-)
[ERROR] 2025-09-02 06:05:59,003 django.db.backends:39 -   (0.001) SELECT "ecu_masters"."location" AS "location", "ecu_masters"."type" AS "type", "ecu_masters"."mark" AS "mark", "ecu_masters"."serial_no" AS "serial_no", "ecu_masters"."date_of_fitment" AS "date_of_fitment" FROM "ecu_masters" WHERE "ecu_masters"."aircraft_master_id" = 201710168 LIMIT 21(method=- path=-)
[ERROR] 2025-09-02 06:05:59,003 django.db.backends:39 -   (0.001) SELECT "pols"."description" AS "description", "pols"."sect_ref" AS "sect_ref", "pols"."nato_code" AS "nato_code" FROM "pols" WHERE ("pols"."aircraft_type_id" = 202500005 AND "pols"."type_of_pol" = 'F') LIMIT 21(method=- path=-)
[ERROR] 2025-09-02 06:05:59,003 django.db.backends:39 -   (0.000) SELECT "pols"."system_id" AS "system_id", "pols"."description" AS "description", "pols"."nato_code" AS "nato_code", "pols"."substitute_id" AS "substitute_id" FROM "pols" WHERE ("pols"."aircraft_type_id" = 202500005 AND NOT ("pols"."type_of_pol" = 'F' AND "pols"."type_of_pol" IS NOT NULL)) LIMIT 21(method=- path=-)
[ERROR] 2025-09-02 06:05:59,003 django.db.backends:39 -   (0.000) SELECT "pols"."system_id" AS "system_id", "pols"."description" AS "description", "pols"."nato_code" AS "nato_code", "pols"."substitute_id" AS "substitute_id" FROM "pols" WHERE ("pols"."aircraft_type_id" = 202500005 AND NOT ("pols"."type_of_pol" = 'F' AND "pols"."type_of_pol" IS NOT NULL)) LIMIT 21(method=- path=-)
[ERROR] 2025-09-02 06:05:59,004 django.server:213 - "GET /aircraft/pdf/?customer_id=201710168 HTTP/1.1" 500 79344(method=- path=-)
[INFO] 2025-09-02 06:06:48,585 django.utils.autoreload:265 - /home/snc-cnams-dev8/Pictures/e700/backend/reports/views.py changed, reloading.(method=- path=-)
[INFO] 2025-09-02 06:06:48,883 django.utils.autoreload:667 - Watching for file changes with StatReloader(method=- path=-)
[INFO] 2025-09-02 06:06:55,903 django.server:213 - "GET /aircraft/pdf/?customer_id=201710168 HTTP/1.1" 200 17049(method=- path=-)
[INFO] 2025-09-02 06:07:14,645 django.utils.autoreload:265 - /home/snc-cnams-dev8/Pictures/e700/backend/reports/views.py changed, reloading.(method=- path=-)
[INFO] 2025-09-02 06:07:14,932 django.utils.autoreload:667 - Watching for file changes with StatReloader(method=- path=-)
[ERROR] 2025-09-02 06:07:17,994 django.request:248 - Internal Server Error: /aircraft/pdf/(method=- path=-)
Traceback (most recent call last):
  File "/home/snc-cnams-dev8/Videos/e700/backend/venv/lib/python3.12/site-packages/django/core/handlers/exception.py", line 55, in inner
    response = get_response(request)
               ^^^^^^^^^^^^^^^^^^^^^
  File "/home/snc-cnams-dev8/Videos/e700/backend/venv/lib/python3.12/site-packages/django/core/handlers/base.py", line 197, in _get_response
    response = wrapped_callback(request, *callback_args, **callback_kwargs)
               ^^^^^^^^^^^^^^^^^^^^^^^^^^^^^^^^^^^^^^^^^^^^^^^^^^^^^^^^^^^^
  File "/home/snc-cnams-dev8/Pictures/e700/backend/reports/views.py", line 24, in aircraft_pdf
    system_row = Systems.objects.filter(id=olg_rows["system_id"]).values("system")
                                           ~~~~~~~~^^^^^^^^^^^^^
  File "/home/snc-cnams-dev8/Videos/e700/backend/venv/lib/python3.12/site-packages/django/db/models/query.py", line 404, in __getitem__
    raise TypeError(
TypeError: QuerySet indices must be integers or slices, not str.
[ERROR] 2025-09-02 06:07:17,994 django.db.backends:35 - SQL queries executed for GET /aircraft/pdf/:(method=- path=-)
[ERROR] 2025-09-02 06:07:17,994 django.db.backends:39 -   (0.001) SELECT "aircraft_masters"."id", "aircraft_masters"."side_no", "aircraft_masters"."aircraft_mark", "aircraft_masters"."customer_id", "aircraft_masters"."aircraft_type_id", "aircraft_masters"."airframe_serial_no", "aircraft_masters"."date_of_acceptance", "aircraft_masters"."date_of_manufacture", "aircraft_masters"."expiry_of_ttl_cal", "aircraft_masters"."date_of_expiry_of_warranty", "aircraft_masters"."basic_weight", "aircraft_masters"."max_auw", "aircraft_masters"."max_landing_weight", "aircraft_masters"."max_combat_load", "aircraft_masters"."max_operating_g_load", "aircraft_masters"."max_fuel_capacity", "aircraft_masters"."max_takeoff_speed", "aircraft_masters"."max_landing_speed", "aircraft_masters"."active_yn", "aircraft_masters"."max_speed", "aircraft_masters"."expiry_of_ttl_hrs", "aircraft_masters"."empty_weight", "aircraft_masters"."airframe_hrs" FROM "aircraft_masters" WHERE "aircraft_masters"."id" = 201710168 LIMIT 21(method=- path=-)
[ERROR] 2025-09-02 06:07:17,995 django.db.backends:39 -   (0.001) SELECT "ecu_masters"."location" AS "location", "ecu_masters"."type" AS "type", "ecu_masters"."mark" AS "mark", "ecu_masters"."serial_no" AS "serial_no", "ecu_masters"."date_of_fitment" AS "date_of_fitment" FROM "ecu_masters" WHERE "ecu_masters"."aircraft_master_id" = 201710168 LIMIT 21(method=- path=-)
[ERROR] 2025-09-02 06:07:17,995 django.db.backends:39 -   (0.001) SELECT "pols"."description" AS "description", "pols"."sect_ref" AS "sect_ref", "pols"."nato_code" AS "nato_code" FROM "pols" WHERE ("pols"."aircraft_type_id" = 202500005 AND "pols"."type_of_pol" = 'F') LIMIT 21(method=- path=-)
[ERROR] 2025-09-02 06:07:17,995 django.db.backends:39 -   (0.000) SELECT "pols"."system_id" AS "system_id", "pols"."description" AS "description", "pols"."nato_code" AS "nato_code", "pols"."substitute_id" AS "substitute_id" FROM "pols" WHERE ("pols"."aircraft_type_id" = 202500005 AND NOT ("pols"."type_of_pol" = 'F' AND "pols"."type_of_pol" IS NOT NULL)) LIMIT 21(method=- path=-)
[ERROR] 2025-09-02 06:07:17,995 django.db.backends:39 -   (0.000) SELECT "pols"."system_id" AS "system_id", "pols"."description" AS "description", "pols"."nato_code" AS "nato_code", "pols"."substitute_id" AS "substitute_id" FROM "pols" WHERE ("pols"."aircraft_type_id" = 202500005 AND NOT ("pols"."type_of_pol" = 'F' AND "pols"."type_of_pol" IS NOT NULL)) LIMIT 21(method=- path=-)
[ERROR] 2025-09-02 06:07:17,995 django.server:213 - "GET /aircraft/pdf/?customer_id=201710168 HTTP/1.1" 500 79344(method=- path=-)
[INFO] 2025-09-02 06:08:51,829 django.utils.autoreload:265 - /home/snc-cnams-dev8/Pictures/e700/backend/reports/views.py changed, reloading.(method=- path=-)
[INFO] 2025-09-02 06:08:52,125 django.utils.autoreload:667 - Watching for file changes with StatReloader(method=- path=-)
[INFO] 2025-09-02 06:08:55,317 django.server:213 - "GET /aircraft/pdf/?customer_id=201710168 HTTP/1.1" 200 17051(method=- path=-)
[INFO] 2025-09-02 06:10:13,514 django.utils.autoreload:265 - /home/snc-cnams-dev8/Pictures/e700/backend/reports/views.py changed, reloading.(method=- path=-)
[INFO] 2025-09-02 06:10:13,838 django.utils.autoreload:667 - Watching for file changes with StatReloader(method=- path=-)
[INFO] 2025-09-02 06:10:15,604 django.server:213 - "GET /aircraft/pdf/?customer_id=201710168 HTTP/1.1" 200 17048(method=- path=-)
[INFO] 2025-09-02 06:12:48,909 django.utils.autoreload:265 - /home/snc-cnams-dev8/Pictures/e700/backend/reports/views.py changed, reloading.(method=- path=-)
[INFO] 2025-09-02 06:12:49,209 django.utils.autoreload:667 - Watching for file changes with StatReloader(method=- path=-)
[ERROR] 2025-09-02 06:12:54,228 django.request:248 - Internal Server Error: /aircraft/pdf/(method=- path=-)
Traceback (most recent call last):
  File "/home/snc-cnams-dev8/Videos/e700/backend/venv/lib/python3.12/site-packages/django/core/handlers/exception.py", line 55, in inner
    response = get_response(request)
               ^^^^^^^^^^^^^^^^^^^^^
  File "/home/snc-cnams-dev8/Videos/e700/backend/venv/lib/python3.12/site-packages/django/core/handlers/base.py", line 197, in _get_response
    response = wrapped_callback(request, *callback_args, **callback_kwargs)
               ^^^^^^^^^^^^^^^^^^^^^^^^^^^^^^^^^^^^^^^^^^^^^^^^^^^^^^^^^^^^
  File "/home/snc-cnams-dev8/Pictures/e700/backend/reports/views.py", line 24, in aircraft_pdf
    system_row = Systems.objects.filter(id=olg_rows["system_id"]).values("system")
                                           ~~~~~~~~^^^^^^^^^^^^^
  File "/home/snc-cnams-dev8/Videos/e700/backend/venv/lib/python3.12/site-packages/django/db/models/query.py", line 404, in __getitem__
    raise TypeError(
TypeError: QuerySet indices must be integers or slices, not str.
[ERROR] 2025-09-02 06:12:54,229 django.db.backends:35 - SQL queries executed for GET /aircraft/pdf/:(method=- path=-)
[ERROR] 2025-09-02 06:12:54,229 django.db.backends:39 -   (0.001) SELECT "aircraft_masters"."id", "aircraft_masters"."side_no", "aircraft_masters"."aircraft_mark", "aircraft_masters"."customer_id", "aircraft_masters"."aircraft_type_id", "aircraft_masters"."airframe_serial_no", "aircraft_masters"."date_of_acceptance", "aircraft_masters"."date_of_manufacture", "aircraft_masters"."expiry_of_ttl_cal", "aircraft_masters"."date_of_expiry_of_warranty", "aircraft_masters"."basic_weight", "aircraft_masters"."max_auw", "aircraft_masters"."max_landing_weight", "aircraft_masters"."max_combat_load", "aircraft_masters"."max_operating_g_load", "aircraft_masters"."max_fuel_capacity", "aircraft_masters"."max_takeoff_speed", "aircraft_masters"."max_landing_speed", "aircraft_masters"."active_yn", "aircraft_masters"."max_speed", "aircraft_masters"."expiry_of_ttl_hrs", "aircraft_masters"."empty_weight", "aircraft_masters"."airframe_hrs" FROM "aircraft_masters" WHERE "aircraft_masters"."id" = 201710168 LIMIT 21(method=- path=-)
[ERROR] 2025-09-02 06:12:54,229 django.db.backends:39 -   (0.001) SELECT "ecu_masters"."location" AS "location", "ecu_masters"."type" AS "type", "ecu_masters"."mark" AS "mark", "ecu_masters"."serial_no" AS "serial_no", "ecu_masters"."date_of_fitment" AS "date_of_fitment" FROM "ecu_masters" WHERE "ecu_masters"."aircraft_master_id" = 201710168 LIMIT 21(method=- path=-)
[ERROR] 2025-09-02 06:12:54,229 django.db.backends:39 -   (0.001) SELECT "pols"."description" AS "description", "pols"."sect_ref" AS "sect_ref", "pols"."nato_code" AS "nato_code" FROM "pols" WHERE ("pols"."aircraft_type_id" = 202500005 AND "pols"."type_of_pol" = 'F') LIMIT 21(method=- path=-)
[ERROR] 2025-09-02 06:12:54,229 django.db.backends:39 -   (0.000) SELECT "pols"."system_id" AS "system_id", "pols"."description" AS "description", "pols"."nato_code" AS "nato_code", "pols"."substitute_id" AS "substitute_id" FROM "pols" WHERE ("pols"."aircraft_type_id" = 202500005 AND NOT ("pols"."type_of_pol" = 'F' AND "pols"."type_of_pol" IS NOT NULL)) LIMIT 21(method=- path=-)
[ERROR] 2025-09-02 06:12:54,229 django.db.backends:39 -   (0.000) SELECT "pols"."system_id" AS "system_id", "pols"."description" AS "description", "pols"."nato_code" AS "nato_code", "pols"."substitute_id" AS "substitute_id" FROM "pols" WHERE ("pols"."aircraft_type_id" = 202500005 AND NOT ("pols"."type_of_pol" = 'F' AND "pols"."type_of_pol" IS NOT NULL)) LIMIT 21(method=- path=-)
[ERROR] 2025-09-02 06:12:54,229 django.server:213 - "GET /aircraft/pdf/?customer_id=201710168 HTTP/1.1" 500 79342(method=- path=-)
[INFO] 2025-09-02 06:13:23,216 django.utils.autoreload:265 - /home/snc-cnams-dev8/Pictures/e700/backend/reports/views.py changed, reloading.(method=- path=-)
[INFO] 2025-09-02 06:13:23,528 django.utils.autoreload:667 - Watching for file changes with StatReloader(method=- path=-)
[ERROR] 2025-09-02 06:13:26,270 django.request:248 - Internal Server Error: /aircraft/pdf/(method=- path=-)
Traceback (most recent call last):
  File "/home/snc-cnams-dev8/Videos/e700/backend/venv/lib/python3.12/site-packages/django/core/handlers/exception.py", line 55, in inner
    response = get_response(request)
               ^^^^^^^^^^^^^^^^^^^^^
  File "/home/snc-cnams-dev8/Videos/e700/backend/venv/lib/python3.12/site-packages/django/core/handlers/base.py", line 197, in _get_response
    response = wrapped_callback(request, *callback_args, **callback_kwargs)
               ^^^^^^^^^^^^^^^^^^^^^^^^^^^^^^^^^^^^^^^^^^^^^^^^^^^^^^^^^^^^
  File "/home/snc-cnams-dev8/Pictures/e700/backend/reports/views.py", line 24, in aircraft_pdf
    system_row = Systems.objects.get(id=olg_rows["system_id"]).values("system")
                                        ~~~~~~~~^^^^^^^^^^^^^
  File "/home/snc-cnams-dev8/Videos/e700/backend/venv/lib/python3.12/site-packages/django/db/models/query.py", line 404, in __getitem__
    raise TypeError(
TypeError: QuerySet indices must be integers or slices, not str.
[ERROR] 2025-09-02 06:13:26,271 django.db.backends:35 - SQL queries executed for GET /aircraft/pdf/:(method=- path=-)
[ERROR] 2025-09-02 06:13:26,271 django.db.backends:39 -   (0.001) SELECT "aircraft_masters"."id", "aircraft_masters"."side_no", "aircraft_masters"."aircraft_mark", "aircraft_masters"."customer_id", "aircraft_masters"."aircraft_type_id", "aircraft_masters"."airframe_serial_no", "aircraft_masters"."date_of_acceptance", "aircraft_masters"."date_of_manufacture", "aircraft_masters"."expiry_of_ttl_cal", "aircraft_masters"."date_of_expiry_of_warranty", "aircraft_masters"."basic_weight", "aircraft_masters"."max_auw", "aircraft_masters"."max_landing_weight", "aircraft_masters"."max_combat_load", "aircraft_masters"."max_operating_g_load", "aircraft_masters"."max_fuel_capacity", "aircraft_masters"."max_takeoff_speed", "aircraft_masters"."max_landing_speed", "aircraft_masters"."active_yn", "aircraft_masters"."max_speed", "aircraft_masters"."expiry_of_ttl_hrs", "aircraft_masters"."empty_weight", "aircraft_masters"."airframe_hrs" FROM "aircraft_masters" WHERE "aircraft_masters"."id" = 201710168 LIMIT 21(method=- path=-)
[ERROR] 2025-09-02 06:13:26,271 django.db.backends:39 -   (0.001) SELECT "ecu_masters"."location" AS "location", "ecu_masters"."type" AS "type", "ecu_masters"."mark" AS "mark", "ecu_masters"."serial_no" AS "serial_no", "ecu_masters"."date_of_fitment" AS "date_of_fitment" FROM "ecu_masters" WHERE "ecu_masters"."aircraft_master_id" = 201710168 LIMIT 21(method=- path=-)
[ERROR] 2025-09-02 06:13:26,271 django.db.backends:39 -   (0.001) SELECT "pols"."description" AS "description", "pols"."sect_ref" AS "sect_ref", "pols"."nato_code" AS "nato_code" FROM "pols" WHERE ("pols"."aircraft_type_id" = 202500005 AND "pols"."type_of_pol" = 'F') LIMIT 21(method=- path=-)
[ERROR] 2025-09-02 06:13:26,271 django.db.backends:39 -   (0.000) SELECT "pols"."system_id" AS "system_id", "pols"."description" AS "description", "pols"."nato_code" AS "nato_code", "pols"."substitute_id" AS "substitute_id" FROM "pols" WHERE ("pols"."aircraft_type_id" = 202500005 AND NOT ("pols"."type_of_pol" = 'F' AND "pols"."type_of_pol" IS NOT NULL)) LIMIT 21(method=- path=-)
[ERROR] 2025-09-02 06:13:26,271 django.db.backends:39 -   (0.000) SELECT "pols"."system_id" AS "system_id", "pols"."description" AS "description", "pols"."nato_code" AS "nato_code", "pols"."substitute_id" AS "substitute_id" FROM "pols" WHERE ("pols"."aircraft_type_id" = 202500005 AND NOT ("pols"."type_of_pol" = 'F' AND "pols"."type_of_pol" IS NOT NULL)) LIMIT 21(method=- path=-)
[ERROR] 2025-09-02 06:13:26,271 django.server:213 - "GET /aircraft/pdf/?customer_id=201710168 HTTP/1.1" 500 79330(method=- path=-)
[INFO] 2025-09-02 06:51:12,380 django.utils.autoreload:265 - /home/snc-cnams-dev8/Pictures/e700/backend/reports/views.py changed, reloading.(method=- path=-)
[INFO] 2025-09-02 06:51:12,682 django.utils.autoreload:667 - Watching for file changes with StatReloader(method=- path=-)
[ERROR] 2025-09-02 06:51:14,844 django.request:248 - Internal Server Error: /aircraft/pdf/(method=- path=-)
Traceback (most recent call last):
  File "/home/snc-cnams-dev8/Videos/e700/backend/venv/lib/python3.12/site-packages/django/core/handlers/exception.py", line 55, in inner
    response = get_response(request)
               ^^^^^^^^^^^^^^^^^^^^^
  File "/home/snc-cnams-dev8/Videos/e700/backend/venv/lib/python3.12/site-packages/django/core/handlers/base.py", line 197, in _get_response
    response = wrapped_callback(request, *callback_args, **callback_kwargs)
               ^^^^^^^^^^^^^^^^^^^^^^^^^^^^^^^^^^^^^^^^^^^^^^^^^^^^^^^^^^^^
  File "/home/snc-cnams-dev8/Pictures/e700/backend/reports/views.py", line 25, in aircraft_pdf
    systems = Systems.objects.filter(id__in=system_ids).value("id","system")
              ^^^^^^^^^^^^^^^^^^^^^^^^^^^^^^^^^^^^^^^^^^^^^^^
AttributeError: 'QuerySet' object has no attribute 'value'. Did you mean: 'values'?
[ERROR] 2025-09-02 06:51:14,845 django.db.backends:35 - SQL queries executed for GET /aircraft/pdf/:(method=- path=-)
[ERROR] 2025-09-02 06:51:14,845 django.db.backends:39 -   (0.001) SELECT "aircraft_masters"."id", "aircraft_masters"."side_no", "aircraft_masters"."aircraft_mark", "aircraft_masters"."customer_id", "aircraft_masters"."aircraft_type_id", "aircraft_masters"."airframe_serial_no", "aircraft_masters"."date_of_acceptance", "aircraft_masters"."date_of_manufacture", "aircraft_masters"."expiry_of_ttl_cal", "aircraft_masters"."date_of_expiry_of_warranty", "aircraft_masters"."basic_weight", "aircraft_masters"."max_auw", "aircraft_masters"."max_landing_weight", "aircraft_masters"."max_combat_load", "aircraft_masters"."max_operating_g_load", "aircraft_masters"."max_fuel_capacity", "aircraft_masters"."max_takeoff_speed", "aircraft_masters"."max_landing_speed", "aircraft_masters"."active_yn", "aircraft_masters"."max_speed", "aircraft_masters"."expiry_of_ttl_hrs", "aircraft_masters"."empty_weight", "aircraft_masters"."airframe_hrs" FROM "aircraft_masters" WHERE "aircraft_masters"."id" = 201710168 LIMIT 21(method=- path=-)
[ERROR] 2025-09-02 06:51:14,845 django.db.backends:39 -   (0.001) SELECT "pols"."system_id" AS "system_id", "pols"."description" AS "description", "pols"."nato_code" AS "nato_code", "pols"."substitute_id" AS "substitute_id" FROM "pols" WHERE ("pols"."aircraft_type_id" = 202500005 AND NOT ("pols"."type_of_pol" = 'F' AND "pols"."type_of_pol" IS NOT NULL))(method=- path=-)
[ERROR] 2025-09-02 06:51:14,845 django.db.backends:39 -   (0.001) SELECT "ecu_masters"."location" AS "location", "ecu_masters"."type" AS "type", "ecu_masters"."mark" AS "mark", "ecu_masters"."serial_no" AS "serial_no", "ecu_masters"."date_of_fitment" AS "date_of_fitment" FROM "ecu_masters" WHERE "ecu_masters"."aircraft_master_id" = 201710168 LIMIT 21(method=- path=-)
[ERROR] 2025-09-02 06:51:14,846 django.db.backends:39 -   (0.000) SELECT "pols"."description" AS "description", "pols"."sect_ref" AS "sect_ref", "pols"."nato_code" AS "nato_code" FROM "pols" WHERE ("pols"."aircraft_type_id" = 202500005 AND "pols"."type_of_pol" = 'F') LIMIT 21(method=- path=-)
[ERROR] 2025-09-02 06:51:14,846 django.server:213 - "GET /aircraft/pdf/?customer_id=201710168 HTTP/1.1" 500 75230(method=- path=-)
[INFO] 2025-09-02 06:51:36,548 django.utils.autoreload:265 - /home/snc-cnams-dev8/Pictures/e700/backend/reports/views.py changed, reloading.(method=- path=-)
[INFO] 2025-09-02 06:51:36,869 django.utils.autoreload:667 - Watching for file changes with StatReloader(method=- path=-)
[INFO] 2025-09-02 06:51:42,060 django.server:213 - "GET /aircraft/pdf/?customer_id=201710168 HTTP/1.1" 200 17050(method=- path=-)
[INFO] 2025-09-02 06:51:49,509 django.utils.autoreload:265 - /home/snc-cnams-dev8/Pictures/e700/backend/reports/views.py changed, reloading.(method=- path=-)
[INFO] 2025-09-02 06:51:49,856 django.utils.autoreload:667 - Watching for file changes with StatReloader(method=- path=-)
[INFO] 2025-09-02 06:51:51,553 django.server:213 - "GET /aircraft/pdf/?customer_id=201710168 HTTP/1.1" 200 17051(method=- path=-)
[INFO] 2025-09-02 06:52:55,801 django.server:213 - "GET /aircraft/pdf/?customer_id=201710168 HTTP/1.1" 200 17148(method=- path=-)
[INFO] 2025-09-02 06:58:34,518 django.server:213 - "GET /aircraft/pdf/?customer_id=201710168 HTTP/1.1" 200 17157(method=- path=-)
[INFO] 2025-09-02 06:59:39,411 django.server:213 - "GET /aircraft/pdf/?customer_id=201710168 HTTP/1.1" 200 17141(method=- path=-)
[INFO] 2025-09-02 07:00:26,080 django.server:213 - "GET /aircraft/pdf/?customer_id=201710168 HTTP/1.1" 200 17142(method=- path=-)
[INFO] 2025-09-02 07:04:42,630 django.utils.autoreload:265 - /home/snc-cnams-dev8/Pictures/e700/backend/reports/views.py changed, reloading.(method=- path=-)
[INFO] 2025-09-02 07:04:42,942 django.utils.autoreload:667 - Watching for file changes with StatReloader(method=- path=-)
[INFO] 2025-09-02 07:04:53,422 django.utils.autoreload:265 - /home/snc-cnams-dev8/Pictures/e700/backend/reports/views.py changed, reloading.(method=- path=-)
[INFO] 2025-09-02 07:04:53,721 django.utils.autoreload:667 - Watching for file changes with StatReloader(method=- path=-)
[ERROR] 2025-09-02 07:04:57,356 django.request:248 - Internal Server Error: /aircraft/pdf/(method=- path=-)
Traceback (most recent call last):
  File "/home/snc-cnams-dev8/Videos/e700/backend/venv/lib/python3.12/site-packages/django/core/handlers/exception.py", line 55, in inner
    response = get_response(request)
               ^^^^^^^^^^^^^^^^^^^^^
  File "/home/snc-cnams-dev8/Videos/e700/backend/venv/lib/python3.12/site-packages/django/core/handlers/base.py", line 197, in _get_response
    response = wrapped_callback(request, *callback_args, **callback_kwargs)
               ^^^^^^^^^^^^^^^^^^^^^^^^^^^^^^^^^^^^^^^^^^^^^^^^^^^^^^^^^^^^
  File "/home/snc-cnams-dev8/Pictures/e700/backend/reports/views.py", line 28, in aircraft_pdf
    for key,value in olg_rows.items():
                     ^^^^^^^^^^^^^^
AttributeError: 'QuerySet' object has no attribute 'items'
[ERROR] 2025-09-02 07:04:57,357 django.db.backends:35 - SQL queries executed for GET /aircraft/pdf/:(method=- path=-)
[ERROR] 2025-09-02 07:04:57,357 django.db.backends:39 -   (0.001) SELECT "aircraft_masters"."id", "aircraft_masters"."side_no", "aircraft_masters"."aircraft_mark", "aircraft_masters"."customer_id", "aircraft_masters"."aircraft_type_id", "aircraft_masters"."airframe_serial_no", "aircraft_masters"."date_of_acceptance", "aircraft_masters"."date_of_manufacture", "aircraft_masters"."expiry_of_ttl_cal", "aircraft_masters"."date_of_expiry_of_warranty", "aircraft_masters"."basic_weight", "aircraft_masters"."max_auw", "aircraft_masters"."max_landing_weight", "aircraft_masters"."max_combat_load", "aircraft_masters"."max_operating_g_load", "aircraft_masters"."max_fuel_capacity", "aircraft_masters"."max_takeoff_speed", "aircraft_masters"."max_landing_speed", "aircraft_masters"."active_yn", "aircraft_masters"."max_speed", "aircraft_masters"."expiry_of_ttl_hrs", "aircraft_masters"."empty_weight", "aircraft_masters"."airframe_hrs" FROM "aircraft_masters" WHERE "aircraft_masters"."id" = 201710168 LIMIT 21(method=- path=-)
[ERROR] 2025-09-02 07:04:57,357 django.db.backends:39 -   (0.001) SELECT "pols"."system_id" AS "system_id", "pols"."description" AS "description", "pols"."nato_code" AS "nato_code", "pols"."substitute_id" AS "substitute_id" FROM "pols" WHERE ("pols"."aircraft_type_id" = 202500005 AND NOT ("pols"."type_of_pol" = 'F' AND "pols"."type_of_pol" IS NOT NULL))(method=- path=-)
[ERROR] 2025-09-02 07:04:57,357 django.db.backends:39 -   (0.001) SELECT "systems"."id" AS "id", "systems"."system" AS "system" FROM "systems" WHERE "systems"."id" IN (202500028, 202500029, 202500030, 202500031, 202500032)(method=- path=-)
[ERROR] 2025-09-02 07:04:57,357 django.db.backends:39 -   (0.001) SELECT "ecu_masters"."location" AS "location", "ecu_masters"."type" AS "type", "ecu_masters"."mark" AS "mark", "ecu_masters"."serial_no" AS "serial_no", "ecu_masters"."date_of_fitment" AS "date_of_fitment" FROM "ecu_masters" WHERE "ecu_masters"."aircraft_master_id" = 201710168 LIMIT 21(method=- path=-)
[ERROR] 2025-09-02 07:04:57,357 django.db.backends:39 -   (0.000) SELECT "pols"."description" AS "description", "pols"."sect_ref" AS "sect_ref", "pols"."nato_code" AS "nato_code" FROM "pols" WHERE ("pols"."aircraft_type_id" = 202500005 AND "pols"."type_of_pol" = 'F') LIMIT 21(method=- path=-)
[ERROR] 2025-09-02 07:04:57,357 django.server:213 - "GET /aircraft/pdf/?customer_id=201710168 HTTP/1.1" 500 76382(method=- path=-)
[INFO] 2025-09-02 07:05:10,357 django.utils.autoreload:265 - /home/snc-cnams-dev8/Pictures/e700/backend/reports/views.py changed, reloading.(method=- path=-)
[INFO] 2025-09-02 07:05:10,662 django.utils.autoreload:667 - Watching for file changes with StatReloader(method=- path=-)
[ERROR] 2025-09-02 07:05:13,439 django.request:248 - Internal Server Error: /aircraft/pdf/(method=- path=-)
Traceback (most recent call last):
  File "/home/snc-cnams-dev8/Videos/e700/backend/venv/lib/python3.12/site-packages/django/core/handlers/exception.py", line 55, in inner
    response = get_response(request)
               ^^^^^^^^^^^^^^^^^^^^^
  File "/home/snc-cnams-dev8/Videos/e700/backend/venv/lib/python3.12/site-packages/django/core/handlers/base.py", line 197, in _get_response
    response = wrapped_callback(request, *callback_args, **callback_kwargs)
               ^^^^^^^^^^^^^^^^^^^^^^^^^^^^^^^^^^^^^^^^^^^^^^^^^^^^^^^^^^^^
  File "/home/snc-cnams-dev8/Pictures/e700/backend/reports/views.py", line 28, in aircraft_pdf
    for key,value in olg_rows.items():
                     ^^^^^^^^^^^^^^
AttributeError: 'QuerySet' object has no attribute 'items'
[ERROR] 2025-09-02 07:05:13,440 django.db.backends:35 - SQL queries executed for GET /aircraft/pdf/:(method=- path=-)
[ERROR] 2025-09-02 07:05:13,440 django.db.backends:39 -   (0.001) SELECT "aircraft_masters"."id", "aircraft_masters"."side_no", "aircraft_masters"."aircraft_mark", "aircraft_masters"."customer_id", "aircraft_masters"."aircraft_type_id", "aircraft_masters"."airframe_serial_no", "aircraft_masters"."date_of_acceptance", "aircraft_masters"."date_of_manufacture", "aircraft_masters"."expiry_of_ttl_cal", "aircraft_masters"."date_of_expiry_of_warranty", "aircraft_masters"."basic_weight", "aircraft_masters"."max_auw", "aircraft_masters"."max_landing_weight", "aircraft_masters"."max_combat_load", "aircraft_masters"."max_operating_g_load", "aircraft_masters"."max_fuel_capacity", "aircraft_masters"."max_takeoff_speed", "aircraft_masters"."max_landing_speed", "aircraft_masters"."active_yn", "aircraft_masters"."max_speed", "aircraft_masters"."expiry_of_ttl_hrs", "aircraft_masters"."empty_weight", "aircraft_masters"."airframe_hrs" FROM "aircraft_masters" WHERE "aircraft_masters"."id" = 201710168 LIMIT 21(method=- path=-)
[ERROR] 2025-09-02 07:05:13,440 django.db.backends:39 -   (0.001) SELECT "pols"."system_id" AS "system_id", "pols"."description" AS "description", "pols"."nato_code" AS "nato_code", "pols"."substitute_id" AS "substitute_id" FROM "pols" WHERE ("pols"."aircraft_type_id" = 202500005 AND NOT ("pols"."type_of_pol" = 'F' AND "pols"."type_of_pol" IS NOT NULL))(method=- path=-)
[ERROR] 2025-09-02 07:05:13,440 django.db.backends:39 -   (0.001) SELECT "systems"."id" AS "id", "systems"."system" AS "system" FROM "systems" WHERE "systems"."id" IN (202500028, 202500029, 202500030, 202500031, 202500032)(method=- path=-)
[ERROR] 2025-09-02 07:05:13,440 django.db.backends:39 -   (0.001) SELECT "ecu_masters"."location" AS "location", "ecu_masters"."type" AS "type", "ecu_masters"."mark" AS "mark", "ecu_masters"."serial_no" AS "serial_no", "ecu_masters"."date_of_fitment" AS "date_of_fitment" FROM "ecu_masters" WHERE "ecu_masters"."aircraft_master_id" = 201710168 LIMIT 21(method=- path=-)
[ERROR] 2025-09-02 07:05:13,440 django.db.backends:39 -   (0.000) SELECT "pols"."description" AS "description", "pols"."sect_ref" AS "sect_ref", "pols"."nato_code" AS "nato_code" FROM "pols" WHERE ("pols"."aircraft_type_id" = 202500005 AND "pols"."type_of_pol" = 'F') LIMIT 21(method=- path=-)
[ERROR] 2025-09-02 07:05:13,440 django.server:213 - "GET /aircraft/pdf/?customer_id=201710168 HTTP/1.1" 500 76384(method=- path=-)
[INFO] 2025-09-02 07:05:54,703 django.utils.autoreload:265 - /home/snc-cnams-dev8/Pictures/e700/backend/reports/views.py changed, reloading.(method=- path=-)
[INFO] 2025-09-02 07:05:55,007 django.utils.autoreload:667 - Watching for file changes with StatReloader(method=- path=-)
[ERROR] 2025-09-02 07:05:57,451 django.request:248 - Internal Server Error: /aircraft/pdf/(method=- path=-)
Traceback (most recent call last):
  File "/home/snc-cnams-dev8/Videos/e700/backend/venv/lib/python3.12/site-packages/django/core/handlers/exception.py", line 55, in inner
    response = get_response(request)
               ^^^^^^^^^^^^^^^^^^^^^
  File "/home/snc-cnams-dev8/Videos/e700/backend/venv/lib/python3.12/site-packages/django/core/handlers/base.py", line 197, in _get_response
    response = wrapped_callback(request, *callback_args, **callback_kwargs)
               ^^^^^^^^^^^^^^^^^^^^^^^^^^^^^^^^^^^^^^^^^^^^^^^^^^^^^^^^^^^^
  File "/home/snc-cnams-dev8/Pictures/e700/backend/reports/views.py", line 28, in aircraft_pdf
    for value in olg_rows.items():
                 ^^^^^^^^^^^^^^
AttributeError: 'QuerySet' object has no attribute 'items'
[ERROR] 2025-09-02 07:05:57,453 django.db.backends:35 - SQL queries executed for GET /aircraft/pdf/:(method=- path=-)
[ERROR] 2025-09-02 07:05:57,453 django.db.backends:39 -   (0.001) SELECT "aircraft_masters"."id", "aircraft_masters"."side_no", "aircraft_masters"."aircraft_mark", "aircraft_masters"."customer_id", "aircraft_masters"."aircraft_type_id", "aircraft_masters"."airframe_serial_no", "aircraft_masters"."date_of_acceptance", "aircraft_masters"."date_of_manufacture", "aircraft_masters"."expiry_of_ttl_cal", "aircraft_masters"."date_of_expiry_of_warranty", "aircraft_masters"."basic_weight", "aircraft_masters"."max_auw", "aircraft_masters"."max_landing_weight", "aircraft_masters"."max_combat_load", "aircraft_masters"."max_operating_g_load", "aircraft_masters"."max_fuel_capacity", "aircraft_masters"."max_takeoff_speed", "aircraft_masters"."max_landing_speed", "aircraft_masters"."active_yn", "aircraft_masters"."max_speed", "aircraft_masters"."expiry_of_ttl_hrs", "aircraft_masters"."empty_weight", "aircraft_masters"."airframe_hrs" FROM "aircraft_masters" WHERE "aircraft_masters"."id" = 201710168 LIMIT 21(method=- path=-)
[ERROR] 2025-09-02 07:05:57,453 django.db.backends:39 -   (0.001) SELECT "pols"."system_id" AS "system_id", "pols"."description" AS "description", "pols"."nato_code" AS "nato_code", "pols"."substitute_id" AS "substitute_id" FROM "pols" WHERE ("pols"."aircraft_type_id" = 202500005 AND NOT ("pols"."type_of_pol" = 'F' AND "pols"."type_of_pol" IS NOT NULL))(method=- path=-)
[ERROR] 2025-09-02 07:05:57,453 django.db.backends:39 -   (0.001) SELECT "systems"."id" AS "id", "systems"."system" AS "system" FROM "systems" WHERE "systems"."id" IN (202500028, 202500029, 202500030, 202500031, 202500032)(method=- path=-)
[ERROR] 2025-09-02 07:05:57,453 django.db.backends:39 -   (0.000) SELECT "ecu_masters"."location" AS "location", "ecu_masters"."type" AS "type", "ecu_masters"."mark" AS "mark", "ecu_masters"."serial_no" AS "serial_no", "ecu_masters"."date_of_fitment" AS "date_of_fitment" FROM "ecu_masters" WHERE "ecu_masters"."aircraft_master_id" = 201710168 LIMIT 21(method=- path=-)
[ERROR] 2025-09-02 07:05:57,453 django.db.backends:39 -   (0.000) SELECT "pols"."description" AS "description", "pols"."sect_ref" AS "sect_ref", "pols"."nato_code" AS "nato_code" FROM "pols" WHERE ("pols"."aircraft_type_id" = 202500005 AND "pols"."type_of_pol" = 'F') LIMIT 21(method=- path=-)
[ERROR] 2025-09-02 07:05:57,454 django.server:213 - "GET /aircraft/pdf/?customer_id=201710168 HTTP/1.1" 500 76368(method=- path=-)
[INFO] 2025-09-02 07:06:16,816 django.utils.autoreload:265 - /home/snc-cnams-dev8/Pictures/e700/backend/reports/views.py changed, reloading.(method=- path=-)
[INFO] 2025-09-02 07:06:17,116 django.utils.autoreload:667 - Watching for file changes with StatReloader(method=- path=-)
[INFO] 2025-09-02 07:06:20,799 django.server:213 - "GET /aircraft/pdf/?customer_id=201710168 HTTP/1.1" 200 17143(method=- path=-)
[INFO] 2025-09-02 07:06:30,787 django.utils.autoreload:265 - /home/snc-cnams-dev8/Pictures/e700/backend/reports/views.py changed, reloading.(method=- path=-)
[INFO] 2025-09-02 07:06:31,086 django.utils.autoreload:667 - Watching for file changes with StatReloader(method=- path=-)
[INFO] 2025-09-02 07:07:03,252 django.server:213 - "GET /aircraft/pdf/?customer_id=201710168 HTTP/1.1" 200 17143(method=- path=-)
[INFO] 2025-09-02 07:07:46,285 django.utils.autoreload:265 - /home/snc-cnams-dev8/Pictures/e700/backend/reports/views.py changed, reloading.(method=- path=-)
[INFO] 2025-09-02 07:07:46,585 django.utils.autoreload:667 - Watching for file changes with StatReloader(method=- path=-)
[INFO] 2025-09-02 07:07:49,243 django.server:213 - "GET /aircraft/pdf/?customer_id=201710168 HTTP/1.1" 200 17143(method=- path=-)
[INFO] 2025-09-02 07:07:57,192 django.utils.autoreload:265 - /home/snc-cnams-dev8/Pictures/e700/backend/reports/views.py changed, reloading.(method=- path=-)
[INFO] 2025-09-02 07:07:57,518 django.utils.autoreload:667 - Watching for file changes with StatReloader(method=- path=-)
[INFO] 2025-09-02 07:07:59,539 django.server:213 - "GET /aircraft/pdf/?customer_id=201710168 HTTP/1.1" 200 17142(method=- path=-)
[INFO] 2025-09-02 07:08:45,559 django.utils.autoreload:265 - /home/snc-cnams-dev8/Pictures/e700/backend/reports/views.py changed, reloading.(method=- path=-)
[INFO] 2025-09-02 07:08:45,851 django.utils.autoreload:667 - Watching for file changes with StatReloader(method=- path=-)
[INFO] 2025-09-02 07:08:56,356 django.utils.autoreload:265 - /home/snc-cnams-dev8/Pictures/e700/backend/reports/views.py changed, reloading.(method=- path=-)
[INFO] 2025-09-02 07:08:56,638 django.utils.autoreload:667 - Watching for file changes with StatReloader(method=- path=-)
[INFO] 2025-09-02 07:09:06,865 django.server:213 - "GET /aircraft/pdf/?customer_id=201710168 HTTP/1.1" 200 17143(method=- path=-)
[INFO] 2025-09-02 07:09:19,313 django.utils.autoreload:265 - /home/snc-cnams-dev8/Pictures/e700/backend/reports/views.py changed, reloading.(method=- path=-)
[INFO] 2025-09-02 07:09:19,618 django.utils.autoreload:667 - Watching for file changes with StatReloader(method=- path=-)
[INFO] 2025-09-02 07:09:28,352 django.server:213 - "GET /aircraft/pdf/?customer_id=201710168 HTTP/1.1" 200 17142(method=- path=-)
[INFO] 2025-09-02 07:11:25,551 django.utils.autoreload:265 - /home/snc-cnams-dev8/Pictures/e700/backend/reports/views.py changed, reloading.(method=- path=-)
[INFO] 2025-09-02 07:11:25,853 django.utils.autoreload:667 - Watching for file changes with StatReloader(method=- path=-)
[INFO] 2025-09-02 07:11:31,805 django.server:213 - "GET /aircraft/pdf/?customer_id=201710168 HTTP/1.1" 200 17143(method=- path=-)
[INFO] 2025-09-02 07:13:00,314 django.utils.autoreload:265 - /home/snc-cnams-dev8/Pictures/e700/backend/reports/views.py changed, reloading.(method=- path=-)
[INFO] 2025-09-02 07:13:00,598 django.utils.autoreload:667 - Watching for file changes with StatReloader(method=- path=-)
[ERROR] 2025-09-02 07:13:03,116 django.request:248 - Internal Server Error: /aircraft/pdf/(method=- path=-)
Traceback (most recent call last):
  File "/home/snc-cnams-dev8/Videos/e700/backend/venv/lib/python3.12/site-packages/django/core/handlers/exception.py", line 55, in inner
    response = get_response(request)
               ^^^^^^^^^^^^^^^^^^^^^
  File "/home/snc-cnams-dev8/Videos/e700/backend/venv/lib/python3.12/site-packages/django/core/handlers/base.py", line 197, in _get_response
    response = wrapped_callback(request, *callback_args, **callback_kwargs)
               ^^^^^^^^^^^^^^^^^^^^^^^^^^^^^^^^^^^^^^^^^^^^^^^^^^^^^^^^^^^^
  File "/home/snc-cnams-dev8/Pictures/e700/backend/reports/views.py", line 32, in aircraft_pdf
    for key,value in olg_rows.items():
                     ^^^^^^^^^^^^^^
AttributeError: 'QuerySet' object has no attribute 'items'
[ERROR] 2025-09-02 07:13:03,117 django.db.backends:35 - SQL queries executed for GET /aircraft/pdf/:(method=- path=-)
[ERROR] 2025-09-02 07:13:03,117 django.db.backends:39 -   (0.001) SELECT "aircraft_masters"."id", "aircraft_masters"."side_no", "aircraft_masters"."aircraft_mark", "aircraft_masters"."customer_id", "aircraft_masters"."aircraft_type_id", "aircraft_masters"."airframe_serial_no", "aircraft_masters"."date_of_acceptance", "aircraft_masters"."date_of_manufacture", "aircraft_masters"."expiry_of_ttl_cal", "aircraft_masters"."date_of_expiry_of_warranty", "aircraft_masters"."basic_weight", "aircraft_masters"."max_auw", "aircraft_masters"."max_landing_weight", "aircraft_masters"."max_combat_load", "aircraft_masters"."max_operating_g_load", "aircraft_masters"."max_fuel_capacity", "aircraft_masters"."max_takeoff_speed", "aircraft_masters"."max_landing_speed", "aircraft_masters"."active_yn", "aircraft_masters"."max_speed", "aircraft_masters"."expiry_of_ttl_hrs", "aircraft_masters"."empty_weight", "aircraft_masters"."airframe_hrs" FROM "aircraft_masters" WHERE "aircraft_masters"."id" = 201710168 LIMIT 21(method=- path=-)
[ERROR] 2025-09-02 07:13:03,117 django.db.backends:39 -   (0.001) SELECT "pols"."system_id" AS "system_id", "pols"."description" AS "description", "pols"."nato_code" AS "nato_code", "pols"."substitute_id" AS "substitute_id" FROM "pols" WHERE ("pols"."aircraft_type_id" = 202500005 AND NOT ("pols"."type_of_pol" = 'F' AND "pols"."type_of_pol" IS NOT NULL))(method=- path=-)
[ERROR] 2025-09-02 07:13:03,117 django.db.backends:39 -   (0.001) SELECT "systems"."id" AS "id", "systems"."system" AS "system" FROM "systems" WHERE "systems"."id" IN (202500028, 202500029, 202500030, 202500031, 202500032)(method=- path=-)
[ERROR] 2025-09-02 07:13:03,117 django.db.backends:39 -   (0.000) SELECT "ecu_masters"."location" AS "location", "ecu_masters"."type" AS "type", "ecu_masters"."mark" AS "mark", "ecu_masters"."serial_no" AS "serial_no", "ecu_masters"."date_of_fitment" AS "date_of_fitment" FROM "ecu_masters" WHERE "ecu_masters"."aircraft_master_id" = 201710168 LIMIT 21(method=- path=-)
[ERROR] 2025-09-02 07:13:03,117 django.db.backends:39 -   (0.000) SELECT "pols"."description" AS "description", "pols"."sect_ref" AS "sect_ref", "pols"."nato_code" AS "nato_code" FROM "pols" WHERE ("pols"."aircraft_type_id" = 202500005 AND "pols"."type_of_pol" = 'F') LIMIT 21(method=- path=-)
[ERROR] 2025-09-02 07:13:03,118 django.server:213 - "GET /aircraft/pdf/?customer_id=201710168 HTTP/1.1" 500 76035(method=- path=-)
[INFO] 2025-09-02 07:13:52,850 django.utils.autoreload:265 - /home/snc-cnams-dev8/Pictures/e700/backend/reports/views.py changed, reloading.(method=- path=-)
[INFO] 2025-09-02 07:13:53,156 django.utils.autoreload:667 - Watching for file changes with StatReloader(method=- path=-)
[ERROR] 2025-09-02 07:13:54,801 django.request:248 - Internal Server Error: /aircraft/pdf/(method=- path=-)
Traceback (most recent call last):
  File "/home/snc-cnams-dev8/Videos/e700/backend/venv/lib/python3.12/site-packages/django/core/handlers/exception.py", line 55, in inner
    response = get_response(request)
               ^^^^^^^^^^^^^^^^^^^^^
  File "/home/snc-cnams-dev8/Videos/e700/backend/venv/lib/python3.12/site-packages/django/core/handlers/base.py", line 197, in _get_response
    response = wrapped_callback(request, *callback_args, **callback_kwargs)
               ^^^^^^^^^^^^^^^^^^^^^^^^^^^^^^^^^^^^^^^^^^^^^^^^^^^^^^^^^^^^
  File "/home/snc-cnams-dev8/Pictures/e700/backend/reports/views.py", line 32, in aircraft_pdf
    for key,value in olg_rows():
                     ^^^^^^^^^^
TypeError: 'QuerySet' object is not callable
[ERROR] 2025-09-02 07:13:54,802 django.db.backends:35 - SQL queries executed for GET /aircraft/pdf/:(method=- path=-)
[ERROR] 2025-09-02 07:13:54,802 django.db.backends:39 -   (0.001) SELECT "aircraft_masters"."id", "aircraft_masters"."side_no", "aircraft_masters"."aircraft_mark", "aircraft_masters"."customer_id", "aircraft_masters"."aircraft_type_id", "aircraft_masters"."airframe_serial_no", "aircraft_masters"."date_of_acceptance", "aircraft_masters"."date_of_manufacture", "aircraft_masters"."expiry_of_ttl_cal", "aircraft_masters"."date_of_expiry_of_warranty", "aircraft_masters"."basic_weight", "aircraft_masters"."max_auw", "aircraft_masters"."max_landing_weight", "aircraft_masters"."max_combat_load", "aircraft_masters"."max_operating_g_load", "aircraft_masters"."max_fuel_capacity", "aircraft_masters"."max_takeoff_speed", "aircraft_masters"."max_landing_speed", "aircraft_masters"."active_yn", "aircraft_masters"."max_speed", "aircraft_masters"."expiry_of_ttl_hrs", "aircraft_masters"."empty_weight", "aircraft_masters"."airframe_hrs" FROM "aircraft_masters" WHERE "aircraft_masters"."id" = 201710168 LIMIT 21(method=- path=-)
[ERROR] 2025-09-02 07:13:54,802 django.db.backends:39 -   (0.001) SELECT "pols"."system_id" AS "system_id", "pols"."description" AS "description", "pols"."nato_code" AS "nato_code", "pols"."substitute_id" AS "substitute_id" FROM "pols" WHERE ("pols"."aircraft_type_id" = 202500005 AND NOT ("pols"."type_of_pol" = 'F' AND "pols"."type_of_pol" IS NOT NULL))(method=- path=-)
[ERROR] 2025-09-02 07:13:54,802 django.db.backends:39 -   (0.001) SELECT "systems"."id" AS "id", "systems"."system" AS "system" FROM "systems" WHERE "systems"."id" IN (202500028, 202500029, 202500030, 202500031, 202500032)(method=- path=-)
[ERROR] 2025-09-02 07:13:54,802 django.db.backends:39 -   (0.001) SELECT "ecu_masters"."location" AS "location", "ecu_masters"."type" AS "type", "ecu_masters"."mark" AS "mark", "ecu_masters"."serial_no" AS "serial_no", "ecu_masters"."date_of_fitment" AS "date_of_fitment" FROM "ecu_masters" WHERE "ecu_masters"."aircraft_master_id" = 201710168 LIMIT 21(method=- path=-)
[ERROR] 2025-09-02 07:13:54,802 django.db.backends:39 -   (0.000) SELECT "pols"."description" AS "description", "pols"."sect_ref" AS "sect_ref", "pols"."nato_code" AS "nato_code" FROM "pols" WHERE ("pols"."aircraft_type_id" = 202500005 AND "pols"."type_of_pol" = 'F') LIMIT 21(method=- path=-)
[ERROR] 2025-09-02 07:13:54,802 django.server:213 - "GET /aircraft/pdf/?customer_id=201710168 HTTP/1.1" 500 75909(method=- path=-)
[INFO] 2025-09-02 07:14:39,107 django.utils.autoreload:265 - /home/snc-cnams-dev8/Pictures/e700/backend/reports/views.py changed, reloading.(method=- path=-)
[INFO] 2025-09-02 07:14:39,397 django.utils.autoreload:667 - Watching for file changes with StatReloader(method=- path=-)
[ERROR] 2025-09-02 07:14:41,517 django.request:248 - Internal Server Error: /aircraft/pdf/(method=- path=-)
Traceback (most recent call last):
  File "/home/snc-cnams-dev8/Videos/e700/backend/venv/lib/python3.12/site-packages/django/core/handlers/exception.py", line 55, in inner
    response = get_response(request)
               ^^^^^^^^^^^^^^^^^^^^^
  File "/home/snc-cnams-dev8/Videos/e700/backend/venv/lib/python3.12/site-packages/django/core/handlers/base.py", line 197, in _get_response
    response = wrapped_callback(request, *callback_args, **callback_kwargs)
               ^^^^^^^^^^^^^^^^^^^^^^^^^^^^^^^^^^^^^^^^^^^^^^^^^^^^^^^^^^^^
  File "/home/snc-cnams-dev8/Pictures/e700/backend/reports/views.py", line 32, in aircraft_pdf
    for key,value in olg_rows():
                     ^^^^^^^^^^
TypeError: 'QuerySet' object is not callable
[ERROR] 2025-09-02 07:14:41,517 django.db.backends:35 - SQL queries executed for GET /aircraft/pdf/:(method=- path=-)
[ERROR] 2025-09-02 07:14:41,517 django.db.backends:39 -   (0.001) SELECT "aircraft_masters"."id", "aircraft_masters"."side_no", "aircraft_masters"."aircraft_mark", "aircraft_masters"."customer_id", "aircraft_masters"."aircraft_type_id", "aircraft_masters"."airframe_serial_no", "aircraft_masters"."date_of_acceptance", "aircraft_masters"."date_of_manufacture", "aircraft_masters"."expiry_of_ttl_cal", "aircraft_masters"."date_of_expiry_of_warranty", "aircraft_masters"."basic_weight", "aircraft_masters"."max_auw", "aircraft_masters"."max_landing_weight", "aircraft_masters"."max_combat_load", "aircraft_masters"."max_operating_g_load", "aircraft_masters"."max_fuel_capacity", "aircraft_masters"."max_takeoff_speed", "aircraft_masters"."max_landing_speed", "aircraft_masters"."active_yn", "aircraft_masters"."max_speed", "aircraft_masters"."expiry_of_ttl_hrs", "aircraft_masters"."empty_weight", "aircraft_masters"."airframe_hrs" FROM "aircraft_masters" WHERE "aircraft_masters"."id" = 201710168 LIMIT 21(method=- path=-)
[ERROR] 2025-09-02 07:14:41,517 django.db.backends:39 -   (0.001) SELECT "pols"."system_id" AS "system_id", "pols"."description" AS "description", "pols"."nato_code" AS "nato_code", "pols"."substitute_id" AS "substitute_id" FROM "pols" WHERE ("pols"."aircraft_type_id" = 202500005 AND NOT ("pols"."type_of_pol" = 'F' AND "pols"."type_of_pol" IS NOT NULL))(method=- path=-)
[ERROR] 2025-09-02 07:14:41,517 django.db.backends:39 -   (0.001) SELECT "systems"."id" AS "id", "systems"."system" AS "system" FROM "systems" WHERE "systems"."id" IN (202500028, 202500029, 202500030, 202500031, 202500032)(method=- path=-)
[ERROR] 2025-09-02 07:14:41,517 django.db.backends:39 -   (0.001) SELECT "ecu_masters"."location" AS "location", "ecu_masters"."type" AS "type", "ecu_masters"."mark" AS "mark", "ecu_masters"."serial_no" AS "serial_no", "ecu_masters"."date_of_fitment" AS "date_of_fitment" FROM "ecu_masters" WHERE "ecu_masters"."aircraft_master_id" = 201710168 LIMIT 21(method=- path=-)
[ERROR] 2025-09-02 07:14:41,517 django.db.backends:39 -   (0.000) SELECT "pols"."description" AS "description", "pols"."sect_ref" AS "sect_ref", "pols"."nato_code" AS "nato_code" FROM "pols" WHERE ("pols"."aircraft_type_id" = 202500005 AND "pols"."type_of_pol" = 'F') LIMIT 21(method=- path=-)
[ERROR] 2025-09-02 07:14:41,518 django.server:213 - "GET /aircraft/pdf/?customer_id=201710168 HTTP/1.1" 500 75911(method=- path=-)
[ERROR] 2025-09-02 07:14:45,616 django.request:248 - Internal Server Error: /aircraft/pdf/(method=- path=-)
Traceback (most recent call last):
  File "/home/snc-cnams-dev8/Videos/e700/backend/venv/lib/python3.12/site-packages/django/core/handlers/exception.py", line 55, in inner
    response = get_response(request)
               ^^^^^^^^^^^^^^^^^^^^^
  File "/home/snc-cnams-dev8/Videos/e700/backend/venv/lib/python3.12/site-packages/django/core/handlers/base.py", line 197, in _get_response
    response = wrapped_callback(request, *callback_args, **callback_kwargs)
               ^^^^^^^^^^^^^^^^^^^^^^^^^^^^^^^^^^^^^^^^^^^^^^^^^^^^^^^^^^^^
  File "/home/snc-cnams-dev8/Pictures/e700/backend/reports/views.py", line 32, in aircraft_pdf
    for key,value in olg_rows():
                     ^^^^^^^^^^
TypeError: 'QuerySet' object is not callable
[ERROR] 2025-09-02 07:14:45,617 django.db.backends:35 - SQL queries executed for GET /aircraft/pdf/:(method=- path=-)
[ERROR] 2025-09-02 07:14:45,617 django.db.backends:39 -   (0.001) SELECT "aircraft_masters"."id", "aircraft_masters"."side_no", "aircraft_masters"."aircraft_mark", "aircraft_masters"."customer_id", "aircraft_masters"."aircraft_type_id", "aircraft_masters"."airframe_serial_no", "aircraft_masters"."date_of_acceptance", "aircraft_masters"."date_of_manufacture", "aircraft_masters"."expiry_of_ttl_cal", "aircraft_masters"."date_of_expiry_of_warranty", "aircraft_masters"."basic_weight", "aircraft_masters"."max_auw", "aircraft_masters"."max_landing_weight", "aircraft_masters"."max_combat_load", "aircraft_masters"."max_operating_g_load", "aircraft_masters"."max_fuel_capacity", "aircraft_masters"."max_takeoff_speed", "aircraft_masters"."max_landing_speed", "aircraft_masters"."active_yn", "aircraft_masters"."max_speed", "aircraft_masters"."expiry_of_ttl_hrs", "aircraft_masters"."empty_weight", "aircraft_masters"."airframe_hrs" FROM "aircraft_masters" WHERE "aircraft_masters"."id" = 201710168 LIMIT 21(method=- path=-)
[ERROR] 2025-09-02 07:14:45,617 django.db.backends:39 -   (0.001) SELECT "pols"."system_id" AS "system_id", "pols"."description" AS "description", "pols"."nato_code" AS "nato_code", "pols"."substitute_id" AS "substitute_id" FROM "pols" WHERE ("pols"."aircraft_type_id" = 202500005 AND NOT ("pols"."type_of_pol" = 'F' AND "pols"."type_of_pol" IS NOT NULL))(method=- path=-)
[ERROR] 2025-09-02 07:14:45,617 django.db.backends:39 -   (0.001) SELECT "systems"."id" AS "id", "systems"."system" AS "system" FROM "systems" WHERE "systems"."id" IN (202500028, 202500029, 202500030, 202500031, 202500032)(method=- path=-)
[ERROR] 2025-09-02 07:14:45,617 django.db.backends:39 -   (0.000) SELECT "ecu_masters"."location" AS "location", "ecu_masters"."type" AS "type", "ecu_masters"."mark" AS "mark", "ecu_masters"."serial_no" AS "serial_no", "ecu_masters"."date_of_fitment" AS "date_of_fitment" FROM "ecu_masters" WHERE "ecu_masters"."aircraft_master_id" = 201710168 LIMIT 21(method=- path=-)
[ERROR] 2025-09-02 07:14:45,617 django.db.backends:39 -   (0.000) SELECT "pols"."description" AS "description", "pols"."sect_ref" AS "sect_ref", "pols"."nato_code" AS "nato_code" FROM "pols" WHERE ("pols"."aircraft_type_id" = 202500005 AND "pols"."type_of_pol" = 'F') LIMIT 21(method=- path=-)
[ERROR] 2025-09-02 07:14:45,617 django.server:213 - "GET /aircraft/pdf/?customer_id=201710168 HTTP/1.1" 500 75911(method=- path=-)
[INFO] 2025-09-02 07:15:11,263 django.utils.autoreload:265 - /home/snc-cnams-dev8/Pictures/e700/backend/reports/views.py changed, reloading.(method=- path=-)
[INFO] 2025-09-02 07:15:11,596 django.utils.autoreload:667 - Watching for file changes with StatReloader(method=- path=-)
[ERROR] 2025-09-02 07:15:13,263 django.request:248 - Internal Server Error: /aircraft/pdf/(method=- path=-)
Traceback (most recent call last):
  File "/home/snc-cnams-dev8/Videos/e700/backend/venv/lib/python3.12/site-packages/django/core/handlers/exception.py", line 55, in inner
    response = get_response(request)
               ^^^^^^^^^^^^^^^^^^^^^
  File "/home/snc-cnams-dev8/Videos/e700/backend/venv/lib/python3.12/site-packages/django/core/handlers/base.py", line 197, in _get_response
    response = wrapped_callback(request, *callback_args, **callback_kwargs)
               ^^^^^^^^^^^^^^^^^^^^^^^^^^^^^^^^^^^^^^^^^^^^^^^^^^^^^^^^^^^^
  File "/home/snc-cnams-dev8/Pictures/e700/backend/reports/views.py", line 32, in aircraft_pdf
    for value in olg_rows():
                 ^^^^^^^^^^
TypeError: 'QuerySet' object is not callable
[ERROR] 2025-09-02 07:15:13,263 django.db.backends:35 - SQL queries executed for GET /aircraft/pdf/:(method=- path=-)
[ERROR] 2025-09-02 07:15:13,263 django.db.backends:39 -   (0.001) SELECT "aircraft_masters"."id", "aircraft_masters"."side_no", "aircraft_masters"."aircraft_mark", "aircraft_masters"."customer_id", "aircraft_masters"."aircraft_type_id", "aircraft_masters"."airframe_serial_no", "aircraft_masters"."date_of_acceptance", "aircraft_masters"."date_of_manufacture", "aircraft_masters"."expiry_of_ttl_cal", "aircraft_masters"."date_of_expiry_of_warranty", "aircraft_masters"."basic_weight", "aircraft_masters"."max_auw", "aircraft_masters"."max_landing_weight", "aircraft_masters"."max_combat_load", "aircraft_masters"."max_operating_g_load", "aircraft_masters"."max_fuel_capacity", "aircraft_masters"."max_takeoff_speed", "aircraft_masters"."max_landing_speed", "aircraft_masters"."active_yn", "aircraft_masters"."max_speed", "aircraft_masters"."expiry_of_ttl_hrs", "aircraft_masters"."empty_weight", "aircraft_masters"."airframe_hrs" FROM "aircraft_masters" WHERE "aircraft_masters"."id" = 201710168 LIMIT 21(method=- path=-)
[ERROR] 2025-09-02 07:15:13,263 django.db.backends:39 -   (0.001) SELECT "pols"."system_id" AS "system_id", "pols"."description" AS "description", "pols"."nato_code" AS "nato_code", "pols"."substitute_id" AS "substitute_id" FROM "pols" WHERE ("pols"."aircraft_type_id" = 202500005 AND NOT ("pols"."type_of_pol" = 'F' AND "pols"."type_of_pol" IS NOT NULL))(method=- path=-)
[ERROR] 2025-09-02 07:15:13,264 django.db.backends:39 -   (0.001) SELECT "systems"."id" AS "id", "systems"."system" AS "system" FROM "systems" WHERE "systems"."id" IN (202500028, 202500029, 202500030, 202500031, 202500032)(method=- path=-)
[ERROR] 2025-09-02 07:15:13,264 django.db.backends:39 -   (0.001) SELECT "ecu_masters"."location" AS "location", "ecu_masters"."type" AS "type", "ecu_masters"."mark" AS "mark", "ecu_masters"."serial_no" AS "serial_no", "ecu_masters"."date_of_fitment" AS "date_of_fitment" FROM "ecu_masters" WHERE "ecu_masters"."aircraft_master_id" = 201710168 LIMIT 21(method=- path=-)
[ERROR] 2025-09-02 07:15:13,264 django.db.backends:39 -   (0.000) SELECT "pols"."description" AS "description", "pols"."sect_ref" AS "sect_ref", "pols"."nato_code" AS "nato_code" FROM "pols" WHERE ("pols"."aircraft_type_id" = 202500005 AND "pols"."type_of_pol" = 'F') LIMIT 21(method=- path=-)
[ERROR] 2025-09-02 07:15:13,264 django.server:213 - "GET /aircraft/pdf/?customer_id=201710168 HTTP/1.1" 500 75895(method=- path=-)
[INFO] 2025-09-02 07:20:33,649 django.utils.autoreload:265 - /home/snc-cnams-dev8/Pictures/e700/backend/reports/views.py changed, reloading.(method=- path=-)
[INFO] 2025-09-02 07:20:33,960 django.utils.autoreload:667 - Watching for file changes with StatReloader(method=- path=-)
[INFO] 2025-09-02 07:20:36,691 django.server:213 - "GET /aircraft/pdf/?customer_id=201710168 HTTP/1.1" 200 17011(method=- path=-)
[INFO] 2025-09-02 07:20:57,735 django.utils.autoreload:265 - /home/snc-cnams-dev8/Pictures/e700/backend/reports/views.py changed, reloading.(method=- path=-)
[INFO] 2025-09-02 07:20:58,027 django.utils.autoreload:667 - Watching for file changes with StatReloader(method=- path=-)
[INFO] 2025-09-02 07:21:00,483 django.server:213 - "GET /aircraft/pdf/?customer_id=201710168 HTTP/1.1" 200 17141(method=- path=-)
[INFO] 2025-09-02 07:21:08,681 django.utils.autoreload:265 - /home/snc-cnams-dev8/Pictures/e700/backend/reports/views.py changed, reloading.(method=- path=-)
[INFO] 2025-09-02 07:21:08,964 django.utils.autoreload:667 - Watching for file changes with StatReloader(method=- path=-)
[INFO] 2025-09-02 07:21:11,063 django.server:213 - "GET /aircraft/pdf/?customer_id=201710168 HTTP/1.1" 200 17068(method=- path=-)
[INFO] 2025-09-02 09:05:30,504 django.utils.autoreload:265 - /home/snc-cnams-dev8/Pictures/e700/backend/reports/views.py changed, reloading.(method=- path=-)
[INFO] 2025-09-02 09:05:30,800 django.utils.autoreload:667 - Watching for file changes with StatReloader(method=- path=-)
[INFO] 2025-09-02 09:07:10,523 django.utils.autoreload:265 - /home/snc-cnams-dev8/Pictures/e700/backend/reports/views.py changed, reloading.(method=- path=-)
[INFO] 2025-09-02 09:07:10,807 django.utils.autoreload:667 - Watching for file changes with StatReloader(method=- path=-)
[INFO] 2025-09-02 09:07:16,855 django.server:213 - "GET /aircraft/pdf/?customer_id=201710168 HTTP/1.1" 200 17066(method=- path=-)
[INFO] 2025-09-02 09:09:15,813 django.utils.autoreload:265 - /home/snc-cnams-dev8/Pictures/e700/backend/reports/views.py changed, reloading.(method=- path=-)
[INFO] 2025-09-02 09:09:16,109 django.utils.autoreload:667 - Watching for file changes with StatReloader(method=- path=-)
[INFO] 2025-09-02 09:09:19,449 django.server:213 - "GET /aircraft/pdf/?customer_id=201710168 HTTP/1.1" 200 16982(method=- path=-)
[INFO] 2025-09-02 09:10:31,509 django.server:213 - "GET /aircraft/pdf/?customer_id=201710168 HTTP/1.1" 200 17300(method=- path=-)
[ERROR] 2025-09-02 09:10:53,162 django.request:248 - Internal Server Error: /aircraft/pdf/(method=- path=-)
Traceback (most recent call last):
  File "/home/snc-cnams-dev8/Videos/e700/backend/venv/lib/python3.12/site-packages/django/core/handlers/exception.py", line 55, in inner
    response = get_response(request)
               ^^^^^^^^^^^^^^^^^^^^^
  File "/home/snc-cnams-dev8/Videos/e700/backend/venv/lib/python3.12/site-packages/django/core/handlers/base.py", line 197, in _get_response
    response = wrapped_callback(request, *callback_args, **callback_kwargs)
               ^^^^^^^^^^^^^^^^^^^^^^^^^^^^^^^^^^^^^^^^^^^^^^^^^^^^^^^^^^^^
  File "/home/snc-cnams-dev8/Pictures/e700/backend/reports/views.py", line 92, in aircraft_pdf
    html_string = render_to_string("aircraft_form.html", context)
                  ^^^^^^^^^^^^^^^^^^^^^^^^^^^^^^^^^^^^^^^^^^^^^^^
  File "/home/snc-cnams-dev8/Videos/e700/backend/venv/lib/python3.12/site-packages/django/template/loader.py", line 61, in render_to_string
    template = get_template(template_name, using=using)
               ^^^^^^^^^^^^^^^^^^^^^^^^^^^^^^^^^^^^^^^^
  File "/home/snc-cnams-dev8/Videos/e700/backend/venv/lib/python3.12/site-packages/django/template/loader.py", line 15, in get_template
    return engine.get_template(template_name)
           ^^^^^^^^^^^^^^^^^^^^^^^^^^^^^^^^^^
  File "/home/snc-cnams-dev8/Videos/e700/backend/venv/lib/python3.12/site-packages/django/template/backends/django.py", line 79, in get_template
    return Template(self.engine.get_template(template_name), self)
                    ^^^^^^^^^^^^^^^^^^^^^^^^^^^^^^^^^^^^^^^
  File "/home/snc-cnams-dev8/Videos/e700/backend/venv/lib/python3.12/site-packages/django/template/engine.py", line 177, in get_template
    template, origin = self.find_template(template_name)
                       ^^^^^^^^^^^^^^^^^^^^^^^^^^^^^^^^^
  File "/home/snc-cnams-dev8/Videos/e700/backend/venv/lib/python3.12/site-packages/django/template/engine.py", line 159, in find_template
    template = loader.get_template(name, skip=skip)
               ^^^^^^^^^^^^^^^^^^^^^^^^^^^^^^^^^^^^
  File "/home/snc-cnams-dev8/Videos/e700/backend/venv/lib/python3.12/site-packages/django/template/loaders/cached.py", line 57, in get_template
    template = super().get_template(template_name, skip)
               ^^^^^^^^^^^^^^^^^^^^^^^^^^^^^^^^^^^^^^^^^
  File "/home/snc-cnams-dev8/Videos/e700/backend/venv/lib/python3.12/site-packages/django/template/loaders/base.py", line 28, in get_template
    return Template(
           ^^^^^^^^^
  File "/home/snc-cnams-dev8/Videos/e700/backend/venv/lib/python3.12/site-packages/django/template/base.py", line 154, in __init__
    self.nodelist = self.compile_nodelist()
                    ^^^^^^^^^^^^^^^^^^^^^^^
  File "/home/snc-cnams-dev8/Videos/e700/backend/venv/lib/python3.12/site-packages/django/template/base.py", line 196, in compile_nodelist
    nodelist = parser.parse()
               ^^^^^^^^^^^^^^
  File "/home/snc-cnams-dev8/Videos/e700/backend/venv/lib/python3.12/site-packages/django/template/base.py", line 518, in parse
    raise self.error(token, e)
  File "/home/snc-cnams-dev8/Videos/e700/backend/venv/lib/python3.12/site-packages/django/template/base.py", line 516, in parse
    compiled_result = compile_func(self, token)
                      ^^^^^^^^^^^^^^^^^^^^^^^^^
  File "/home/snc-cnams-dev8/Videos/e700/backend/venv/lib/python3.12/site-packages/django/template/defaulttags.py", line 862, in do_for
    nodelist_loop = parser.parse(
                    ^^^^^^^^^^^^^
  File "/home/snc-cnams-dev8/Videos/e700/backend/venv/lib/python3.12/site-packages/django/template/base.py", line 489, in parse
    raise self.error(token, e)
  File "/home/snc-cnams-dev8/Videos/e700/backend/venv/lib/python3.12/site-packages/django/template/base.py", line 487, in parse
    filter_expression = self.compile_filter(token.contents)
                        ^^^^^^^^^^^^^^^^^^^^^^^^^^^^^^^^^^^
  File "/home/snc-cnams-dev8/Videos/e700/backend/venv/lib/python3.12/site-packages/django/template/base.py", line 609, in compile_filter
    return FilterExpression(token, self)
           ^^^^^^^^^^^^^^^^^^^^^^^^^^^^^
  File "/home/snc-cnams-dev8/Videos/e700/backend/venv/lib/python3.12/site-packages/django/template/base.py", line 710, in __init__
    raise TemplateSyntaxError(
django.template.exceptions.TemplateSyntaxError: Could not parse the remainder: ' "-"' from 'lg.ac_condition "-"'
[ERROR] 2025-09-02 09:10:53,164 django.db.backends:35 - SQL queries executed for GET /aircraft/pdf/:(method=- path=-)
[ERROR] 2025-09-02 09:10:53,164 django.db.backends:39 -   (0.002) SELECT "aircraft_masters"."id", "aircraft_masters"."side_no", "aircraft_masters"."aircraft_mark", "aircraft_masters"."customer_id", "aircraft_masters"."aircraft_type_id", "aircraft_masters"."airframe_serial_no", "aircraft_masters"."date_of_acceptance", "aircraft_masters"."date_of_manufacture", "aircraft_masters"."expiry_of_ttl_cal", "aircraft_masters"."date_of_expiry_of_warranty", "aircraft_masters"."basic_weight", "aircraft_masters"."max_auw", "aircraft_masters"."max_landing_weight", "aircraft_masters"."max_combat_load", "aircraft_masters"."max_operating_g_load", "aircraft_masters"."max_fuel_capacity", "aircraft_masters"."max_takeoff_speed", "aircraft_masters"."max_landing_speed", "aircraft_masters"."active_yn", "aircraft_masters"."max_speed", "aircraft_masters"."expiry_of_ttl_hrs", "aircraft_masters"."empty_weight", "aircraft_masters"."airframe_hrs" FROM "aircraft_masters" WHERE "aircraft_masters"."id" = 201710168 LIMIT 21(method=- path=-)
[ERROR] 2025-09-02 09:10:53,164 django.db.backends:39 -   (0.001) SELECT "pols"."system_id" AS "system_id", "pols"."description" AS "description", "pols"."nato_code" AS "nato_code", "pols"."substitute_id" AS "substitute_id" FROM "pols" WHERE ("pols"."aircraft_type_id" = 202500005 AND NOT ("pols"."type_of_pol" = 'F' AND "pols"."type_of_pol" IS NOT NULL))(method=- path=-)
[ERROR] 2025-09-02 09:10:53,164 django.db.backends:39 -   (0.001) SELECT "systems"."id" AS "id", "systems"."system" AS "system" FROM "systems" WHERE "systems"."id" IN (202500028, 202500029, 202500030, 202500031, 202500032)(method=- path=-)
[ERROR] 2025-09-02 09:10:53,164 django.db.backends:39 -   (0.001) SELECT "tyre_pressures"."ac_condition" AS "ac_condition", "tyre_pressures"."max_main" AS "max_main", "tyre_pressures"."min_main" AS "min_main", "tyre_pressures"."max_nose_tail" AS "max_nose_tail", "tyre_pressures"."min_nose_tail" AS "min_nose_tail" FROM "tyre_pressures" WHERE "tyre_pressures"."aircraft_type_id" = 202500005 LIMIT 21(method=- path=-)
[ERROR] 2025-09-02 09:10:53,164 django.db.backends:39 -   (0.001) SELECT "aircraft_types"."id", "aircraft_types"."ac_type", "aircraft_types"."aircraft_name", "aircraft_types"."no_of_ecu", "aircraft_types"."ac_sketch", "aircraft_types"."fuel_denomination", "aircraft_types"."speed_denomination", "aircraft_types"."pressure_denomination", "aircraft_types"."weight_denomination", "aircraft_types"."oleo_pressure_main", "aircraft_types"."oleo_pressure_nose" FROM "aircraft_types" WHERE "aircraft_types"."id" = 202500005 LIMIT 21(method=- path=-)
[ERROR] 2025-09-02 09:10:53,164 django.db.backends:39 -   (0.001) SELECT "ecu_masters"."location" AS "location", "ecu_masters"."type" AS "type", "ecu_masters"."mark" AS "mark", "ecu_masters"."serial_no" AS "serial_no", "ecu_masters"."date_of_fitment" AS "date_of_fitment" FROM "ecu_masters" WHERE "ecu_masters"."aircraft_master_id" = 201710168 LIMIT 21(method=- path=-)
[ERROR] 2025-09-02 09:10:53,165 django.db.backends:39 -   (0.000) SELECT "pols"."description" AS "description", "pols"."sect_ref" AS "sect_ref", "pols"."nato_code" AS "nato_code" FROM "pols" WHERE ("pols"."aircraft_type_id" = 202500005 AND "pols"."type_of_pol" = 'F') LIMIT 21(method=- path=-)
[ERROR] 2025-09-02 09:10:53,165 django.db.backends:39 -   (0.000) SELECT "tyre_pressures"."ac_condition" AS "ac_condition", "tyre_pressures"."max_main" AS "max_main", "tyre_pressures"."min_main" AS "min_main", "tyre_pressures"."max_nose_tail" AS "max_nose_tail", "tyre_pressures"."min_nose_tail" AS "min_nose_tail" FROM "tyre_pressures" WHERE "tyre_pressures"."aircraft_type_id" = 202500005 LIMIT 21(method=- path=-)
[ERROR] 2025-09-02 09:10:53,165 django.db.backends:39 -   (0.000) SELECT "ecu_masters"."location" AS "location", "ecu_masters"."type" AS "type", "ecu_masters"."mark" AS "mark", "ecu_masters"."serial_no" AS "serial_no", "ecu_masters"."date_of_fitment" AS "date_of_fitment" FROM "ecu_masters" WHERE "ecu_masters"."aircraft_master_id" = 201710168 LIMIT 21(method=- path=-)
[ERROR] 2025-09-02 09:10:53,165 django.db.backends:39 -   (0.000) SELECT "pols"."description" AS "description", "pols"."sect_ref" AS "sect_ref", "pols"."nato_code" AS "nato_code" FROM "pols" WHERE ("pols"."aircraft_type_id" = 202500005 AND "pols"."type_of_pol" = 'F') LIMIT 21(method=- path=-)
[ERROR] 2025-09-02 09:10:53,165 django.db.backends:39 -   (0.000) SELECT "tyre_pressures"."ac_condition" AS "ac_condition", "tyre_pressures"."max_main" AS "max_main", "tyre_pressures"."min_main" AS "min_main", "tyre_pressures"."max_nose_tail" AS "max_nose_tail", "tyre_pressures"."min_nose_tail" AS "min_nose_tail" FROM "tyre_pressures" WHERE "tyre_pressures"."aircraft_type_id" = 202500005 LIMIT 21(method=- path=-)
[ERROR] 2025-09-02 09:10:53,165 django.db.backends:39 -   (0.000) SELECT "ecu_masters"."location" AS "location", "ecu_masters"."type" AS "type", "ecu_masters"."mark" AS "mark", "ecu_masters"."serial_no" AS "serial_no", "ecu_masters"."date_of_fitment" AS "date_of_fitment" FROM "ecu_masters" WHERE "ecu_masters"."aircraft_master_id" = 201710168 LIMIT 21(method=- path=-)
[ERROR] 2025-09-02 09:10:53,165 django.db.backends:39 -   (0.000) SELECT "pols"."description" AS "description", "pols"."sect_ref" AS "sect_ref", "pols"."nato_code" AS "nato_code" FROM "pols" WHERE ("pols"."aircraft_type_id" = 202500005 AND "pols"."type_of_pol" = 'F') LIMIT 21(method=- path=-)
[ERROR] 2025-09-02 09:10:53,165 django.db.backends:39 -   (0.000) SELECT "tyre_pressures"."ac_condition" AS "ac_condition", "tyre_pressures"."max_main" AS "max_main", "tyre_pressures"."min_main" AS "min_main", "tyre_pressures"."max_nose_tail" AS "max_nose_tail", "tyre_pressures"."min_nose_tail" AS "min_nose_tail" FROM "tyre_pressures" WHERE "tyre_pressures"."aircraft_type_id" = 202500005 LIMIT 21(method=- path=-)
[ERROR] 2025-09-02 09:10:53,165 django.db.backends:39 -   (0.000) SELECT "ecu_masters"."location" AS "location", "ecu_masters"."type" AS "type", "ecu_masters"."mark" AS "mark", "ecu_masters"."serial_no" AS "serial_no", "ecu_masters"."date_of_fitment" AS "date_of_fitment" FROM "ecu_masters" WHERE "ecu_masters"."aircraft_master_id" = 201710168 LIMIT 21(method=- path=-)
[ERROR] 2025-09-02 09:10:53,165 django.db.backends:39 -   (0.000) SELECT "pols"."description" AS "description", "pols"."sect_ref" AS "sect_ref", "pols"."nato_code" AS "nato_code" FROM "pols" WHERE ("pols"."aircraft_type_id" = 202500005 AND "pols"."type_of_pol" = 'F') LIMIT 21(method=- path=-)
[ERROR] 2025-09-02 09:10:53,165 django.db.backends:39 -   (0.000) SELECT "tyre_pressures"."ac_condition" AS "ac_condition", "tyre_pressures"."max_main" AS "max_main", "tyre_pressures"."min_main" AS "min_main", "tyre_pressures"."max_nose_tail" AS "max_nose_tail", "tyre_pressures"."min_nose_tail" AS "min_nose_tail" FROM "tyre_pressures" WHERE "tyre_pressures"."aircraft_type_id" = 202500005 LIMIT 21(method=- path=-)
[ERROR] 2025-09-02 09:10:53,165 django.db.backends:39 -   (0.000) SELECT "ecu_masters"."location" AS "location", "ecu_masters"."type" AS "type", "ecu_masters"."mark" AS "mark", "ecu_masters"."serial_no" AS "serial_no", "ecu_masters"."date_of_fitment" AS "date_of_fitment" FROM "ecu_masters" WHERE "ecu_masters"."aircraft_master_id" = 201710168 LIMIT 21(method=- path=-)
[ERROR] 2025-09-02 09:10:53,165 django.db.backends:39 -   (0.000) SELECT "pols"."description" AS "description", "pols"."sect_ref" AS "sect_ref", "pols"."nato_code" AS "nato_code" FROM "pols" WHERE ("pols"."aircraft_type_id" = 202500005 AND "pols"."type_of_pol" = 'F') LIMIT 21(method=- path=-)
[ERROR] 2025-09-02 09:10:53,165 django.db.backends:39 -   (0.000) SELECT "tyre_pressures"."ac_condition" AS "ac_condition", "tyre_pressures"."max_main" AS "max_main", "tyre_pressures"."min_main" AS "min_main", "tyre_pressures"."max_nose_tail" AS "max_nose_tail", "tyre_pressures"."min_nose_tail" AS "min_nose_tail" FROM "tyre_pressures" WHERE "tyre_pressures"."aircraft_type_id" = 202500005 LIMIT 21(method=- path=-)
[ERROR] 2025-09-02 09:10:53,166 django.server:213 - "GET /aircraft/pdf/?customer_id=201710168 HTTP/1.1" 500 194509(method=- path=-)
[INFO] 2025-09-02 09:11:58,618 django.utils.autoreload:265 - /home/snc-cnams-dev8/Pictures/e700/backend/reports/views.py changed, reloading.(method=- path=-)
[INFO] 2025-09-02 09:11:58,905 django.utils.autoreload:667 - Watching for file changes with StatReloader(method=- path=-)
[INFO] 2025-09-02 09:12:01,212 django.server:213 - "GET /aircraft/pdf/?customer_id=201710168 HTTP/1.1" 200 17057(method=- path=-)
[INFO] 2025-09-02 09:12:44,406 django.server:213 - "GET /aircraft/pdf/?customer_id=201710168 HTTP/1.1" 200 17063(method=- path=-)
[ERROR] 2025-09-02 09:13:20,101 django.request:248 - Internal Server Error: /aircraft/pdf/(method=- path=-)
Traceback (most recent call last):
  File "/home/snc-cnams-dev8/Videos/e700/backend/venv/lib/python3.12/site-packages/django/core/handlers/exception.py", line 55, in inner
    response = get_response(request)
               ^^^^^^^^^^^^^^^^^^^^^
  File "/home/snc-cnams-dev8/Videos/e700/backend/venv/lib/python3.12/site-packages/django/core/handlers/base.py", line 197, in _get_response
    response = wrapped_callback(request, *callback_args, **callback_kwargs)
               ^^^^^^^^^^^^^^^^^^^^^^^^^^^^^^^^^^^^^^^^^^^^^^^^^^^^^^^^^^^^
  File "/home/snc-cnams-dev8/Pictures/e700/backend/reports/views.py", line 92, in aircraft_pdf
    html_string = render_to_string("aircraft_form.html", context)
                  ^^^^^^^^^^^^^^^^^^^^^^^^^^^^^^^^^^^^^^^^^^^^^^^
  File "/home/snc-cnams-dev8/Videos/e700/backend/venv/lib/python3.12/site-packages/django/template/loader.py", line 61, in render_to_string
    template = get_template(template_name, using=using)
               ^^^^^^^^^^^^^^^^^^^^^^^^^^^^^^^^^^^^^^^^
  File "/home/snc-cnams-dev8/Videos/e700/backend/venv/lib/python3.12/site-packages/django/template/loader.py", line 15, in get_template
    return engine.get_template(template_name)
           ^^^^^^^^^^^^^^^^^^^^^^^^^^^^^^^^^^
  File "/home/snc-cnams-dev8/Videos/e700/backend/venv/lib/python3.12/site-packages/django/template/backends/django.py", line 79, in get_template
    return Template(self.engine.get_template(template_name), self)
                    ^^^^^^^^^^^^^^^^^^^^^^^^^^^^^^^^^^^^^^^
  File "/home/snc-cnams-dev8/Videos/e700/backend/venv/lib/python3.12/site-packages/django/template/engine.py", line 177, in get_template
    template, origin = self.find_template(template_name)
                       ^^^^^^^^^^^^^^^^^^^^^^^^^^^^^^^^^
  File "/home/snc-cnams-dev8/Videos/e700/backend/venv/lib/python3.12/site-packages/django/template/engine.py", line 159, in find_template
    template = loader.get_template(name, skip=skip)
               ^^^^^^^^^^^^^^^^^^^^^^^^^^^^^^^^^^^^
  File "/home/snc-cnams-dev8/Videos/e700/backend/venv/lib/python3.12/site-packages/django/template/loaders/cached.py", line 57, in get_template
    template = super().get_template(template_name, skip)
               ^^^^^^^^^^^^^^^^^^^^^^^^^^^^^^^^^^^^^^^^^
  File "/home/snc-cnams-dev8/Videos/e700/backend/venv/lib/python3.12/site-packages/django/template/loaders/base.py", line 28, in get_template
    return Template(
           ^^^^^^^^^
  File "/home/snc-cnams-dev8/Videos/e700/backend/venv/lib/python3.12/site-packages/django/template/base.py", line 154, in __init__
    self.nodelist = self.compile_nodelist()
                    ^^^^^^^^^^^^^^^^^^^^^^^
  File "/home/snc-cnams-dev8/Videos/e700/backend/venv/lib/python3.12/site-packages/django/template/base.py", line 196, in compile_nodelist
    nodelist = parser.parse()
               ^^^^^^^^^^^^^^
  File "/home/snc-cnams-dev8/Videos/e700/backend/venv/lib/python3.12/site-packages/django/template/base.py", line 518, in parse
    raise self.error(token, e)
  File "/home/snc-cnams-dev8/Videos/e700/backend/venv/lib/python3.12/site-packages/django/template/base.py", line 516, in parse
    compiled_result = compile_func(self, token)
                      ^^^^^^^^^^^^^^^^^^^^^^^^^
  File "/home/snc-cnams-dev8/Videos/e700/backend/venv/lib/python3.12/site-packages/django/template/defaulttags.py", line 862, in do_for
    nodelist_loop = parser.parse(
                    ^^^^^^^^^^^^^
  File "/home/snc-cnams-dev8/Videos/e700/backend/venv/lib/python3.12/site-packages/django/template/base.py", line 489, in parse
    raise self.error(token, e)
  File "/home/snc-cnams-dev8/Videos/e700/backend/venv/lib/python3.12/site-packages/django/template/base.py", line 487, in parse
    filter_expression = self.compile_filter(token.contents)
                        ^^^^^^^^^^^^^^^^^^^^^^^^^^^^^^^^^^^
  File "/home/snc-cnams-dev8/Videos/e700/backend/venv/lib/python3.12/site-packages/django/template/base.py", line 609, in compile_filter
    return FilterExpression(token, self)
           ^^^^^^^^^^^^^^^^^^^^^^^^^^^^^
  File "/home/snc-cnams-dev8/Videos/e700/backend/venv/lib/python3.12/site-packages/django/template/base.py", line 710, in __init__
    raise TemplateSyntaxError(
django.template.exceptions.TemplateSyntaxError: Could not parse the remainder: '-' from '-'
[ERROR] 2025-09-02 09:13:20,102 django.db.backends:35 - SQL queries executed for GET /aircraft/pdf/:(method=- path=-)
[ERROR] 2025-09-02 09:13:20,102 django.db.backends:39 -   (0.002) SELECT "aircraft_masters"."id", "aircraft_masters"."side_no", "aircraft_masters"."aircraft_mark", "aircraft_masters"."customer_id", "aircraft_masters"."aircraft_type_id", "aircraft_masters"."airframe_serial_no", "aircraft_masters"."date_of_acceptance", "aircraft_masters"."date_of_manufacture", "aircraft_masters"."expiry_of_ttl_cal", "aircraft_masters"."date_of_expiry_of_warranty", "aircraft_masters"."basic_weight", "aircraft_masters"."max_auw", "aircraft_masters"."max_landing_weight", "aircraft_masters"."max_combat_load", "aircraft_masters"."max_operating_g_load", "aircraft_masters"."max_fuel_capacity", "aircraft_masters"."max_takeoff_speed", "aircraft_masters"."max_landing_speed", "aircraft_masters"."active_yn", "aircraft_masters"."max_speed", "aircraft_masters"."expiry_of_ttl_hrs", "aircraft_masters"."empty_weight", "aircraft_masters"."airframe_hrs" FROM "aircraft_masters" WHERE "aircraft_masters"."id" = 201710168 LIMIT 21(method=- path=-)
[ERROR] 2025-09-02 09:13:20,102 django.db.backends:39 -   (0.001) SELECT "pols"."system_id" AS "system_id", "pols"."description" AS "description", "pols"."nato_code" AS "nato_code", "pols"."substitute_id" AS "substitute_id" FROM "pols" WHERE ("pols"."aircraft_type_id" = 202500005 AND NOT ("pols"."type_of_pol" = 'F' AND "pols"."type_of_pol" IS NOT NULL))(method=- path=-)
[ERROR] 2025-09-02 09:13:20,102 django.db.backends:39 -   (0.001) SELECT "systems"."id" AS "id", "systems"."system" AS "system" FROM "systems" WHERE "systems"."id" IN (202500028, 202500029, 202500030, 202500031, 202500032)(method=- path=-)
[ERROR] 2025-09-02 09:13:20,102 django.db.backends:39 -   (0.001) SELECT "tyre_pressures"."ac_condition" AS "ac_condition", "tyre_pressures"."max_main" AS "max_main", "tyre_pressures"."min_main" AS "min_main", "tyre_pressures"."max_nose_tail" AS "max_nose_tail", "tyre_pressures"."min_nose_tail" AS "min_nose_tail" FROM "tyre_pressures" WHERE "tyre_pressures"."aircraft_type_id" = 202500005 LIMIT 21(method=- path=-)
[ERROR] 2025-09-02 09:13:20,102 django.db.backends:39 -   (0.001) SELECT "aircraft_types"."id", "aircraft_types"."ac_type", "aircraft_types"."aircraft_name", "aircraft_types"."no_of_ecu", "aircraft_types"."ac_sketch", "aircraft_types"."fuel_denomination", "aircraft_types"."speed_denomination", "aircraft_types"."pressure_denomination", "aircraft_types"."weight_denomination", "aircraft_types"."oleo_pressure_main", "aircraft_types"."oleo_pressure_nose" FROM "aircraft_types" WHERE "aircraft_types"."id" = 202500005 LIMIT 21(method=- path=-)
[ERROR] 2025-09-02 09:13:20,102 django.db.backends:39 -   (0.001) SELECT "ecu_masters"."location" AS "location", "ecu_masters"."type" AS "type", "ecu_masters"."mark" AS "mark", "ecu_masters"."serial_no" AS "serial_no", "ecu_masters"."date_of_fitment" AS "date_of_fitment" FROM "ecu_masters" WHERE "ecu_masters"."aircraft_master_id" = 201710168 LIMIT 21(method=- path=-)
[ERROR] 2025-09-02 09:13:20,102 django.db.backends:39 -   (0.001) SELECT "pols"."description" AS "description", "pols"."sect_ref" AS "sect_ref", "pols"."nato_code" AS "nato_code" FROM "pols" WHERE ("pols"."aircraft_type_id" = 202500005 AND "pols"."type_of_pol" = 'F') LIMIT 21(method=- path=-)
[ERROR] 2025-09-02 09:13:20,102 django.db.backends:39 -   (0.000) SELECT "tyre_pressures"."ac_condition" AS "ac_condition", "tyre_pressures"."max_main" AS "max_main", "tyre_pressures"."min_main" AS "min_main", "tyre_pressures"."max_nose_tail" AS "max_nose_tail", "tyre_pressures"."min_nose_tail" AS "min_nose_tail" FROM "tyre_pressures" WHERE "tyre_pressures"."aircraft_type_id" = 202500005 LIMIT 21(method=- path=-)
[ERROR] 2025-09-02 09:13:20,102 django.db.backends:39 -   (0.000) SELECT "ecu_masters"."location" AS "location", "ecu_masters"."type" AS "type", "ecu_masters"."mark" AS "mark", "ecu_masters"."serial_no" AS "serial_no", "ecu_masters"."date_of_fitment" AS "date_of_fitment" FROM "ecu_masters" WHERE "ecu_masters"."aircraft_master_id" = 201710168 LIMIT 21(method=- path=-)
[ERROR] 2025-09-02 09:13:20,102 django.db.backends:39 -   (0.000) SELECT "pols"."description" AS "description", "pols"."sect_ref" AS "sect_ref", "pols"."nato_code" AS "nato_code" FROM "pols" WHERE ("pols"."aircraft_type_id" = 202500005 AND "pols"."type_of_pol" = 'F') LIMIT 21(method=- path=-)
[ERROR] 2025-09-02 09:13:20,102 django.db.backends:39 -   (0.000) SELECT "tyre_pressures"."ac_condition" AS "ac_condition", "tyre_pressures"."max_main" AS "max_main", "tyre_pressures"."min_main" AS "min_main", "tyre_pressures"."max_nose_tail" AS "max_nose_tail", "tyre_pressures"."min_nose_tail" AS "min_nose_tail" FROM "tyre_pressures" WHERE "tyre_pressures"."aircraft_type_id" = 202500005 LIMIT 21(method=- path=-)
[ERROR] 2025-09-02 09:13:20,102 django.db.backends:39 -   (0.000) SELECT "ecu_masters"."location" AS "location", "ecu_masters"."type" AS "type", "ecu_masters"."mark" AS "mark", "ecu_masters"."serial_no" AS "serial_no", "ecu_masters"."date_of_fitment" AS "date_of_fitment" FROM "ecu_masters" WHERE "ecu_masters"."aircraft_master_id" = 201710168 LIMIT 21(method=- path=-)
[ERROR] 2025-09-02 09:13:20,102 django.db.backends:39 -   (0.000) SELECT "pols"."description" AS "description", "pols"."sect_ref" AS "sect_ref", "pols"."nato_code" AS "nato_code" FROM "pols" WHERE ("pols"."aircraft_type_id" = 202500005 AND "pols"."type_of_pol" = 'F') LIMIT 21(method=- path=-)
[ERROR] 2025-09-02 09:13:20,102 django.db.backends:39 -   (0.000) SELECT "tyre_pressures"."ac_condition" AS "ac_condition", "tyre_pressures"."max_main" AS "max_main", "tyre_pressures"."min_main" AS "min_main", "tyre_pressures"."max_nose_tail" AS "max_nose_tail", "tyre_pressures"."min_nose_tail" AS "min_nose_tail" FROM "tyre_pressures" WHERE "tyre_pressures"."aircraft_type_id" = 202500005 LIMIT 21(method=- path=-)
[ERROR] 2025-09-02 09:13:20,102 django.db.backends:39 -   (0.000) SELECT "ecu_masters"."location" AS "location", "ecu_masters"."type" AS "type", "ecu_masters"."mark" AS "mark", "ecu_masters"."serial_no" AS "serial_no", "ecu_masters"."date_of_fitment" AS "date_of_fitment" FROM "ecu_masters" WHERE "ecu_masters"."aircraft_master_id" = 201710168 LIMIT 21(method=- path=-)
[ERROR] 2025-09-02 09:13:20,102 django.db.backends:39 -   (0.000) SELECT "pols"."description" AS "description", "pols"."sect_ref" AS "sect_ref", "pols"."nato_code" AS "nato_code" FROM "pols" WHERE ("pols"."aircraft_type_id" = 202500005 AND "pols"."type_of_pol" = 'F') LIMIT 21(method=- path=-)
[ERROR] 2025-09-02 09:13:20,102 django.db.backends:39 -   (0.000) SELECT "tyre_pressures"."ac_condition" AS "ac_condition", "tyre_pressures"."max_main" AS "max_main", "tyre_pressures"."min_main" AS "min_main", "tyre_pressures"."max_nose_tail" AS "max_nose_tail", "tyre_pressures"."min_nose_tail" AS "min_nose_tail" FROM "tyre_pressures" WHERE "tyre_pressures"."aircraft_type_id" = 202500005 LIMIT 21(method=- path=-)
[ERROR] 2025-09-02 09:13:20,102 django.db.backends:39 -   (0.000) SELECT "ecu_masters"."location" AS "location", "ecu_masters"."type" AS "type", "ecu_masters"."mark" AS "mark", "ecu_masters"."serial_no" AS "serial_no", "ecu_masters"."date_of_fitment" AS "date_of_fitment" FROM "ecu_masters" WHERE "ecu_masters"."aircraft_master_id" = 201710168 LIMIT 21(method=- path=-)
[ERROR] 2025-09-02 09:13:20,102 django.db.backends:39 -   (0.000) SELECT "pols"."description" AS "description", "pols"."sect_ref" AS "sect_ref", "pols"."nato_code" AS "nato_code" FROM "pols" WHERE ("pols"."aircraft_type_id" = 202500005 AND "pols"."type_of_pol" = 'F') LIMIT 21(method=- path=-)
[ERROR] 2025-09-02 09:13:20,102 django.db.backends:39 -   (0.000) SELECT "tyre_pressures"."ac_condition" AS "ac_condition", "tyre_pressures"."max_main" AS "max_main", "tyre_pressures"."min_main" AS "min_main", "tyre_pressures"."max_nose_tail" AS "max_nose_tail", "tyre_pressures"."min_nose_tail" AS "min_nose_tail" FROM "tyre_pressures" WHERE "tyre_pressures"."aircraft_type_id" = 202500005 LIMIT 21(method=- path=-)
[ERROR] 2025-09-02 09:13:20,103 django.server:213 - "GET /aircraft/pdf/?customer_id=201710168 HTTP/1.1" 500 194239(method=- path=-)
[ERROR] 2025-09-02 09:13:21,856 django.request:248 - Internal Server Error: /aircraft/pdf/(method=- path=-)
Traceback (most recent call last):
  File "/home/snc-cnams-dev8/Videos/e700/backend/venv/lib/python3.12/site-packages/django/core/handlers/exception.py", line 55, in inner
    response = get_response(request)
               ^^^^^^^^^^^^^^^^^^^^^
  File "/home/snc-cnams-dev8/Videos/e700/backend/venv/lib/python3.12/site-packages/django/core/handlers/base.py", line 197, in _get_response
    response = wrapped_callback(request, *callback_args, **callback_kwargs)
               ^^^^^^^^^^^^^^^^^^^^^^^^^^^^^^^^^^^^^^^^^^^^^^^^^^^^^^^^^^^^
  File "/home/snc-cnams-dev8/Pictures/e700/backend/reports/views.py", line 92, in aircraft_pdf
    html_string = render_to_string("aircraft_form.html", context)
                  ^^^^^^^^^^^^^^^^^^^^^^^^^^^^^^^^^^^^^^^^^^^^^^^
  File "/home/snc-cnams-dev8/Videos/e700/backend/venv/lib/python3.12/site-packages/django/template/loader.py", line 61, in render_to_string
    template = get_template(template_name, using=using)
               ^^^^^^^^^^^^^^^^^^^^^^^^^^^^^^^^^^^^^^^^
  File "/home/snc-cnams-dev8/Videos/e700/backend/venv/lib/python3.12/site-packages/django/template/loader.py", line 15, in get_template
    return engine.get_template(template_name)
           ^^^^^^^^^^^^^^^^^^^^^^^^^^^^^^^^^^
  File "/home/snc-cnams-dev8/Videos/e700/backend/venv/lib/python3.12/site-packages/django/template/backends/django.py", line 79, in get_template
    return Template(self.engine.get_template(template_name), self)
                    ^^^^^^^^^^^^^^^^^^^^^^^^^^^^^^^^^^^^^^^
  File "/home/snc-cnams-dev8/Videos/e700/backend/venv/lib/python3.12/site-packages/django/template/engine.py", line 177, in get_template
    template, origin = self.find_template(template_name)
                       ^^^^^^^^^^^^^^^^^^^^^^^^^^^^^^^^^
  File "/home/snc-cnams-dev8/Videos/e700/backend/venv/lib/python3.12/site-packages/django/template/engine.py", line 159, in find_template
    template = loader.get_template(name, skip=skip)
               ^^^^^^^^^^^^^^^^^^^^^^^^^^^^^^^^^^^^
  File "/home/snc-cnams-dev8/Videos/e700/backend/venv/lib/python3.12/site-packages/django/template/loaders/cached.py", line 57, in get_template
    template = super().get_template(template_name, skip)
               ^^^^^^^^^^^^^^^^^^^^^^^^^^^^^^^^^^^^^^^^^
  File "/home/snc-cnams-dev8/Videos/e700/backend/venv/lib/python3.12/site-packages/django/template/loaders/base.py", line 28, in get_template
    return Template(
           ^^^^^^^^^
  File "/home/snc-cnams-dev8/Videos/e700/backend/venv/lib/python3.12/site-packages/django/template/base.py", line 154, in __init__
    self.nodelist = self.compile_nodelist()
                    ^^^^^^^^^^^^^^^^^^^^^^^
  File "/home/snc-cnams-dev8/Videos/e700/backend/venv/lib/python3.12/site-packages/django/template/base.py", line 196, in compile_nodelist
    nodelist = parser.parse()
               ^^^^^^^^^^^^^^
  File "/home/snc-cnams-dev8/Videos/e700/backend/venv/lib/python3.12/site-packages/django/template/base.py", line 518, in parse
    raise self.error(token, e)
  File "/home/snc-cnams-dev8/Videos/e700/backend/venv/lib/python3.12/site-packages/django/template/base.py", line 516, in parse
    compiled_result = compile_func(self, token)
                      ^^^^^^^^^^^^^^^^^^^^^^^^^
  File "/home/snc-cnams-dev8/Videos/e700/backend/venv/lib/python3.12/site-packages/django/template/defaulttags.py", line 862, in do_for
    nodelist_loop = parser.parse(
                    ^^^^^^^^^^^^^
  File "/home/snc-cnams-dev8/Videos/e700/backend/venv/lib/python3.12/site-packages/django/template/base.py", line 489, in parse
    raise self.error(token, e)
  File "/home/snc-cnams-dev8/Videos/e700/backend/venv/lib/python3.12/site-packages/django/template/base.py", line 487, in parse
    filter_expression = self.compile_filter(token.contents)
                        ^^^^^^^^^^^^^^^^^^^^^^^^^^^^^^^^^^^
  File "/home/snc-cnams-dev8/Videos/e700/backend/venv/lib/python3.12/site-packages/django/template/base.py", line 609, in compile_filter
    return FilterExpression(token, self)
           ^^^^^^^^^^^^^^^^^^^^^^^^^^^^^
  File "/home/snc-cnams-dev8/Videos/e700/backend/venv/lib/python3.12/site-packages/django/template/base.py", line 710, in __init__
    raise TemplateSyntaxError(
django.template.exceptions.TemplateSyntaxError: Could not parse the remainder: '-' from '-'
[ERROR] 2025-09-02 09:13:21,856 django.db.backends:35 - SQL queries executed for GET /aircraft/pdf/:(method=- path=-)
[ERROR] 2025-09-02 09:13:21,856 django.db.backends:39 -   (0.002) SELECT "aircraft_masters"."id", "aircraft_masters"."side_no", "aircraft_masters"."aircraft_mark", "aircraft_masters"."customer_id", "aircraft_masters"."aircraft_type_id", "aircraft_masters"."airframe_serial_no", "aircraft_masters"."date_of_acceptance", "aircraft_masters"."date_of_manufacture", "aircraft_masters"."expiry_of_ttl_cal", "aircraft_masters"."date_of_expiry_of_warranty", "aircraft_masters"."basic_weight", "aircraft_masters"."max_auw", "aircraft_masters"."max_landing_weight", "aircraft_masters"."max_combat_load", "aircraft_masters"."max_operating_g_load", "aircraft_masters"."max_fuel_capacity", "aircraft_masters"."max_takeoff_speed", "aircraft_masters"."max_landing_speed", "aircraft_masters"."active_yn", "aircraft_masters"."max_speed", "aircraft_masters"."expiry_of_ttl_hrs", "aircraft_masters"."empty_weight", "aircraft_masters"."airframe_hrs" FROM "aircraft_masters" WHERE "aircraft_masters"."id" = 201710168 LIMIT 21(method=- path=-)
[ERROR] 2025-09-02 09:13:21,856 django.db.backends:39 -   (0.001) SELECT "pols"."system_id" AS "system_id", "pols"."description" AS "description", "pols"."nato_code" AS "nato_code", "pols"."substitute_id" AS "substitute_id" FROM "pols" WHERE ("pols"."aircraft_type_id" = 202500005 AND NOT ("pols"."type_of_pol" = 'F' AND "pols"."type_of_pol" IS NOT NULL))(method=- path=-)
[ERROR] 2025-09-02 09:13:21,857 django.db.backends:39 -   (0.001) SELECT "systems"."id" AS "id", "systems"."system" AS "system" FROM "systems" WHERE "systems"."id" IN (202500028, 202500029, 202500030, 202500031, 202500032)(method=- path=-)
[ERROR] 2025-09-02 09:13:21,857 django.db.backends:39 -   (0.001) SELECT "tyre_pressures"."ac_condition" AS "ac_condition", "tyre_pressures"."max_main" AS "max_main", "tyre_pressures"."min_main" AS "min_main", "tyre_pressures"."max_nose_tail" AS "max_nose_tail", "tyre_pressures"."min_nose_tail" AS "min_nose_tail" FROM "tyre_pressures" WHERE "tyre_pressures"."aircraft_type_id" = 202500005 LIMIT 21(method=- path=-)
[ERROR] 2025-09-02 09:13:21,857 django.db.backends:39 -   (0.001) SELECT "aircraft_types"."id", "aircraft_types"."ac_type", "aircraft_types"."aircraft_name", "aircraft_types"."no_of_ecu", "aircraft_types"."ac_sketch", "aircraft_types"."fuel_denomination", "aircraft_types"."speed_denomination", "aircraft_types"."pressure_denomination", "aircraft_types"."weight_denomination", "aircraft_types"."oleo_pressure_main", "aircraft_types"."oleo_pressure_nose" FROM "aircraft_types" WHERE "aircraft_types"."id" = 202500005 LIMIT 21(method=- path=-)
[ERROR] 2025-09-02 09:13:21,857 django.db.backends:39 -   (0.001) SELECT "ecu_masters"."location" AS "location", "ecu_masters"."type" AS "type", "ecu_masters"."mark" AS "mark", "ecu_masters"."serial_no" AS "serial_no", "ecu_masters"."date_of_fitment" AS "date_of_fitment" FROM "ecu_masters" WHERE "ecu_masters"."aircraft_master_id" = 201710168 LIMIT 21(method=- path=-)
[ERROR] 2025-09-02 09:13:21,857 django.db.backends:39 -   (0.000) SELECT "pols"."description" AS "description", "pols"."sect_ref" AS "sect_ref", "pols"."nato_code" AS "nato_code" FROM "pols" WHERE ("pols"."aircraft_type_id" = 202500005 AND "pols"."type_of_pol" = 'F') LIMIT 21(method=- path=-)
[ERROR] 2025-09-02 09:13:21,857 django.db.backends:39 -   (0.000) SELECT "tyre_pressures"."ac_condition" AS "ac_condition", "tyre_pressures"."max_main" AS "max_main", "tyre_pressures"."min_main" AS "min_main", "tyre_pressures"."max_nose_tail" AS "max_nose_tail", "tyre_pressures"."min_nose_tail" AS "min_nose_tail" FROM "tyre_pressures" WHERE "tyre_pressures"."aircraft_type_id" = 202500005 LIMIT 21(method=- path=-)
[ERROR] 2025-09-02 09:13:21,857 django.db.backends:39 -   (0.000) SELECT "ecu_masters"."location" AS "location", "ecu_masters"."type" AS "type", "ecu_masters"."mark" AS "mark", "ecu_masters"."serial_no" AS "serial_no", "ecu_masters"."date_of_fitment" AS "date_of_fitment" FROM "ecu_masters" WHERE "ecu_masters"."aircraft_master_id" = 201710168 LIMIT 21(method=- path=-)
[ERROR] 2025-09-02 09:13:21,857 django.db.backends:39 -   (0.000) SELECT "pols"."description" AS "description", "pols"."sect_ref" AS "sect_ref", "pols"."nato_code" AS "nato_code" FROM "pols" WHERE ("pols"."aircraft_type_id" = 202500005 AND "pols"."type_of_pol" = 'F') LIMIT 21(method=- path=-)
[ERROR] 2025-09-02 09:13:21,857 django.db.backends:39 -   (0.000) SELECT "tyre_pressures"."ac_condition" AS "ac_condition", "tyre_pressures"."max_main" AS "max_main", "tyre_pressures"."min_main" AS "min_main", "tyre_pressures"."max_nose_tail" AS "max_nose_tail", "tyre_pressures"."min_nose_tail" AS "min_nose_tail" FROM "tyre_pressures" WHERE "tyre_pressures"."aircraft_type_id" = 202500005 LIMIT 21(method=- path=-)
[ERROR] 2025-09-02 09:13:21,857 django.db.backends:39 -   (0.000) SELECT "ecu_masters"."location" AS "location", "ecu_masters"."type" AS "type", "ecu_masters"."mark" AS "mark", "ecu_masters"."serial_no" AS "serial_no", "ecu_masters"."date_of_fitment" AS "date_of_fitment" FROM "ecu_masters" WHERE "ecu_masters"."aircraft_master_id" = 201710168 LIMIT 21(method=- path=-)
[ERROR] 2025-09-02 09:13:21,857 django.db.backends:39 -   (0.000) SELECT "pols"."description" AS "description", "pols"."sect_ref" AS "sect_ref", "pols"."nato_code" AS "nato_code" FROM "pols" WHERE ("pols"."aircraft_type_id" = 202500005 AND "pols"."type_of_pol" = 'F') LIMIT 21(method=- path=-)
[ERROR] 2025-09-02 09:13:21,857 django.db.backends:39 -   (0.000) SELECT "tyre_pressures"."ac_condition" AS "ac_condition", "tyre_pressures"."max_main" AS "max_main", "tyre_pressures"."min_main" AS "min_main", "tyre_pressures"."max_nose_tail" AS "max_nose_tail", "tyre_pressures"."min_nose_tail" AS "min_nose_tail" FROM "tyre_pressures" WHERE "tyre_pressures"."aircraft_type_id" = 202500005 LIMIT 21(method=- path=-)
[ERROR] 2025-09-02 09:13:21,857 django.db.backends:39 -   (0.000) SELECT "ecu_masters"."location" AS "location", "ecu_masters"."type" AS "type", "ecu_masters"."mark" AS "mark", "ecu_masters"."serial_no" AS "serial_no", "ecu_masters"."date_of_fitment" AS "date_of_fitment" FROM "ecu_masters" WHERE "ecu_masters"."aircraft_master_id" = 201710168 LIMIT 21(method=- path=-)
[ERROR] 2025-09-02 09:13:21,857 django.db.backends:39 -   (0.000) SELECT "pols"."description" AS "description", "pols"."sect_ref" AS "sect_ref", "pols"."nato_code" AS "nato_code" FROM "pols" WHERE ("pols"."aircraft_type_id" = 202500005 AND "pols"."type_of_pol" = 'F') LIMIT 21(method=- path=-)
[ERROR] 2025-09-02 09:13:21,857 django.db.backends:39 -   (0.000) SELECT "tyre_pressures"."ac_condition" AS "ac_condition", "tyre_pressures"."max_main" AS "max_main", "tyre_pressures"."min_main" AS "min_main", "tyre_pressures"."max_nose_tail" AS "max_nose_tail", "tyre_pressures"."min_nose_tail" AS "min_nose_tail" FROM "tyre_pressures" WHERE "tyre_pressures"."aircraft_type_id" = 202500005 LIMIT 21(method=- path=-)
[ERROR] 2025-09-02 09:13:21,857 django.db.backends:39 -   (0.000) SELECT "ecu_masters"."location" AS "location", "ecu_masters"."type" AS "type", "ecu_masters"."mark" AS "mark", "ecu_masters"."serial_no" AS "serial_no", "ecu_masters"."date_of_fitment" AS "date_of_fitment" FROM "ecu_masters" WHERE "ecu_masters"."aircraft_master_id" = 201710168 LIMIT 21(method=- path=-)
[ERROR] 2025-09-02 09:13:21,857 django.db.backends:39 -   (0.000) SELECT "pols"."description" AS "description", "pols"."sect_ref" AS "sect_ref", "pols"."nato_code" AS "nato_code" FROM "pols" WHERE ("pols"."aircraft_type_id" = 202500005 AND "pols"."type_of_pol" = 'F') LIMIT 21(method=- path=-)
[ERROR] 2025-09-02 09:13:21,857 django.db.backends:39 -   (0.000) SELECT "tyre_pressures"."ac_condition" AS "ac_condition", "tyre_pressures"."max_main" AS "max_main", "tyre_pressures"."min_main" AS "min_main", "tyre_pressures"."max_nose_tail" AS "max_nose_tail", "tyre_pressures"."min_nose_tail" AS "min_nose_tail" FROM "tyre_pressures" WHERE "tyre_pressures"."aircraft_type_id" = 202500005 LIMIT 21(method=- path=-)
[ERROR] 2025-09-02 09:13:21,857 django.server:213 - "GET /aircraft/pdf/?customer_id=201710168 HTTP/1.1" 500 194239(method=- path=-)
[INFO] 2025-09-02 09:13:39,037 django.server:213 - "GET /aircraft/pdf/?customer_id=201710168 HTTP/1.1" 200 17065(method=- path=-)
[INFO] 2025-09-02 09:14:16,578 django.server:213 - "GET /aircraft/pdf/?customer_id=201710168 HTTP/1.1" 200 17066(method=- path=-)
[INFO] 2025-09-02 09:14:59,113 django.server:213 - "GET /aircraft/pdf/?customer_id=201710168 HTTP/1.1" 200 17075(method=- path=-)
[INFO] 2025-09-02 09:15:51,163 django.server:213 - "GET /aircraft/pdf/?customer_id=201710168 HTTP/1.1" 200 17075(method=- path=-)
[INFO] 2025-09-02 09:19:23,166 django.server:213 - "GET /aircraft/pdf/?customer_id=201710168 HTTP/1.1" 200 17109(method=- path=-)
[INFO] 2025-09-02 09:19:46,918 django.server:213 - "GET /aircraft/pdf/?customer_id=201710168 HTTP/1.1" 200 17139(method=- path=-)
[INFO] 2025-09-02 09:20:39,223 django.server:213 - "GET /aircraft/pdf/?customer_id=201710168 HTTP/1.1" 200 17141(method=- path=-)
[INFO] 2025-09-02 09:20:42,761 django.server:213 - "GET /aircraft/pdf/?customer_id=201710168 HTTP/1.1" 200 17074(method=- path=-)
[INFO] 2025-09-02 09:22:30,453 django.server:213 - "GET /aircraft/pdf/?customer_id=201710168 HTTP/1.1" 200 17170(method=- path=-)
[INFO] 2025-09-02 09:23:27,993 django.server:213 - "GET /aircraft/pdf/?customer_id=201710168 HTTP/1.1" 200 17144(method=- path=-)
[INFO] 2025-09-02 09:23:37,589 django.server:213 - "GET /aircraft/pdf/?customer_id=201710168 HTTP/1.1" 200 17134(method=- path=-)
[INFO] 2025-09-02 09:23:47,206 django.server:213 - "GET /aircraft/pdf/?customer_id=201710168 HTTP/1.1" 200 17138(method=- path=-)
[INFO] 2025-09-02 09:26:51,783 django.utils.autoreload:265 - /home/snc-cnams-dev8/Pictures/e700/backend/reports/views.py changed, reloading.(method=- path=-)
[INFO] 2025-09-02 09:26:52,088 django.utils.autoreload:667 - Watching for file changes with StatReloader(method=- path=-)
[INFO] 2025-09-02 09:27:08,667 django.utils.autoreload:265 - /home/snc-cnams-dev8/Pictures/e700/backend/reports/views.py changed, reloading.(method=- path=-)
[INFO] 2025-09-02 09:27:08,945 django.utils.autoreload:667 - Watching for file changes with StatReloader(method=- path=-)
[INFO] 2025-09-02 09:27:14,012 django.server:213 - "GET /aircraft/pdf/?customer_id=201710168 HTTP/1.1" 200 17136(method=- path=-)
[INFO] 2025-09-02 09:29:40,276 django.utils.autoreload:265 - /home/snc-cnams-dev8/Pictures/e700/backend/reports/views.py changed, reloading.(method=- path=-)
[INFO] 2025-09-02 09:29:40,569 django.utils.autoreload:667 - Watching for file changes with StatReloader(method=- path=-)
[INFO] 2025-09-02 09:30:31,495 django.utils.autoreload:265 - /home/snc-cnams-dev8/Pictures/e700/backend/reports/views.py changed, reloading.(method=- path=-)
[INFO] 2025-09-02 09:30:31,781 django.utils.autoreload:667 - Watching for file changes with StatReloader(method=- path=-)
[ERROR] 2025-09-02 09:30:37,224 django.request:248 - Internal Server Error: /aircraft/pdf/(method=- path=-)
Traceback (most recent call last):
  File "/home/snc-cnams-dev8/Videos/e700/backend/venv/lib/python3.12/site-packages/django/core/handlers/exception.py", line 55, in inner
    response = get_response(request)
               ^^^^^^^^^^^^^^^^^^^^^
  File "/home/snc-cnams-dev8/Videos/e700/backend/venv/lib/python3.12/site-packages/django/core/handlers/base.py", line 197, in _get_response
    response = wrapped_callback(request, *callback_args, **callback_kwargs)
               ^^^^^^^^^^^^^^^^^^^^^^^^^^^^^^^^^^^^^^^^^^^^^^^^^^^^^^^^^^^^
  File "/home/snc-cnams-dev8/Pictures/e700/backend/reports/views.py", line 53, in aircraft_pdf
    "role": aircraft_role.get('role'),
            ^^^^^^^^^^^^^^^^^^^^^^^^^
  File "/home/snc-cnams-dev8/Videos/e700/backend/venv/lib/python3.12/site-packages/django/db/models/query.py", line 619, in get
    clone = self._chain() if self.query.combinator else self.filter(*args, **kwargs)
                                                        ^^^^^^^^^^^^^^^^^^^^^^^^^^^^
  File "/home/snc-cnams-dev8/Videos/e700/backend/venv/lib/python3.12/site-packages/django/db/models/query.py", line 1491, in filter
    return self._filter_or_exclude(False, args, kwargs)
           ^^^^^^^^^^^^^^^^^^^^^^^^^^^^^^^^^^^^^^^^^^^^
  File "/home/snc-cnams-dev8/Videos/e700/backend/venv/lib/python3.12/site-packages/django/db/models/query.py", line 1509, in _filter_or_exclude
    clone._filter_or_exclude_inplace(negate, args, kwargs)
  File "/home/snc-cnams-dev8/Videos/e700/backend/venv/lib/python3.12/site-packages/django/db/models/query.py", line 1516, in _filter_or_exclude_inplace
    self._query.add_q(Q(*args, **kwargs))
  File "/home/snc-cnams-dev8/Videos/e700/backend/venv/lib/python3.12/site-packages/django/db/models/sql/query.py", line 1643, in add_q
    clause, _ = self._add_q(q_object, can_reuse)
                ^^^^^^^^^^^^^^^^^^^^^^^^^^^^^^^^
  File "/home/snc-cnams-dev8/Videos/e700/backend/venv/lib/python3.12/site-packages/django/db/models/sql/query.py", line 1675, in _add_q
    child_clause, needed_inner = self.build_filter(
                                 ^^^^^^^^^^^^^^^^^^
  File "/home/snc-cnams-dev8/Videos/e700/backend/venv/lib/python3.12/site-packages/django/db/models/sql/query.py", line 1520, in build_filter
    arg, value = filter_expr
    ^^^^^^^^^^
ValueError: too many values to unpack (expected 2)
[ERROR] 2025-09-02 09:30:37,225 django.db.backends:35 - SQL queries executed for GET /aircraft/pdf/:(method=- path=-)
[ERROR] 2025-09-02 09:30:37,225 django.db.backends:39 -   (0.002) SELECT "aircraft_masters"."id", "aircraft_masters"."side_no", "aircraft_masters"."aircraft_mark", "aircraft_masters"."customer_id", "aircraft_masters"."aircraft_type_id", "aircraft_masters"."airframe_serial_no", "aircraft_masters"."date_of_acceptance", "aircraft_masters"."date_of_manufacture", "aircraft_masters"."expiry_of_ttl_cal", "aircraft_masters"."date_of_expiry_of_warranty", "aircraft_masters"."basic_weight", "aircraft_masters"."max_auw", "aircraft_masters"."max_landing_weight", "aircraft_masters"."max_combat_load", "aircraft_masters"."max_operating_g_load", "aircraft_masters"."max_fuel_capacity", "aircraft_masters"."max_takeoff_speed", "aircraft_masters"."max_landing_speed", "aircraft_masters"."active_yn", "aircraft_masters"."max_speed", "aircraft_masters"."expiry_of_ttl_hrs", "aircraft_masters"."empty_weight", "aircraft_masters"."airframe_hrs" FROM "aircraft_masters" WHERE "aircraft_masters"."id" = 201710168 LIMIT 21(method=- path=-)
[ERROR] 2025-09-02 09:30:37,225 django.db.backends:39 -   (0.001) SELECT "pols"."system_id" AS "system_id", "pols"."description" AS "description", "pols"."nato_code" AS "nato_code", "pols"."substitute_id" AS "substitute_id" FROM "pols" WHERE ("pols"."aircraft_type_id" = 202500005 AND NOT ("pols"."type_of_pol" = 'F' AND "pols"."type_of_pol" IS NOT NULL))(method=- path=-)
[ERROR] 2025-09-02 09:30:37,225 django.db.backends:39 -   (0.001) SELECT "systems"."id" AS "id", "systems"."system" AS "system" FROM "systems" WHERE "systems"."id" IN (202500028, 202500029, 202500030, 202500031, 202500032)(method=- path=-)
[ERROR] 2025-09-02 09:30:37,225 django.db.backends:39 -   (0.001) SELECT "aircraft_types"."id", "aircraft_types"."ac_type", "aircraft_types"."aircraft_name", "aircraft_types"."no_of_ecu", "aircraft_types"."ac_sketch", "aircraft_types"."fuel_denomination", "aircraft_types"."speed_denomination", "aircraft_types"."pressure_denomination", "aircraft_types"."weight_denomination", "aircraft_types"."oleo_pressure_main", "aircraft_types"."oleo_pressure_nose" FROM "aircraft_types" WHERE "aircraft_types"."id" = 202500005 LIMIT 21(method=- path=-)
[ERROR] 2025-09-02 09:30:37,225 django.db.backends:39 -   (0.000) SELECT "aircraft_roles"."role" AS "role" FROM "aircraft_roles" WHERE "aircraft_roles"."aircraft_type_id" = 202500005 LIMIT 21(method=- path=-)
[ERROR] 2025-09-02 09:30:37,225 django.db.backends:39 -   (0.001) SELECT "ecu_masters"."location" AS "location", "ecu_masters"."type" AS "type", "ecu_masters"."mark" AS "mark", "ecu_masters"."serial_no" AS "serial_no", "ecu_masters"."date_of_fitment" AS "date_of_fitment" FROM "ecu_masters" WHERE "ecu_masters"."aircraft_master_id" = 201710168 LIMIT 21(method=- path=-)
[ERROR] 2025-09-02 09:30:37,225 django.db.backends:39 -   (0.000) SELECT "pols"."description" AS "description", "pols"."sect_ref" AS "sect_ref", "pols"."nato_code" AS "nato_code" FROM "pols" WHERE ("pols"."aircraft_type_id" = 202500005 AND "pols"."type_of_pol" = 'F') LIMIT 21(method=- path=-)
[ERROR] 2025-09-02 09:30:37,225 django.db.backends:39 -   (0.001) SELECT "tyre_pressures"."ac_condition" AS "ac_condition", "tyre_pressures"."max_main" AS "max_main", "tyre_pressures"."min_main" AS "min_main", "tyre_pressures"."max_nose_tail" AS "max_nose_tail", "tyre_pressures"."min_nose_tail" AS "min_nose_tail" FROM "tyre_pressures" WHERE "tyre_pressures"."aircraft_type_id" = 202500005 LIMIT 21(method=- path=-)
[ERROR] 2025-09-02 09:30:37,225 django.db.backends:39 -   (0.000) SELECT "aircraft_roles"."role" AS "role" FROM "aircraft_roles" WHERE "aircraft_roles"."aircraft_type_id" = 202500005 LIMIT 21(method=- path=-)
[ERROR] 2025-09-02 09:30:37,225 django.db.backends:39 -   (0.000) SELECT "aircraft_roles"."role" AS "role" FROM "aircraft_roles" WHERE "aircraft_roles"."aircraft_type_id" = 202500005 LIMIT 21(method=- path=-)
[ERROR] 2025-09-02 09:30:37,225 django.db.backends:39 -   (0.000) SELECT "aircraft_roles"."role" AS "role" FROM "aircraft_roles" WHERE "aircraft_roles"."aircraft_type_id" = 202500005 LIMIT 21(method=- path=-)
[ERROR] 2025-09-02 09:30:37,225 django.db.backends:39 -   (0.000) SELECT "aircraft_roles"."role" AS "role" FROM "aircraft_roles" WHERE "aircraft_roles"."aircraft_type_id" = 202500005 LIMIT 21(method=- path=-)
[ERROR] 2025-09-02 09:30:37,226 django.db.backends:39 -   (0.000) SELECT "aircraft_roles"."role" AS "role" FROM "aircraft_roles" WHERE "aircraft_roles"."aircraft_type_id" = 202500005 LIMIT 21(method=- path=-)
[ERROR] 2025-09-02 09:30:37,226 django.server:213 - "GET /aircraft/pdf/?customer_id=201710168 HTTP/1.1" 500 111215(method=- path=-)
[INFO] 2025-09-02 09:31:28,000 django.utils.autoreload:265 - /home/snc-cnams-dev8/Pictures/e700/backend/reports/views.py changed, reloading.(method=- path=-)
[INFO] 2025-09-02 09:31:28,312 django.utils.autoreload:667 - Watching for file changes with StatReloader(method=- path=-)
[INFO] 2025-09-02 09:31:43,986 django.utils.autoreload:265 - /home/snc-cnams-dev8/Pictures/e700/backend/reports/views.py changed, reloading.(method=- path=-)
[INFO] 2025-09-02 09:31:44,294 django.utils.autoreload:667 - Watching for file changes with StatReloader(method=- path=-)
[INFO] 2025-09-02 09:31:47,411 django.server:213 - "GET /aircraft/pdf/?customer_id=201710168 HTTP/1.1" 200 17135(method=- path=-)
[INFO] 2025-09-02 09:32:56,535 django.utils.autoreload:265 - /home/snc-cnams-dev8/Pictures/e700/backend/reports/views.py changed, reloading.(method=- path=-)
[INFO] 2025-09-02 09:32:56,819 django.utils.autoreload:667 - Watching for file changes with StatReloader(method=- path=-)
[ERROR] 2025-09-02 09:32:59,586 django.request:248 - Internal Server Error: /aircraft/pdf/(method=- path=-)
Traceback (most recent call last):
  File "/home/snc-cnams-dev8/Videos/e700/backend/venv/lib/python3.12/site-packages/django/core/handlers/exception.py", line 55, in inner
    response = get_response(request)
               ^^^^^^^^^^^^^^^^^^^^^
  File "/home/snc-cnams-dev8/Videos/e700/backend/venv/lib/python3.12/site-packages/django/core/handlers/base.py", line 197, in _get_response
    response = wrapped_callback(request, *callback_args, **callback_kwargs)
               ^^^^^^^^^^^^^^^^^^^^^^^^^^^^^^^^^^^^^^^^^^^^^^^^^^^^^^^^^^^^
  File "/home/snc-cnams-dev8/Pictures/e700/backend/reports/views.py", line 53, in aircraft_pdf
    "role": aircraft_role.role,
            ^^^^^^^^^^^^^^^^^^
AttributeError: 'QuerySet' object has no attribute 'role'
[ERROR] 2025-09-02 09:32:59,587 django.db.backends:35 - SQL queries executed for GET /aircraft/pdf/:(method=- path=-)
[ERROR] 2025-09-02 09:32:59,587 django.db.backends:39 -   (0.002) SELECT "aircraft_masters"."id", "aircraft_masters"."side_no", "aircraft_masters"."aircraft_mark", "aircraft_masters"."customer_id", "aircraft_masters"."aircraft_type_id", "aircraft_masters"."airframe_serial_no", "aircraft_masters"."date_of_acceptance", "aircraft_masters"."date_of_manufacture", "aircraft_masters"."expiry_of_ttl_cal", "aircraft_masters"."date_of_expiry_of_warranty", "aircraft_masters"."basic_weight", "aircraft_masters"."max_auw", "aircraft_masters"."max_landing_weight", "aircraft_masters"."max_combat_load", "aircraft_masters"."max_operating_g_load", "aircraft_masters"."max_fuel_capacity", "aircraft_masters"."max_takeoff_speed", "aircraft_masters"."max_landing_speed", "aircraft_masters"."active_yn", "aircraft_masters"."max_speed", "aircraft_masters"."expiry_of_ttl_hrs", "aircraft_masters"."empty_weight", "aircraft_masters"."airframe_hrs" FROM "aircraft_masters" WHERE "aircraft_masters"."id" = 201710168 LIMIT 21(method=- path=-)
[ERROR] 2025-09-02 09:32:59,587 django.db.backends:39 -   (0.001) SELECT "pols"."system_id" AS "system_id", "pols"."description" AS "description", "pols"."nato_code" AS "nato_code", "pols"."substitute_id" AS "substitute_id" FROM "pols" WHERE ("pols"."aircraft_type_id" = 202500005 AND NOT ("pols"."type_of_pol" = 'F' AND "pols"."type_of_pol" IS NOT NULL))(method=- path=-)
[ERROR] 2025-09-02 09:32:59,587 django.db.backends:39 -   (0.001) SELECT "systems"."id" AS "id", "systems"."system" AS "system" FROM "systems" WHERE "systems"."id" IN (202500028, 202500029, 202500030, 202500031, 202500032)(method=- path=-)
[ERROR] 2025-09-02 09:32:59,587 django.db.backends:39 -   (0.001) SELECT "aircraft_roles"."role" AS "role" FROM "aircraft_roles" WHERE "aircraft_roles"."aircraft_type_id" = 202500005 LIMIT 21(method=- path=-)
[ERROR] 2025-09-02 09:32:59,587 django.db.backends:39 -   (0.001) SELECT "aircraft_types"."id", "aircraft_types"."ac_type", "aircraft_types"."aircraft_name", "aircraft_types"."no_of_ecu", "aircraft_types"."ac_sketch", "aircraft_types"."fuel_denomination", "aircraft_types"."speed_denomination", "aircraft_types"."pressure_denomination", "aircraft_types"."weight_denomination", "aircraft_types"."oleo_pressure_main", "aircraft_types"."oleo_pressure_nose" FROM "aircraft_types" WHERE "aircraft_types"."id" = 202500005 LIMIT 21(method=- path=-)
[ERROR] 2025-09-02 09:32:59,587 django.db.backends:39 -   (0.000) SELECT "aircraft_roles"."role" AS "role" FROM "aircraft_roles" WHERE "aircraft_roles"."aircraft_type_id" = 202500005 LIMIT 21(method=- path=-)
[ERROR] 2025-09-02 09:32:59,587 django.db.backends:39 -   (0.001) SELECT "ecu_masters"."location" AS "location", "ecu_masters"."type" AS "type", "ecu_masters"."mark" AS "mark", "ecu_masters"."serial_no" AS "serial_no", "ecu_masters"."date_of_fitment" AS "date_of_fitment" FROM "ecu_masters" WHERE "ecu_masters"."aircraft_master_id" = 201710168 LIMIT 21(method=- path=-)
[ERROR] 2025-09-02 09:32:59,587 django.db.backends:39 -   (0.000) SELECT "pols"."description" AS "description", "pols"."sect_ref" AS "sect_ref", "pols"."nato_code" AS "nato_code" FROM "pols" WHERE ("pols"."aircraft_type_id" = 202500005 AND "pols"."type_of_pol" = 'F') LIMIT 21(method=- path=-)
[ERROR] 2025-09-02 09:32:59,587 django.db.backends:39 -   (0.001) SELECT "tyre_pressures"."ac_condition" AS "ac_condition", "tyre_pressures"."max_main" AS "max_main", "tyre_pressures"."min_main" AS "min_main", "tyre_pressures"."max_nose_tail" AS "max_nose_tail", "tyre_pressures"."min_nose_tail" AS "min_nose_tail" FROM "tyre_pressures" WHERE "tyre_pressures"."aircraft_type_id" = 202500005 LIMIT 21(method=- path=-)
[ERROR] 2025-09-02 09:32:59,588 django.server:213 - "GET /aircraft/pdf/?customer_id=201710168 HTTP/1.1" 500 77292(method=- path=-)
[INFO] 2025-09-02 09:34:23,620 django.utils.autoreload:265 - /home/snc-cnams-dev8/Pictures/e700/backend/reports/views.py changed, reloading.(method=- path=-)
[INFO] 2025-09-02 09:34:23,922 django.utils.autoreload:667 - Watching for file changes with StatReloader(method=- path=-)
[INFO] 2025-09-02 09:34:26,808 django.server:213 - "GET /aircraft/pdf/?customer_id=201710168 HTTP/1.1" 200 16923(method=- path=-)
[INFO] 2025-09-02 09:36:05,635 django.utils.autoreload:265 - /home/snc-cnams-dev8/Pictures/e700/backend/reports/views.py changed, reloading.(method=- path=-)
[INFO] 2025-09-02 09:36:05,937 django.utils.autoreload:667 - Watching for file changes with StatReloader(method=- path=-)
[ERROR] 2025-09-02 09:36:08,452 django.request:248 - Internal Server Error: /aircraft/pdf/(method=- path=-)
Traceback (most recent call last):
  File "/home/snc-cnams-dev8/Videos/e700/backend/venv/lib/python3.12/site-packages/django/core/handlers/exception.py", line 55, in inner
    response = get_response(request)
               ^^^^^^^^^^^^^^^^^^^^^
  File "/home/snc-cnams-dev8/Videos/e700/backend/venv/lib/python3.12/site-packages/django/core/handlers/base.py", line 197, in _get_response
    response = wrapped_callback(request, *callback_args, **callback_kwargs)
               ^^^^^^^^^^^^^^^^^^^^^^^^^^^^^^^^^^^^^^^^^^^^^^^^^^^^^^^^^^^^
  File "/home/snc-cnams-dev8/Pictures/e700/backend/reports/views.py", line 31, in aircraft_pdf
    print(aircraft_role)
          ^^^^^^^^^^^^^
NameError: name 'aircraft_role' is not defined. Did you mean: 'aircraft_roles'?
[ERROR] 2025-09-02 09:36:08,453 django.db.backends:35 - SQL queries executed for GET /aircraft/pdf/:(method=- path=-)
[ERROR] 2025-09-02 09:36:08,453 django.db.backends:39 -   (0.001) SELECT "aircraft_masters"."id", "aircraft_masters"."side_no", "aircraft_masters"."aircraft_mark", "aircraft_masters"."customer_id", "aircraft_masters"."aircraft_type_id", "aircraft_masters"."airframe_serial_no", "aircraft_masters"."date_of_acceptance", "aircraft_masters"."date_of_manufacture", "aircraft_masters"."expiry_of_ttl_cal", "aircraft_masters"."date_of_expiry_of_warranty", "aircraft_masters"."basic_weight", "aircraft_masters"."max_auw", "aircraft_masters"."max_landing_weight", "aircraft_masters"."max_combat_load", "aircraft_masters"."max_operating_g_load", "aircraft_masters"."max_fuel_capacity", "aircraft_masters"."max_takeoff_speed", "aircraft_masters"."max_landing_speed", "aircraft_masters"."active_yn", "aircraft_masters"."max_speed", "aircraft_masters"."expiry_of_ttl_hrs", "aircraft_masters"."empty_weight", "aircraft_masters"."airframe_hrs" FROM "aircraft_masters" WHERE "aircraft_masters"."id" = 201710168 LIMIT 21(method=- path=-)
[ERROR] 2025-09-02 09:36:08,453 django.db.backends:39 -   (0.001) SELECT "pols"."system_id" AS "system_id", "pols"."description" AS "description", "pols"."nato_code" AS "nato_code", "pols"."substitute_id" AS "substitute_id" FROM "pols" WHERE ("pols"."aircraft_type_id" = 202500005 AND NOT ("pols"."type_of_pol" = 'F' AND "pols"."type_of_pol" IS NOT NULL))(method=- path=-)
[ERROR] 2025-09-02 09:36:08,453 django.db.backends:39 -   (0.001) SELECT "systems"."id" AS "id", "systems"."system" AS "system" FROM "systems" WHERE "systems"."id" IN (202500028, 202500029, 202500030, 202500031, 202500032)(method=- path=-)
[ERROR] 2025-09-02 09:36:08,453 django.db.backends:39 -   (0.000) SELECT "aircraft_roles"."role" AS "role" FROM "aircraft_roles" WHERE "aircraft_roles"."aircraft_type_id" = 202500005 LIMIT 21(method=- path=-)
[ERROR] 2025-09-02 09:36:08,453 django.db.backends:39 -   (0.001) SELECT "ecu_masters"."location" AS "location", "ecu_masters"."type" AS "type", "ecu_masters"."mark" AS "mark", "ecu_masters"."serial_no" AS "serial_no", "ecu_masters"."date_of_fitment" AS "date_of_fitment" FROM "ecu_masters" WHERE "ecu_masters"."aircraft_master_id" = 201710168 LIMIT 21(method=- path=-)
[ERROR] 2025-09-02 09:36:08,453 django.db.backends:39 -   (0.000) SELECT "pols"."description" AS "description", "pols"."sect_ref" AS "sect_ref", "pols"."nato_code" AS "nato_code" FROM "pols" WHERE ("pols"."aircraft_type_id" = 202500005 AND "pols"."type_of_pol" = 'F') LIMIT 21(method=- path=-)
[ERROR] 2025-09-02 09:36:08,454 django.server:213 - "GET /aircraft/pdf/?customer_id=201710168 HTTP/1.1" 500 76342(method=- path=-)
[ERROR] 2025-09-02 09:36:10,552 django.request:248 - Internal Server Error: /aircraft/pdf/(method=- path=-)
Traceback (most recent call last):
  File "/home/snc-cnams-dev8/Videos/e700/backend/venv/lib/python3.12/site-packages/django/core/handlers/exception.py", line 55, in inner
    response = get_response(request)
               ^^^^^^^^^^^^^^^^^^^^^
  File "/home/snc-cnams-dev8/Videos/e700/backend/venv/lib/python3.12/site-packages/django/core/handlers/base.py", line 197, in _get_response
    response = wrapped_callback(request, *callback_args, **callback_kwargs)
               ^^^^^^^^^^^^^^^^^^^^^^^^^^^^^^^^^^^^^^^^^^^^^^^^^^^^^^^^^^^^
  File "/home/snc-cnams-dev8/Pictures/e700/backend/reports/views.py", line 31, in aircraft_pdf
    print(aircraft_role)
          ^^^^^^^^^^^^^
NameError: name 'aircraft_role' is not defined. Did you mean: 'aircraft_roles'?
[ERROR] 2025-09-02 09:36:10,552 django.db.backends:35 - SQL queries executed for GET /aircraft/pdf/:(method=- path=-)
[ERROR] 2025-09-02 09:36:10,553 django.db.backends:39 -   (0.001) SELECT "aircraft_masters"."id", "aircraft_masters"."side_no", "aircraft_masters"."aircraft_mark", "aircraft_masters"."customer_id", "aircraft_masters"."aircraft_type_id", "aircraft_masters"."airframe_serial_no", "aircraft_masters"."date_of_acceptance", "aircraft_masters"."date_of_manufacture", "aircraft_masters"."expiry_of_ttl_cal", "aircraft_masters"."date_of_expiry_of_warranty", "aircraft_masters"."basic_weight", "aircraft_masters"."max_auw", "aircraft_masters"."max_landing_weight", "aircraft_masters"."max_combat_load", "aircraft_masters"."max_operating_g_load", "aircraft_masters"."max_fuel_capacity", "aircraft_masters"."max_takeoff_speed", "aircraft_masters"."max_landing_speed", "aircraft_masters"."active_yn", "aircraft_masters"."max_speed", "aircraft_masters"."expiry_of_ttl_hrs", "aircraft_masters"."empty_weight", "aircraft_masters"."airframe_hrs" FROM "aircraft_masters" WHERE "aircraft_masters"."id" = 201710168 LIMIT 21(method=- path=-)
[ERROR] 2025-09-02 09:36:10,553 django.db.backends:39 -   (0.001) SELECT "pols"."system_id" AS "system_id", "pols"."description" AS "description", "pols"."nato_code" AS "nato_code", "pols"."substitute_id" AS "substitute_id" FROM "pols" WHERE ("pols"."aircraft_type_id" = 202500005 AND NOT ("pols"."type_of_pol" = 'F' AND "pols"."type_of_pol" IS NOT NULL))(method=- path=-)
[ERROR] 2025-09-02 09:36:10,553 django.db.backends:39 -   (0.001) SELECT "systems"."id" AS "id", "systems"."system" AS "system" FROM "systems" WHERE "systems"."id" IN (202500028, 202500029, 202500030, 202500031, 202500032)(method=- path=-)
[ERROR] 2025-09-02 09:36:10,553 django.db.backends:39 -   (0.000) SELECT "aircraft_roles"."role" AS "role" FROM "aircraft_roles" WHERE "aircraft_roles"."aircraft_type_id" = 202500005 LIMIT 21(method=- path=-)
[ERROR] 2025-09-02 09:36:10,553 django.db.backends:39 -   (0.001) SELECT "ecu_masters"."location" AS "location", "ecu_masters"."type" AS "type", "ecu_masters"."mark" AS "mark", "ecu_masters"."serial_no" AS "serial_no", "ecu_masters"."date_of_fitment" AS "date_of_fitment" FROM "ecu_masters" WHERE "ecu_masters"."aircraft_master_id" = 201710168 LIMIT 21(method=- path=-)
[ERROR] 2025-09-02 09:36:10,553 django.db.backends:39 -   (0.000) SELECT "pols"."description" AS "description", "pols"."sect_ref" AS "sect_ref", "pols"."nato_code" AS "nato_code" FROM "pols" WHERE ("pols"."aircraft_type_id" = 202500005 AND "pols"."type_of_pol" = 'F') LIMIT 21(method=- path=-)
[ERROR] 2025-09-02 09:36:10,553 django.server:213 - "GET /aircraft/pdf/?customer_id=201710168 HTTP/1.1" 500 76342(method=- path=-)
[INFO] 2025-09-02 09:36:31,742 django.utils.autoreload:265 - /home/snc-cnams-dev8/Pictures/e700/backend/reports/views.py changed, reloading.(method=- path=-)
[INFO] 2025-09-02 09:36:32,026 django.utils.autoreload:667 - Watching for file changes with StatReloader(method=- path=-)
[INFO] 2025-09-02 09:36:34,110 django.server:213 - "GET /aircraft/pdf/?customer_id=201710168 HTTP/1.1" 200 16922(method=- path=-)
[INFO] 2025-09-02 09:37:10,969 django.utils.autoreload:265 - /home/snc-cnams-dev8/Pictures/e700/backend/reports/views.py changed, reloading.(method=- path=-)
[INFO] 2025-09-02 09:37:11,263 django.utils.autoreload:667 - Watching for file changes with StatReloader(method=- path=-)
[ERROR] 2025-09-02 09:37:13,018 django.request:248 - Internal Server Error: /aircraft/pdf/(method=- path=-)
Traceback (most recent call last):
  File "/home/snc-cnams-dev8/Videos/e700/backend/venv/lib/python3.12/site-packages/django/core/handlers/exception.py", line 55, in inner
    response = get_response(request)
               ^^^^^^^^^^^^^^^^^^^^^
  File "/home/snc-cnams-dev8/Videos/e700/backend/venv/lib/python3.12/site-packages/django/core/handlers/base.py", line 197, in _get_response
    response = wrapped_callback(request, *callback_args, **callback_kwargs)
               ^^^^^^^^^^^^^^^^^^^^^^^^^^^^^^^^^^^^^^^^^^^^^^^^^^^^^^^^^^^^
  File "/home/snc-cnams-dev8/Pictures/e700/backend/reports/views.py", line 55, in aircraft_pdf
    "aircraft_role": aircraft_roles.role,
                     ^^^^^^^^^^^^^^^^^^^
AttributeError: 'QuerySet' object has no attribute 'role'
[ERROR] 2025-09-02 09:37:13,019 django.db.backends:35 - SQL queries executed for GET /aircraft/pdf/:(method=- path=-)
[ERROR] 2025-09-02 09:37:13,019 django.db.backends:39 -   (0.001) SELECT "aircraft_masters"."id", "aircraft_masters"."side_no", "aircraft_masters"."aircraft_mark", "aircraft_masters"."customer_id", "aircraft_masters"."aircraft_type_id", "aircraft_masters"."airframe_serial_no", "aircraft_masters"."date_of_acceptance", "aircraft_masters"."date_of_manufacture", "aircraft_masters"."expiry_of_ttl_cal", "aircraft_masters"."date_of_expiry_of_warranty", "aircraft_masters"."basic_weight", "aircraft_masters"."max_auw", "aircraft_masters"."max_landing_weight", "aircraft_masters"."max_combat_load", "aircraft_masters"."max_operating_g_load", "aircraft_masters"."max_fuel_capacity", "aircraft_masters"."max_takeoff_speed", "aircraft_masters"."max_landing_speed", "aircraft_masters"."active_yn", "aircraft_masters"."max_speed", "aircraft_masters"."expiry_of_ttl_hrs", "aircraft_masters"."empty_weight", "aircraft_masters"."airframe_hrs" FROM "aircraft_masters" WHERE "aircraft_masters"."id" = 201710168 LIMIT 21(method=- path=-)
[ERROR] 2025-09-02 09:37:13,019 django.db.backends:39 -   (0.001) SELECT "pols"."system_id" AS "system_id", "pols"."description" AS "description", "pols"."nato_code" AS "nato_code", "pols"."substitute_id" AS "substitute_id" FROM "pols" WHERE ("pols"."aircraft_type_id" = 202500005 AND NOT ("pols"."type_of_pol" = 'F' AND "pols"."type_of_pol" IS NOT NULL))(method=- path=-)
[ERROR] 2025-09-02 09:37:13,019 django.db.backends:39 -   (0.001) SELECT "systems"."id" AS "id", "systems"."system" AS "system" FROM "systems" WHERE "systems"."id" IN (202500028, 202500029, 202500030, 202500031, 202500032)(method=- path=-)
[ERROR] 2025-09-02 09:37:13,019 django.db.backends:39 -   (0.000) SELECT "aircraft_roles"."role" AS "role" FROM "aircraft_roles" WHERE "aircraft_roles"."aircraft_type_id" = 202500005 LIMIT 21(method=- path=-)
[ERROR] 2025-09-02 09:37:13,019 django.db.backends:39 -   (0.000) SELECT "aircraft_types"."id", "aircraft_types"."ac_type", "aircraft_types"."aircraft_name", "aircraft_types"."no_of_ecu", "aircraft_types"."ac_sketch", "aircraft_types"."fuel_denomination", "aircraft_types"."speed_denomination", "aircraft_types"."pressure_denomination", "aircraft_types"."weight_denomination", "aircraft_types"."oleo_pressure_main", "aircraft_types"."oleo_pressure_nose" FROM "aircraft_types" WHERE "aircraft_types"."id" = 202500005 LIMIT 21(method=- path=-)
[ERROR] 2025-09-02 09:37:13,019 django.db.backends:39 -   (0.000) SELECT "aircraft_roles"."role" AS "role" FROM "aircraft_roles" WHERE "aircraft_roles"."aircraft_type_id" = 202500005 LIMIT 21(method=- path=-)
[ERROR] 2025-09-02 09:37:13,019 django.db.backends:39 -   (0.000) SELECT "ecu_masters"."location" AS "location", "ecu_masters"."type" AS "type", "ecu_masters"."mark" AS "mark", "ecu_masters"."serial_no" AS "serial_no", "ecu_masters"."date_of_fitment" AS "date_of_fitment" FROM "ecu_masters" WHERE "ecu_masters"."aircraft_master_id" = 201710168 LIMIT 21(method=- path=-)
[ERROR] 2025-09-02 09:37:13,019 django.db.backends:39 -   (0.000) SELECT "pols"."description" AS "description", "pols"."sect_ref" AS "sect_ref", "pols"."nato_code" AS "nato_code" FROM "pols" WHERE ("pols"."aircraft_type_id" = 202500005 AND "pols"."type_of_pol" = 'F') LIMIT 21(method=- path=-)
[ERROR] 2025-09-02 09:37:13,019 django.db.backends:39 -   (0.000) SELECT "tyre_pressures"."ac_condition" AS "ac_condition", "tyre_pressures"."max_main" AS "max_main", "tyre_pressures"."min_main" AS "min_main", "tyre_pressures"."max_nose_tail" AS "max_nose_tail", "tyre_pressures"."min_nose_tail" AS "min_nose_tail" FROM "tyre_pressures" WHERE "tyre_pressures"."aircraft_type_id" = 202500005 LIMIT 21(method=- path=-)
[ERROR] 2025-09-02 09:37:13,020 django.server:213 - "GET /aircraft/pdf/?customer_id=201710168 HTTP/1.1" 500 77375(method=- path=-)
[INFO] 2025-09-02 09:39:12,196 django.utils.autoreload:265 - /home/snc-cnams-dev8/Pictures/e700/backend/reports/views.py changed, reloading.(method=- path=-)
[INFO] 2025-09-02 09:39:12,485 django.utils.autoreload:667 - Watching for file changes with StatReloader(method=- path=-)
[ERROR] 2025-09-02 09:39:35,738 django.request:248 - Internal Server Error: /aircraft/pdf/(method=- path=-)
Traceback (most recent call last):
  File "/home/snc-cnams-dev8/Videos/e700/backend/venv/lib/python3.12/site-packages/django/core/handlers/exception.py", line 55, in inner
    response = get_response(request)
               ^^^^^^^^^^^^^^^^^^^^^
  File "/home/snc-cnams-dev8/Videos/e700/backend/venv/lib/python3.12/site-packages/django/core/handlers/base.py", line 197, in _get_response
    response = wrapped_callback(request, *callback_args, **callback_kwargs)
               ^^^^^^^^^^^^^^^^^^^^^^^^^^^^^^^^^^^^^^^^^^^^^^^^^^^^^^^^^^^^
  File "/home/snc-cnams-dev8/Pictures/e700/backend/reports/views.py", line 56, in aircraft_pdf
    # "aircraft_role": aircraft_roles.role,
                     ^^^^^^^^^^^^^^^^^^^
AttributeError: 'QuerySet' object has no attribute 'role'
[ERROR] 2025-09-02 09:39:35,739 django.db.backends:35 - SQL queries executed for GET /aircraft/pdf/:(method=- path=-)
[ERROR] 2025-09-02 09:39:35,739 django.db.backends:39 -   (0.001) SELECT "aircraft_masters"."id", "aircraft_masters"."side_no", "aircraft_masters"."aircraft_mark", "aircraft_masters"."customer_id", "aircraft_masters"."aircraft_type_id", "aircraft_masters"."airframe_serial_no", "aircraft_masters"."date_of_acceptance", "aircraft_masters"."date_of_manufacture", "aircraft_masters"."expiry_of_ttl_cal", "aircraft_masters"."date_of_expiry_of_warranty", "aircraft_masters"."basic_weight", "aircraft_masters"."max_auw", "aircraft_masters"."max_landing_weight", "aircraft_masters"."max_combat_load", "aircraft_masters"."max_operating_g_load", "aircraft_masters"."max_fuel_capacity", "aircraft_masters"."max_takeoff_speed", "aircraft_masters"."max_landing_speed", "aircraft_masters"."active_yn", "aircraft_masters"."max_speed", "aircraft_masters"."expiry_of_ttl_hrs", "aircraft_masters"."empty_weight", "aircraft_masters"."airframe_hrs" FROM "aircraft_masters" WHERE "aircraft_masters"."id" = 201710168 LIMIT 21(method=- path=-)
[ERROR] 2025-09-02 09:39:35,739 django.db.backends:39 -   (0.001) SELECT "aircraft_roles"."role" AS "role" FROM "aircraft_roles" WHERE "aircraft_roles"."aircraft_type_id" = 202500005 LIMIT 21(method=- path=-)
[ERROR] 2025-09-02 09:39:35,739 django.db.backends:39 -   (0.001) SELECT "pols"."system_id" AS "system_id", "pols"."description" AS "description", "pols"."nato_code" AS "nato_code", "pols"."substitute_id" AS "substitute_id" FROM "pols" WHERE ("pols"."aircraft_type_id" = 202500005 AND NOT ("pols"."type_of_pol" = 'F' AND "pols"."type_of_pol" IS NOT NULL))(method=- path=-)
[ERROR] 2025-09-02 09:39:35,739 django.db.backends:39 -   (0.001) SELECT "systems"."id" AS "id", "systems"."system" AS "system" FROM "systems" WHERE "systems"."id" IN (202500028, 202500029, 202500030, 202500031, 202500032)(method=- path=-)
[ERROR] 2025-09-02 09:39:35,739 django.db.backends:39 -   (0.001) SELECT "aircraft_types"."id", "aircraft_types"."ac_type", "aircraft_types"."aircraft_name", "aircraft_types"."no_of_ecu", "aircraft_types"."ac_sketch", "aircraft_types"."fuel_denomination", "aircraft_types"."speed_denomination", "aircraft_types"."pressure_denomination", "aircraft_types"."weight_denomination", "aircraft_types"."oleo_pressure_main", "aircraft_types"."oleo_pressure_nose" FROM "aircraft_types" WHERE "aircraft_types"."id" = 202500005 LIMIT 21(method=- path=-)
[ERROR] 2025-09-02 09:39:35,739 django.db.backends:39 -   (0.000) SELECT "aircraft_roles"."role" AS "role" FROM "aircraft_roles" WHERE "aircraft_roles"."aircraft_type_id" = 202500005 LIMIT 21(method=- path=-)
[ERROR] 2025-09-02 09:39:35,739 django.db.backends:39 -   (0.001) SELECT "ecu_masters"."location" AS "location", "ecu_masters"."type" AS "type", "ecu_masters"."mark" AS "mark", "ecu_masters"."serial_no" AS "serial_no", "ecu_masters"."date_of_fitment" AS "date_of_fitment" FROM "ecu_masters" WHERE "ecu_masters"."aircraft_master_id" = 201710168 LIMIT 21(method=- path=-)
[ERROR] 2025-09-02 09:39:35,739 django.db.backends:39 -   (0.000) SELECT "pols"."description" AS "description", "pols"."sect_ref" AS "sect_ref", "pols"."nato_code" AS "nato_code" FROM "pols" WHERE ("pols"."aircraft_type_id" = 202500005 AND "pols"."type_of_pol" = 'F') LIMIT 21(method=- path=-)
[ERROR] 2025-09-02 09:39:35,739 django.db.backends:39 -   (0.001) SELECT "tyre_pressures"."ac_condition" AS "ac_condition", "tyre_pressures"."max_main" AS "max_main", "tyre_pressures"."min_main" AS "min_main", "tyre_pressures"."max_nose_tail" AS "max_nose_tail", "tyre_pressures"."min_nose_tail" AS "min_nose_tail" FROM "tyre_pressures" WHERE "tyre_pressures"."aircraft_type_id" = 202500005 LIMIT 21(method=- path=-)
[ERROR] 2025-09-02 09:39:35,739 django.server:213 - "GET /aircraft/pdf/?customer_id=201710168 HTTP/1.1" 500 77379(method=- path=-)
[INFO] 2025-09-02 09:39:36,177 django.utils.autoreload:265 - /home/snc-cnams-dev8/Pictures/e700/backend/reports/views.py changed, reloading.(method=- path=-)
[INFO] 2025-09-02 09:39:36,476 django.utils.autoreload:667 - Watching for file changes with StatReloader(method=- path=-)
[INFO] 2025-09-02 09:39:38,426 django.server:213 - "GET /aircraft/pdf/?customer_id=201710168 HTTP/1.1" 200 16923(method=- path=-)
[INFO] 2025-09-02 09:39:59,196 django.utils.autoreload:265 - /home/snc-cnams-dev8/Pictures/e700/backend/reports/views.py changed, reloading.(method=- path=-)
[INFO] 2025-09-02 09:39:59,520 django.utils.autoreload:667 - Watching for file changes with StatReloader(method=- path=-)
[INFO] 2025-09-02 09:40:01,705 django.server:213 - "GET /aircraft/pdf/?customer_id=201710168 HTTP/1.1" 200 16924(method=- path=-)
[INFO] 2025-09-02 09:40:54,628 django.utils.autoreload:265 - /home/snc-cnams-dev8/Pictures/e700/backend/reports/views.py changed, reloading.(method=- path=-)
[INFO] 2025-09-02 09:40:54,957 django.utils.autoreload:667 - Watching for file changes with StatReloader(method=- path=-)
[INFO] 2025-09-02 09:41:04,150 django.server:213 - "GET /aircraft/pdf/?customer_id=201710168 HTTP/1.1" 200 16923(method=- path=-)
[INFO] 2025-09-02 09:41:08,014 django.server:213 - "GET /aircraft/pdf/?customer_id=201710168 HTTP/1.1" 200 16922(method=- path=-)
[INFO] 2025-09-02 09:41:34,180 django.server:213 - "GET /aircraft/pdf/?customer_id=201710168 HTTP/1.1" 200 16942(method=- path=-)
[INFO] 2025-09-02 09:48:03,120 django.utils.autoreload:265 - /home/snc-cnams-dev8/Pictures/e700/backend/reports/views.py changed, reloading.(method=- path=-)
[INFO] 2025-09-02 09:48:03,430 django.utils.autoreload:667 - Watching for file changes with StatReloader(method=- path=-)
[INFO] 2025-09-02 09:50:10,951 django.utils.autoreload:265 - /home/snc-cnams-dev8/Pictures/e700/backend/reports/views.py changed, reloading.(method=- path=-)
[INFO] 2025-09-02 09:50:11,216 django.utils.autoreload:667 - Watching for file changes with StatReloader(method=- path=-)
[ERROR] 2025-09-02 09:50:15,251 django.request:248 - Internal Server Error: /aircraft/pdf/(method=- path=-)
Traceback (most recent call last):
  File "/home/snc-cnams-dev8/Videos/e700/backend/venv/lib/python3.12/site-packages/django/core/handlers/exception.py", line 55, in inner
    response = get_response(request)
               ^^^^^^^^^^^^^^^^^^^^^
  File "/home/snc-cnams-dev8/Videos/e700/backend/venv/lib/python3.12/site-packages/django/core/handlers/base.py", line 197, in _get_response
    response = wrapped_callback(request, *callback_args, **callback_kwargs)
               ^^^^^^^^^^^^^^^^^^^^^^^^^^^^^^^^^^^^^^^^^^^^^^^^^^^^^^^^^^^^
  File "/home/snc-cnams-dev8/Pictures/e700/backend/reports/views.py", line 20, in aircraft_pdf
    aircraft_roles_lookup = {a[aircraft_type_id]: a["role"] for a in aircraft_roles}
                               ^^^^^^^^^^^^^^^^
NameError: name 'aircraft_type_id' is not defined. Did you mean: 'AircraftTypes'?
[ERROR] 2025-09-02 09:50:15,254 django.db.backends:35 - SQL queries executed for GET /aircraft/pdf/:(method=- path=-)
[ERROR] 2025-09-02 09:50:15,254 django.db.backends:39 -   (0.001) SELECT "aircraft_masters"."id", "aircraft_masters"."side_no", "aircraft_masters"."aircraft_mark", "aircraft_masters"."customer_id", "aircraft_masters"."aircraft_type_id", "aircraft_masters"."airframe_serial_no", "aircraft_masters"."date_of_acceptance", "aircraft_masters"."date_of_manufacture", "aircraft_masters"."expiry_of_ttl_cal", "aircraft_masters"."date_of_expiry_of_warranty", "aircraft_masters"."basic_weight", "aircraft_masters"."max_auw", "aircraft_masters"."max_landing_weight", "aircraft_masters"."max_combat_load", "aircraft_masters"."max_operating_g_load", "aircraft_masters"."max_fuel_capacity", "aircraft_masters"."max_takeoff_speed", "aircraft_masters"."max_landing_speed", "aircraft_masters"."active_yn", "aircraft_masters"."max_speed", "aircraft_masters"."expiry_of_ttl_hrs", "aircraft_masters"."empty_weight", "aircraft_masters"."airframe_hrs" FROM "aircraft_masters" WHERE "aircraft_masters"."id" = 201710168 LIMIT 21(method=- path=-)
[ERROR] 2025-09-02 09:50:15,254 django.db.backends:39 -   (0.001) SELECT "aircraft_roles"."aircraft_type_id" AS "aircraft_type_id", "aircraft_roles"."role" AS "role" FROM "aircraft_roles" WHERE "aircraft_roles"."aircraft_type_id" = 202500005(method=- path=-)
[ERROR] 2025-09-02 09:50:15,254 django.server:213 - "GET /aircraft/pdf/?customer_id=201710168 HTTP/1.1" 500 72610(method=- path=-)
[INFO] 2025-09-02 09:50:53,282 django.utils.autoreload:265 - /home/snc-cnams-dev8/Pictures/e700/backend/reports/views.py changed, reloading.(method=- path=-)
[INFO] 2025-09-02 09:50:53,585 django.utils.autoreload:667 - Watching for file changes with StatReloader(method=- path=-)
[ERROR] 2025-09-02 09:50:57,237 django.request:248 - Internal Server Error: /aircraft/pdf/(method=- path=-)
Traceback (most recent call last):
  File "/home/snc-cnams-dev8/Videos/e700/backend/venv/lib/python3.12/site-packages/django/core/handlers/exception.py", line 55, in inner
    response = get_response(request)
               ^^^^^^^^^^^^^^^^^^^^^
  File "/home/snc-cnams-dev8/Videos/e700/backend/venv/lib/python3.12/site-packages/django/core/handlers/base.py", line 197, in _get_response
    response = wrapped_callback(request, *callback_args, **callback_kwargs)
               ^^^^^^^^^^^^^^^^^^^^^^^^^^^^^^^^^^^^^^^^^^^^^^^^^^^^^^^^^^^^
  File "/home/snc-cnams-dev8/Pictures/e700/backend/reports/views.py", line 20, in aircraft_pdf
    aircraft_roles_lookup = {a[aircraft_types]: a["role"] for a in aircraft_roles}
                               ^^^^^^^^^^^^^^
NameError: name 'aircraft_types' is not defined. Did you mean: 'AircraftTypes'?
[ERROR] 2025-09-02 09:50:57,238 django.db.backends:35 - SQL queries executed for GET /aircraft/pdf/:(method=- path=-)
[ERROR] 2025-09-02 09:50:57,238 django.db.backends:39 -   (0.001) SELECT "aircraft_masters"."id", "aircraft_masters"."side_no", "aircraft_masters"."aircraft_mark", "aircraft_masters"."customer_id", "aircraft_masters"."aircraft_type_id", "aircraft_masters"."airframe_serial_no", "aircraft_masters"."date_of_acceptance", "aircraft_masters"."date_of_manufacture", "aircraft_masters"."expiry_of_ttl_cal", "aircraft_masters"."date_of_expiry_of_warranty", "aircraft_masters"."basic_weight", "aircraft_masters"."max_auw", "aircraft_masters"."max_landing_weight", "aircraft_masters"."max_combat_load", "aircraft_masters"."max_operating_g_load", "aircraft_masters"."max_fuel_capacity", "aircraft_masters"."max_takeoff_speed", "aircraft_masters"."max_landing_speed", "aircraft_masters"."active_yn", "aircraft_masters"."max_speed", "aircraft_masters"."expiry_of_ttl_hrs", "aircraft_masters"."empty_weight", "aircraft_masters"."airframe_hrs" FROM "aircraft_masters" WHERE "aircraft_masters"."id" = 201710168 LIMIT 21(method=- path=-)
[ERROR] 2025-09-02 09:50:57,238 django.db.backends:39 -   (0.001) SELECT "aircraft_roles"."aircraft_type_id" AS "aircraft_type_id", "aircraft_roles"."role" AS "role" FROM "aircraft_roles" WHERE "aircraft_roles"."aircraft_type_id" = 202500005(method=- path=-)
[ERROR] 2025-09-02 09:50:57,239 django.server:213 - "GET /aircraft/pdf/?customer_id=201710168 HTTP/1.1" 500 72594(method=- path=-)
[INFO] 2025-09-02 09:51:10,245 django.utils.autoreload:265 - /home/snc-cnams-dev8/Pictures/e700/backend/reports/views.py changed, reloading.(method=- path=-)
[INFO] 2025-09-02 09:51:10,552 django.utils.autoreload:667 - Watching for file changes with StatReloader(method=- path=-)
[ERROR] 2025-09-02 09:51:13,857 django.request:248 - Internal Server Error: /aircraft/pdf/(method=- path=-)
Traceback (most recent call last):
  File "/home/snc-cnams-dev8/Videos/e700/backend/venv/lib/python3.12/site-packages/django/core/handlers/exception.py", line 55, in inner
    response = get_response(request)
               ^^^^^^^^^^^^^^^^^^^^^
  File "/home/snc-cnams-dev8/Videos/e700/backend/venv/lib/python3.12/site-packages/django/core/handlers/base.py", line 197, in _get_response
    response = wrapped_callback(request, *callback_args, **callback_kwargs)
               ^^^^^^^^^^^^^^^^^^^^^^^^^^^^^^^^^^^^^^^^^^^^^^^^^^^^^^^^^^^^
  File "/home/snc-cnams-dev8/Pictures/e700/backend/reports/views.py", line 20, in aircraft_pdf
    aircraft_roles_lookup = {a[AircraftTypes]: a["role"] for a in aircraft_roles}
                             ~^^^^^^^^^^^^^^^
KeyError: <class 'userprofile.models.aircraft_types.AircraftTypes'>
[ERROR] 2025-09-02 09:51:13,858 django.db.backends:35 - SQL queries executed for GET /aircraft/pdf/:(method=- path=-)
[ERROR] 2025-09-02 09:51:13,858 django.db.backends:39 -   (0.001) SELECT "aircraft_masters"."id", "aircraft_masters"."side_no", "aircraft_masters"."aircraft_mark", "aircraft_masters"."customer_id", "aircraft_masters"."aircraft_type_id", "aircraft_masters"."airframe_serial_no", "aircraft_masters"."date_of_acceptance", "aircraft_masters"."date_of_manufacture", "aircraft_masters"."expiry_of_ttl_cal", "aircraft_masters"."date_of_expiry_of_warranty", "aircraft_masters"."basic_weight", "aircraft_masters"."max_auw", "aircraft_masters"."max_landing_weight", "aircraft_masters"."max_combat_load", "aircraft_masters"."max_operating_g_load", "aircraft_masters"."max_fuel_capacity", "aircraft_masters"."max_takeoff_speed", "aircraft_masters"."max_landing_speed", "aircraft_masters"."active_yn", "aircraft_masters"."max_speed", "aircraft_masters"."expiry_of_ttl_hrs", "aircraft_masters"."empty_weight", "aircraft_masters"."airframe_hrs" FROM "aircraft_masters" WHERE "aircraft_masters"."id" = 201710168 LIMIT 21(method=- path=-)
[ERROR] 2025-09-02 09:51:13,858 django.db.backends:39 -   (0.001) SELECT "aircraft_roles"."aircraft_type_id" AS "aircraft_type_id", "aircraft_roles"."role" AS "role" FROM "aircraft_roles" WHERE "aircraft_roles"."aircraft_type_id" = 202500005(method=- path=-)
[ERROR] 2025-09-02 09:51:13,859 django.server:213 - "GET /aircraft/pdf/?customer_id=201710168 HTTP/1.1" 500 72682(method=- path=-)
[INFO] 2025-09-02 09:53:46,371 django.utils.autoreload:265 - /home/snc-cnams-dev8/Pictures/e700/backend/reports/views.py changed, reloading.(method=- path=-)
[INFO] 2025-09-02 09:53:46,683 django.utils.autoreload:667 - Watching for file changes with StatReloader(method=- path=-)
[ERROR] 2025-09-02 09:53:51,360 django.request:248 - Internal Server Error: /aircraft/pdf/(method=- path=-)
Traceback (most recent call last):
  File "/home/snc-cnams-dev8/Videos/e700/backend/venv/lib/python3.12/site-packages/django/core/handlers/exception.py", line 55, in inner
    response = get_response(request)
               ^^^^^^^^^^^^^^^^^^^^^
  File "/home/snc-cnams-dev8/Videos/e700/backend/venv/lib/python3.12/site-packages/django/core/handlers/base.py", line 197, in _get_response
    response = wrapped_callback(request, *callback_args, **callback_kwargs)
               ^^^^^^^^^^^^^^^^^^^^^^^^^^^^^^^^^^^^^^^^^^^^^^^^^^^^^^^^^^^^
  File "/home/snc-cnams-dev8/Pictures/e700/backend/reports/views.py", line 21, in aircraft_pdf
    for row in data : row["role"] = aircraft_roles.role
                                    ^^^^^^^^^^^^^^^^^^^
AttributeError: 'QuerySet' object has no attribute 'role'
[ERROR] 2025-09-02 09:53:51,360 django.db.backends:35 - SQL queries executed for GET /aircraft/pdf/:(method=- path=-)
[ERROR] 2025-09-02 09:53:51,360 django.db.backends:39 -   (0.001) SELECT "aircraft_masters"."id", "aircraft_masters"."side_no", "aircraft_masters"."aircraft_mark", "aircraft_masters"."customer_id", "aircraft_masters"."aircraft_type_id", "aircraft_masters"."airframe_serial_no", "aircraft_masters"."date_of_acceptance", "aircraft_masters"."date_of_manufacture", "aircraft_masters"."expiry_of_ttl_cal", "aircraft_masters"."date_of_expiry_of_warranty", "aircraft_masters"."basic_weight", "aircraft_masters"."max_auw", "aircraft_masters"."max_landing_weight", "aircraft_masters"."max_combat_load", "aircraft_masters"."max_operating_g_load", "aircraft_masters"."max_fuel_capacity", "aircraft_masters"."max_takeoff_speed", "aircraft_masters"."max_landing_speed", "aircraft_masters"."active_yn", "aircraft_masters"."max_speed", "aircraft_masters"."expiry_of_ttl_hrs", "aircraft_masters"."empty_weight", "aircraft_masters"."airframe_hrs" FROM "aircraft_masters" WHERE "aircraft_masters"."id" = 201710168 LIMIT 21(method=- path=-)
[ERROR] 2025-09-02 09:53:51,360 django.db.backends:39 -   (0.001) SELECT "aircraft_roles"."role" AS "role" FROM "aircraft_roles" WHERE "aircraft_roles"."aircraft_type_id" = 202500005 LIMIT 21(method=- path=-)
[ERROR] 2025-09-02 09:53:51,361 django.server:213 - "GET /aircraft/pdf/?customer_id=201710168 HTTP/1.1" 500 72814(method=- path=-)
[INFO] 2025-09-02 09:54:08,505 django.utils.autoreload:265 - /home/snc-cnams-dev8/Pictures/e700/backend/reports/views.py changed, reloading.(method=- path=-)
[INFO] 2025-09-02 09:54:08,811 django.utils.autoreload:667 - Watching for file changes with StatReloader(method=- path=-)
[INFO] 2025-09-02 09:54:11,955 django.server:213 - "GET /aircraft/pdf/?customer_id=201710168 HTTP/1.1" 200 16924(method=- path=-)
[INFO] 2025-09-02 09:56:35,152 django.utils.autoreload:265 - /home/snc-cnams-dev8/Pictures/e700/backend/reports/views.py changed, reloading.(method=- path=-)
[INFO] 2025-09-02 09:56:35,453 django.utils.autoreload:667 - Watching for file changes with StatReloader(method=- path=-)
[ERROR] 2025-09-02 09:56:43,863 django.request:248 - Internal Server Error: /aircraft/pdf/(method=- path=-)
Traceback (most recent call last):
  File "/home/snc-cnams-dev8/Videos/e700/backend/venv/lib/python3.12/site-packages/django/core/handlers/exception.py", line 55, in inner
    response = get_response(request)
               ^^^^^^^^^^^^^^^^^^^^^
  File "/home/snc-cnams-dev8/Videos/e700/backend/venv/lib/python3.12/site-packages/django/core/handlers/base.py", line 197, in _get_response
    response = wrapped_callback(request, *callback_args, **callback_kwargs)
               ^^^^^^^^^^^^^^^^^^^^^^^^^^^^^^^^^^^^^^^^^^^^^^^^^^^^^^^^^^^^
  File "/home/snc-cnams-dev8/Pictures/e700/backend/reports/views.py", line 18, in aircraft_pdf
    aircraft_roles = AircraftRoles.objects.filter(aircraft_type_id=data["aircraft_type"]).role
                     ^^^^^^^^^^^^^^^^^^^^^^^^^^^^^^^^^^^^^^^^^^^^^^^^^^^^^^^^^^^^^^^^^^^^^^^^^
AttributeError: 'QuerySet' object has no attribute 'role'
[ERROR] 2025-09-02 09:56:43,864 django.db.backends:35 - SQL queries executed for GET /aircraft/pdf/:(method=- path=-)
[ERROR] 2025-09-02 09:56:43,864 django.db.backends:39 -   (0.001) SELECT "aircraft_masters"."id", "aircraft_masters"."side_no", "aircraft_masters"."aircraft_mark", "aircraft_masters"."customer_id", "aircraft_masters"."aircraft_type_id", "aircraft_masters"."airframe_serial_no", "aircraft_masters"."date_of_acceptance", "aircraft_masters"."date_of_manufacture", "aircraft_masters"."expiry_of_ttl_cal", "aircraft_masters"."date_of_expiry_of_warranty", "aircraft_masters"."basic_weight", "aircraft_masters"."max_auw", "aircraft_masters"."max_landing_weight", "aircraft_masters"."max_combat_load", "aircraft_masters"."max_operating_g_load", "aircraft_masters"."max_fuel_capacity", "aircraft_masters"."max_takeoff_speed", "aircraft_masters"."max_landing_speed", "aircraft_masters"."active_yn", "aircraft_masters"."max_speed", "aircraft_masters"."expiry_of_ttl_hrs", "aircraft_masters"."empty_weight", "aircraft_masters"."airframe_hrs" FROM "aircraft_masters" WHERE "aircraft_masters"."id" = 201710168 LIMIT 21(method=- path=-)
[ERROR] 2025-09-02 09:56:43,865 django.server:213 - "GET /aircraft/pdf/?customer_id=201710168 HTTP/1.1" 500 72396(method=- path=-)
[INFO] 2025-09-02 09:57:09,420 django.utils.autoreload:265 - /home/snc-cnams-dev8/Pictures/e700/backend/reports/views.py changed, reloading.(method=- path=-)
[INFO] 2025-09-02 09:57:09,718 django.utils.autoreload:667 - Watching for file changes with StatReloader(method=- path=-)
[ERROR] 2025-09-02 09:57:11,983 django.request:248 - Internal Server Error: /aircraft/pdf/(method=- path=-)
Traceback (most recent call last):
  File "/home/snc-cnams-dev8/Videos/e700/backend/venv/lib/python3.12/site-packages/django/core/handlers/exception.py", line 55, in inner
    response = get_response(request)
               ^^^^^^^^^^^^^^^^^^^^^
  File "/home/snc-cnams-dev8/Videos/e700/backend/venv/lib/python3.12/site-packages/django/core/handlers/base.py", line 197, in _get_response
    response = wrapped_callback(request, *callback_args, **callback_kwargs)
               ^^^^^^^^^^^^^^^^^^^^^^^^^^^^^^^^^^^^^^^^^^^^^^^^^^^^^^^^^^^^
  File "/home/snc-cnams-dev8/Pictures/e700/backend/reports/views.py", line 18, in aircraft_pdf
    aircraft_roles = AircraftRoles.objects.filter(aircraft_type_id=data["aircraft_type"]).role
                     ^^^^^^^^^^^^^^^^^^^^^^^^^^^^^^^^^^^^^^^^^^^^^^^^^^^^^^^^^^^^^^^^^^^^^^^^^
AttributeError: 'QuerySet' object has no attribute 'role'
[ERROR] 2025-09-02 09:57:11,984 django.db.backends:35 - SQL queries executed for GET /aircraft/pdf/:(method=- path=-)
[ERROR] 2025-09-02 09:57:11,984 django.db.backends:39 -   (0.001) SELECT "aircraft_masters"."id", "aircraft_masters"."side_no", "aircraft_masters"."aircraft_mark", "aircraft_masters"."customer_id", "aircraft_masters"."aircraft_type_id", "aircraft_masters"."airframe_serial_no", "aircraft_masters"."date_of_acceptance", "aircraft_masters"."date_of_manufacture", "aircraft_masters"."expiry_of_ttl_cal", "aircraft_masters"."date_of_expiry_of_warranty", "aircraft_masters"."basic_weight", "aircraft_masters"."max_auw", "aircraft_masters"."max_landing_weight", "aircraft_masters"."max_combat_load", "aircraft_masters"."max_operating_g_load", "aircraft_masters"."max_fuel_capacity", "aircraft_masters"."max_takeoff_speed", "aircraft_masters"."max_landing_speed", "aircraft_masters"."active_yn", "aircraft_masters"."max_speed", "aircraft_masters"."expiry_of_ttl_hrs", "aircraft_masters"."empty_weight", "aircraft_masters"."airframe_hrs" FROM "aircraft_masters" WHERE "aircraft_masters"."id" = 201710168 LIMIT 21(method=- path=-)
[ERROR] 2025-09-02 09:57:11,985 django.server:213 - "GET /aircraft/pdf/?customer_id=201710168 HTTP/1.1" 500 72396(method=- path=-)
[INFO] 2025-09-02 09:58:08,925 django.utils.autoreload:265 - /home/snc-cnams-dev8/Pictures/e700/backend/reports/views.py changed, reloading.(method=- path=-)
[INFO] 2025-09-02 09:58:09,232 django.utils.autoreload:667 - Watching for file changes with StatReloader(method=- path=-)
[INFO] 2025-09-02 09:58:11,530 django.server:213 - "GET /aircraft/pdf/?customer_id=201710168 HTTP/1.1" 200 16922(method=- path=-)
[INFO] 2025-09-02 09:58:53,190 django.utils.autoreload:265 - /home/snc-cnams-dev8/Pictures/e700/backend/reports/views.py changed, reloading.(method=- path=-)
[INFO] 2025-09-02 09:58:53,486 django.utils.autoreload:667 - Watching for file changes with StatReloader(method=- path=-)
[INFO] 2025-09-02 09:59:24,767 django.server:213 - "GET /aircraft/pdf/?customer_id=201710168 HTTP/1.1" 200 16922(method=- path=-)
[INFO] 2025-09-02 10:03:14,177 django.server:213 - "GET /aircraft/pdf/?customer_id=201710168 HTTP/1.1" 200 16932(method=- path=-)
[INFO] 2025-09-02 10:03:55,966 django.server:213 - "GET /aircraft/pdf/?customer_id=201710168 HTTP/1.1" 200 16923(method=- path=-)
[INFO] 2025-09-02 10:04:26,183 django.utils.autoreload:265 - /home/snc-cnams-dev8/Pictures/e700/backend/reports/views.py changed, reloading.(method=- path=-)
[INFO] 2025-09-02 10:04:26,471 django.utils.autoreload:667 - Watching for file changes with StatReloader(method=- path=-)
[INFO] 2025-09-02 10:04:40,662 django.server:213 - "GET /aircraft/pdf/?customer_id=201710168 HTTP/1.1" 200 16924(method=- path=-)
[INFO] 2025-09-02 10:05:24,661 django.utils.autoreload:265 - /home/snc-cnams-dev8/Pictures/e700/backend/reports/views.py changed, reloading.(method=- path=-)
[INFO] 2025-09-02 10:05:24,950 django.utils.autoreload:667 - Watching for file changes with StatReloader(method=- path=-)
[INFO] 2025-09-02 10:07:36,275 django.utils.autoreload:265 - /home/snc-cnams-dev8/Pictures/e700/backend/reports/views.py changed, reloading.(method=- path=-)
[INFO] 2025-09-02 10:07:36,540 django.utils.autoreload:667 - Watching for file changes with StatReloader(method=- path=-)
[INFO] 2025-09-02 10:08:06,285 django.utils.autoreload:265 - /home/snc-cnams-dev8/Pictures/e700/backend/reports/views.py changed, reloading.(method=- path=-)
[INFO] 2025-09-02 10:08:06,566 django.utils.autoreload:667 - Watching for file changes with StatReloader(method=- path=-)
[INFO] 2025-09-02 10:08:27,919 django.server:213 - "GET /aircraft/pdf/?customer_id=201710168 HTTP/1.1" 200 17113(method=- path=-)
[INFO] 2025-09-03 03:41:13,440 django.utils.autoreload:667 - Watching for file changes with StatReloader(method=- path=-)
[WARNING] 2025-09-03 03:41:52,284 django.server:213 - "GET /user-profile/ HTTP/1.1" 401 46(method=- path=-)
[INFO] 2025-09-03 03:41:52,284 django.server:213 - "GET /api/params/get/ HTTP/1.1" 200 14(method=- path=-)
[WARNING] 2025-09-03 03:41:52,285 django.server:213 - "GET /user-profile/ HTTP/1.1" 401 46(method=- path=-)
[INFO] 2025-09-03 03:41:52,285 django.server:213 - "GET /api/params/get/ HTTP/1.1" 200 14(method=- path=-)
[INFO] 2025-09-03 03:41:58,866 django.server:213 - "GET /csrf/ HTTP/1.1" 200 47(method=- path=-)
[INFO] 2025-09-03 03:41:58,870 django.server:213 - "GET /csrf/ HTTP/1.1" 200 47(method=- path=-)
[INFO] 2025-09-03 03:42:02,302 django.server:213 - "OPTIONS /login/ HTTP/1.1" 200 0(method=- path=-)
[INFO] 2025-09-03 03:42:02,740 django.server:213 - "POST /login/ HTTP/1.1" 200 177(method=- path=-)
[INFO] 2025-09-03 03:42:03,046 django.server:213 - "GET /api/aircraft-type-details HTTP/1.1" 200 4335(method=- path=-)
[INFO] 2025-09-03 03:42:03,124 django.server:213 - "GET /api/aircraft_masters/?include=aircraft_type HTTP/1.1" 200 294064(method=- path=-)
[INFO] 2025-09-03 03:42:03,474 django.server:213 - "GET /api/aircraft-type-details HTTP/1.1" 200 4335(method=- path=-)
[INFO] 2025-09-03 03:42:03,792 django.server:213 - "GET /api/aircraft_masters/?include=aircraft_type HTTP/1.1" 200 294064(method=- path=-)
[INFO] 2025-09-03 10:21:19,050 django.utils.autoreload:265 - /home/snc-cnams-dev8/Pictures/e700/backend/reports/views.py changed, reloading.(method=- path=-)
[INFO] 2025-09-03 10:21:19,432 django.utils.autoreload:667 - Watching for file changes with StatReloader(method=- path=-)
[INFO] 2025-09-03 10:22:11,533 django.utils.autoreload:265 - /home/snc-cnams-dev8/Pictures/e700/backend/reports/urls.py changed, reloading.(method=- path=-)
[INFO] 2025-09-03 10:22:11,870 django.utils.autoreload:667 - Watching for file changes with StatReloader(method=- path=-)
[INFO] 2025-09-03 10:23:22,095 django.utils.autoreload:265 - /home/snc-cnams-dev8/Pictures/e700/backend/reports/urls.py changed, reloading.(method=- path=-)
[INFO] 2025-09-03 10:23:22,414 django.utils.autoreload:667 - Watching for file changes with StatReloader(method=- path=-)
[INFO] 2025-09-03 10:24:13,469 django.server:213 - "GET /api/aircraft-details/202500005 HTTP/1.1" 200 22566(method=- path=-)
[INFO] 2025-09-03 10:24:16,195 django.server:213 - "POST /api/params/set/ HTTP/1.1" 200 95(method=- path=-)
[INFO] 2025-09-03 10:24:18,229 django.server:213 - "GET /api/customers/ HTTP/1.1" 200 410758(method=- path=-)
[INFO] 2025-09-03 10:24:18,449 django.server:213 - "GET /api/customers/ HTTP/1.1" 200 410758(method=- path=-)
[ERROR] 2025-09-03 10:25:57,908 django.db.backends:35 - SQL queries executed for GET /user-profile/:(method=- path=-)
[ERROR] 2025-09-03 10:25:57,908 django.db.backends:39 -   (0.002) SELECT "django_session"."session_key", "django_session"."session_data", "django_session"."expire_date" FROM "django_session" WHERE ("django_session"."expire_date" > '2025-09-03T10:25:57.838593+00:00'::timestamptz AND "django_session"."session_key" = 'rzqfpwyo6pqo58lz5cwt2cvw5i9axwkp') LIMIT 21(method=- path=-)
[WARNING] 2025-09-03 10:25:57,918 django.server:213 - "GET /user-profile/ HTTP/1.1" 401 46(method=- path=-)
[ERROR] 2025-09-03 10:25:57,926 django.db.backends:35 - SQL queries executed for GET /user-profile/:(method=- path=-)
[ERROR] 2025-09-03 10:25:57,927 django.db.backends:39 -   (0.002) SELECT "django_session"."session_key", "django_session"."session_data", "django_session"."expire_date" FROM "django_session" WHERE ("django_session"."expire_date" > '2025-09-03T10:25:57.839561+00:00'::timestamptz AND "django_session"."session_key" = 'rzqfpwyo6pqo58lz5cwt2cvw5i9axwkp') LIMIT 21(method=- path=-)
[WARNING] 2025-09-03 10:25:57,947 django.server:213 - "GET /user-profile/ HTTP/1.1" 401 46(method=- path=-)
[INFO] 2025-09-03 10:25:57,950 django.server:213 - "GET /api/params/get/ HTTP/1.1" 200 76(method=- path=-)
[INFO] 2025-09-03 10:25:58,045 django.server:213 - "GET /api/params/get/ HTTP/1.1" 200 76(method=- path=-)
[INFO] 2025-09-03 10:25:58,062 django.server:213 - "GET /csrf/ HTTP/1.1" 200 47(method=- path=-)
[INFO] 2025-09-03 10:25:58,079 django.server:213 - "GET /csrf/ HTTP/1.1" 200 47(method=- path=-)
[INFO] 2025-09-03 10:26:01,078 django.server:213 - "POST /login/ HTTP/1.1" 200 177(method=- path=-)
[INFO] 2025-09-03 10:26:01,211 django.server:213 - "GET /api/aircraft_masters/201710168/?include=aircraft_type HTTP/1.1" 200 851(method=- path=-)
[INFO] 2025-09-03 10:26:01,273 django.server:213 - "GET /api/aircraft-type-details HTTP/1.1" 200 4335(method=- path=-)
[INFO] 2025-09-03 10:26:01,279 django.server:213 - "GET /api/aircraft-type-details HTTP/1.1" 200 4335(method=- path=-)
[INFO] 2025-09-03 10:26:01,307 django.server:213 - "GET /api/aircraft_masters/201710168/?include=aircraft_type HTTP/1.1" 200 851(method=- path=-)
[INFO] 2025-09-03 10:26:03,463 django.server:213 - "GET /api/aircraft-details/202500005 HTTP/1.1" 200 22566(method=- path=-)
[INFO] 2025-09-03 10:26:06,484 django.server:213 - "POST /api/params/set/ HTTP/1.1" 200 95(method=- path=-)
[INFO] 2025-09-03 10:26:08,027 django.server:213 - "GET /api/customers/ HTTP/1.1" 200 410758(method=- path=-)
[INFO] 2025-09-03 10:26:08,114 django.server:213 - "GET /api/customers/ HTTP/1.1" 200 410758(method=- path=-)
[ERROR] 2025-09-03 10:26:10,814 django.request:248 - Internal Server Error: /booklet_pdf/pdf/(method=- path=-)
Traceback (most recent call last):
  File "/home/snc-cnams-dev8/Videos/e700/backend/venv/lib/python3.12/site-packages/django/core/handlers/exception.py", line 55, in inner
    response = get_response(request)
               ^^^^^^^^^^^^^^^^^^^^^
  File "/home/snc-cnams-dev8/Videos/e700/backend/venv/lib/python3.12/site-packages/django/core/handlers/base.py", line 197, in _get_response
    response = wrapped_callback(request, *callback_args, **callback_kwargs)
               ^^^^^^^^^^^^^^^^^^^^^^^^^^^^^^^^^^^^^^^^^^^^^^^^^^^^^^^^^^^^
  File "/home/snc-cnams-dev8/Pictures/e700/backend/reports/views.py", line 25, in booklet_pdf
    html_string = render_to_string("reports/part5.html", {"entries": entries})
                  ^^^^^^^^^^^^^^^^^^^^^^^^^^^^^^^^^^^^^^^^^^^^^^^^^^^^^^^^^^^^
  File "/home/snc-cnams-dev8/Videos/e700/backend/venv/lib/python3.12/site-packages/django/template/loader.py", line 61, in render_to_string
    template = get_template(template_name, using=using)
               ^^^^^^^^^^^^^^^^^^^^^^^^^^^^^^^^^^^^^^^^
  File "/home/snc-cnams-dev8/Videos/e700/backend/venv/lib/python3.12/site-packages/django/template/loader.py", line 19, in get_template
    raise TemplateDoesNotExist(template_name, chain=chain)
django.template.exceptions.TemplateDoesNotExist: reports/part5.html
[ERROR] 2025-09-03 10:26:10,815 django.server:213 - "GET /booklet_pdf/pdf/?customer_id=201710168 HTTP/1.1" 500 82773(method=- path=-)
[INFO] 2025-09-03 10:27:52,349 django.utils.autoreload:265 - /home/snc-cnams-dev8/Pictures/e700/backend/reports/views.py changed, reloading.(method=- path=-)
[INFO] 2025-09-03 10:27:52,667 django.utils.autoreload:667 - Watching for file changes with StatReloader(method=- path=-)
[ERROR] 2025-09-03 10:27:55,035 django.request:248 - Internal Server Error: /booklet_pdf/pdf/(method=- path=-)
Traceback (most recent call last):
  File "/home/snc-cnams-dev8/Videos/e700/backend/venv/lib/python3.12/site-packages/django/core/handlers/exception.py", line 55, in inner
    response = get_response(request)
               ^^^^^^^^^^^^^^^^^^^^^
  File "/home/snc-cnams-dev8/Videos/e700/backend/venv/lib/python3.12/site-packages/django/core/handlers/base.py", line 197, in _get_response
    response = wrapped_callback(request, *callback_args, **callback_kwargs)
               ^^^^^^^^^^^^^^^^^^^^^^^^^^^^^^^^^^^^^^^^^^^^^^^^^^^^^^^^^^^^
  File "/home/snc-cnams-dev8/Pictures/e700/backend/reports/views.py", line 26, in booklet_pdf
    response = HttpResponse(pdf_file, content_type="application/pdf")
                            ^^^^^^^^
NameError: name 'pdf_file' is not defined
[ERROR] 2025-09-03 10:27:55,037 django.server:213 - "GET /booklet_pdf/pdf/?customer_id=201710168 HTTP/1.1" 500 74577(method=- path=-)
[INFO] 2025-09-03 10:30:51,207 django.utils.autoreload:265 - /home/snc-cnams-dev8/Pictures/e700/backend/reports/views.py changed, reloading.(method=- path=-)
[INFO] 2025-09-03 10:30:51,511 django.utils.autoreload:667 - Watching for file changes with StatReloader(method=- path=-)
[ERROR] 2025-09-03 10:30:54,706 django.request:248 - Internal Server Error: /booklet_pdf/pdf/(method=- path=-)
Traceback (most recent call last):
  File "/home/snc-cnams-dev8/Videos/e700/backend/venv/lib/python3.12/site-packages/django/core/handlers/exception.py", line 55, in inner
    response = get_response(request)
               ^^^^^^^^^^^^^^^^^^^^^
  File "/home/snc-cnams-dev8/Videos/e700/backend/venv/lib/python3.12/site-packages/django/core/handlers/base.py", line 197, in _get_response
    response = wrapped_callback(request, *callback_args, **callback_kwargs)
               ^^^^^^^^^^^^^^^^^^^^^^^^^^^^^^^^^^^^^^^^^^^^^^^^^^^^^^^^^^^^
  File "/home/snc-cnams-dev8/Pictures/e700/backend/reports/views.py", line 24, in booklet_pdf
    html_string = render_to_string("part5.html", context)
                                                 ^^^^^^^
NameError: name 'context' is not defined
[ERROR] 2025-09-03 10:30:54,708 django.server:213 - "GET /booklet_pdf/pdf/?customer_id=201710168 HTTP/1.1" 500 70921(method=- path=-)
[INFO] 2025-09-03 10:31:24,482 django.utils.autoreload:265 - /home/snc-cnams-dev8/Pictures/e700/backend/reports/views.py changed, reloading.(method=- path=-)
[INFO] 2025-09-03 10:31:24,793 django.utils.autoreload:667 - Watching for file changes with StatReloader(method=- path=-)
[INFO] 2025-09-03 10:31:26,981 django.server:213 - "GET /booklet_pdf/pdf/?customer_id=201710168 HTTP/1.1" 200 9248(method=- path=-)
[INFO] 2025-09-03 10:34:47,628 django.utils.autoreload:265 - /home/snc-cnams-dev8/Pictures/e700/backend/reports/views.py changed, reloading.(method=- path=-)
[INFO] 2025-09-03 10:34:47,928 django.utils.autoreload:667 - Watching for file changes with StatReloader(method=- path=-)
[INFO] 2025-09-03 10:34:50,982 django.server:213 - "GET /booklet_pdf/pdf/?customer_id=201710168 HTTP/1.1" 200 9246(method=- path=-)
[INFO] 2025-09-03 10:35:25,969 django.utils.autoreload:265 - /home/snc-cnams-dev8/Pictures/e700/backend/reports/views.py changed, reloading.(method=- path=-)
[INFO] 2025-09-03 10:35:26,271 django.utils.autoreload:667 - Watching for file changes with StatReloader(method=- path=-)
[INFO] 2025-09-03 10:35:28,282 django.server:213 - "GET /booklet_pdf/pdf/?customer_id=201710168 HTTP/1.1" 200 9243(method=- path=-)
[INFO] 2025-09-03 10:35:51,014 django.utils.autoreload:265 - /home/snc-cnams-dev8/Pictures/e700/backend/reports/views.py changed, reloading.(method=- path=-)
[INFO] 2025-09-03 10:35:51,319 django.utils.autoreload:667 - Watching for file changes with StatReloader(method=- path=-)
[INFO] 2025-09-03 10:35:53,590 django.server:213 - "GET /booklet_pdf/pdf/?customer_id=201710168 HTTP/1.1" 200 9248(method=- path=-)
[INFO] 2025-09-20 05:38:47,985 django.utils.autoreload:667 - Watching for file changes with StatReloader(method=- path=-)
[WARNING] 2025-09-20 05:39:13,471 django.server:213 - "GET /user-profile/ HTTP/1.1" 401 46(method=- path=-)
[INFO] 2025-09-20 05:39:13,471 django.server:213 - "GET /api/params/get/ HTTP/1.1" 200 14(method=- path=-)
[WARNING] 2025-09-20 05:39:13,472 django.server:213 - "GET /user-profile/ HTTP/1.1" 401 46(method=- path=-)
[INFO] 2025-09-20 05:39:13,839 django.server:213 - "GET /api/params/get/ HTTP/1.1" 200 14(method=- path=-)
[INFO] 2025-09-20 05:39:16,443 django.server:213 - "GET /csrf/ HTTP/1.1" 200 47(method=- path=-)
[INFO] 2025-09-20 05:39:16,444 django.server:213 - "GET /csrf/ HTTP/1.1" 200 47(method=- path=-)
[INFO] 2025-09-20 05:39:18,575 django.server:213 - "OPTIONS /login/ HTTP/1.1" 200 0(method=- path=-)
[INFO] 2025-09-20 05:39:18,903 django.server:213 - "POST /login/ HTTP/1.1" 200 177(method=- path=-)
[INFO] 2025-09-20 05:39:19,197 django.server:213 - "GET /api/aircraft-type-details HTTP/1.1" 200 4335(method=- path=-)
[INFO] 2025-09-20 05:39:19,257 django.server:213 - "GET /api/aircraft-type-details HTTP/1.1" 200 4335(method=- path=-)
[INFO] 2025-09-20 05:39:19,402 django.server:213 - "GET /api/aircraft_masters/?include=aircraft_type HTTP/1.1" 200 294065(method=- path=-)
[INFO] 2025-09-20 05:39:19,934 django.server:213 - "GET /api/aircraft_masters/?include=aircraft_type HTTP/1.1" 200 294065(method=- path=-)
[INFO] 2025-09-20 05:39:22,144 django.server:213 - "GET /api/aircraft-details/202500005 HTTP/1.1" 200 22567(method=- path=-)
[INFO] 2025-09-20 05:39:25,262 django.server:213 - "POST /api/params/set/ HTTP/1.1" 200 95(method=- path=-)
[INFO] 2025-09-20 05:39:31,508 django.server:213 - "GET /api/customers/ HTTP/1.1" 200 410758(method=- path=-)
[INFO] 2025-09-20 05:39:31,610 django.server:213 - "GET /api/customers/ HTTP/1.1" 200 410758(method=- path=-)
[INFO] 2025-09-20 05:39:34,821 django.server:213 - "GET /booklet_pdf/pdf/?customer_id=201710168 HTTP/1.1" 200 3070(method=- path=-)
[INFO] 2025-09-20 05:39:46,528 django.server:213 - "GET /booklet_pdf/pdf/?customer_id=201710168 HTTP/1.1" 200 3070(method=- path=-)
[INFO] 2025-09-20 05:42:04,078 django.server:213 - "GET /booklet_pdf/pdf/?customer_id=201710168 HTTP/1.1" 200 3069(method=- path=-)
[INFO] 2025-09-20 05:43:17,432 django.server:213 - "GET /booklet_pdf/pdf/?customer_id=201710168 HTTP/1.1" 200 3070(method=- path=-)
[INFO] 2025-09-20 05:43:22,552 django.server:213 - "GET /aircraft/pdf/?customer_id=201710168 HTTP/1.1" 200 17112(method=- path=-)
